test_position,source_row_index,true_crop,feature,change_kind,requested_change,original_feature_value,perturbed_feature_value,clipped_to_training_range,original_predicted_crop,perturbed_predicted_crop,original_top_probability,perturbed_top_probability,original_top_3,perturbed_top_3,top_1_changed,original_top_1_minus_top_2_margin,perturbed_top_1_minus_top_2_margin,absolute_top_probability_change,original_top_1_rank_displacement
0,1609,orange,N,absolute,-10.000000000000,13.000000000000,3.000000000000,False,orange,orange,0.970000000000,0.960000000000,orange|pomegranate|apple,orange|pomegranate|apple,False,0.940000000000,0.920000000000,0.010000000000,0
1,1072,banana,N,absolute,-10.000000000000,98.000000000000,88.000000000000,False,banana,banana,0.930000000000,0.930000000000,banana|papaya|cotton,banana|papaya|cotton,False,0.890000000000,0.890000000000,0.000000000000,0
2,1912,cotton,N,absolute,-10.000000000000,140.000000000000,130.000000000000,False,cotton,cotton,1.000000000000,1.000000000000,cotton|apple|banana,cotton|apple|banana,False,1.000000000000,1.000000000000,0.000000000000,0
3,100,maize,N,absolute,-10.000000000000,71.000000000000,61.000000000000,False,maize,maize,0.990000000000,0.990000000000,maize|mothbeans|apple,maize|mothbeans|apple,False,0.980000000000,0.980000000000,0.000000000000,0
4,1645,orange,N,absolute,-10.000000000000,40.000000000000,30.000000000000,False,orange,orange,0.990000000000,1.000000000000,orange|pomegranate|apple,orange|apple|banana,False,0.980000000000,1.000000000000,0.010000000000,0
5,221,chickpea,N,absolute,-10.000000000000,25.000000000000,15.000000000000,False,chickpea,chickpea,1.000000000000,0.960000000000,chickpea|apple|banana,chickpea|kidneybeans|apple,False,1.000000000000,0.920000000000,0.040000000000,0
6,28,rice,N,absolute,-10.000000000000,60.000000000000,50.000000000000,False,rice,rice,0.990000000000,0.360000000000,rice|jute|apple,rice|papaya|pomegranate,False,0.980000000000,0.010000000000,0.630000000000,0
7,701,blackgram,N,absolute,-10.000000000000,25.000000000000,15.000000000000,False,blackgram,blackgram,0.970000000000,0.730000000000,blackgram|lentil|apple,blackgram|lentil|mothbeans,False,0.940000000000,0.580000000000,0.240000000000,0
8,1097,banana,N,absolute,-10.000000000000,110.000000000000,100.000000000000,False,banana,banana,1.000000000000,1.000000000000,banana|apple|blackgram,banana|apple|blackgram,False,1.000000000000,1.000000000000,0.000000000000,0
9,1638,orange,N,absolute,-10.000000000000,10.000000000000,0.000000000000,False,orange,orange,1.000000000000,1.000000000000,orange|apple|banana,orange|apple|banana,False,1.000000000000,1.000000000000,0.000000000000,0
10,1391,watermelon,N,absolute,-10.000000000000,100.000000000000,90.000000000000,False,watermelon,watermelon,1.000000000000,1.000000000000,watermelon|apple|banana,watermelon|apple|banana,False,1.000000000000,1.000000000000,0.000000000000,0
11,901,pomegranate,N,absolute,-10.000000000000,6.000000000000,0.000000000000,True,pomegranate,pomegranate,1.000000000000,1.000000000000,pomegranate|apple|banana,pomegranate|apple|banana,False,1.000000000000,1.000000000000,0.000000000000,0
12,1386,watermelon,N,absolute,-10.000000000000,92.000000000000,82.000000000000,False,watermelon,watermelon,1.000000000000,1.000000000000,watermelon|apple|banana,watermelon|apple|banana,False,1.000000000000,1.000000000000,0.000000000000,0
13,171,maize,N,absolute,-10.000000000000,62.000000000000,52.000000000000,False,maize,pigeonpeas,1.000000000000,0.330000000000,maize|apple|banana,pigeonpeas|maize|mothbeans,True,1.000000000000,0.090000000000,0.670000000000,1
14,544,mothbeans,N,absolute,-10.000000000000,32.000000000000,22.000000000000,False,mothbeans,mothbeans,0.810000000000,0.840000000000,mothbeans|blackgram|pigeonpeas,mothbeans|blackgram|pigeonpeas,False,0.740000000000,0.790000000000,0.030000000000,0
15,1264,grapes,N,absolute,-10.000000000000,15.000000000000,5.000000000000,False,grapes,grapes,1.000000000000,1.000000000000,grapes|apple|banana,grapes|apple|banana,False,1.000000000000,1.000000000000,0.000000000000,0
16,1220,grapes,N,absolute,-10.000000000000,39.000000000000,29.000000000000,False,grapes,grapes,1.000000000000,1.000000000000,grapes|apple|banana,grapes|apple|banana,False,1.000000000000,1.000000000000,0.000000000000,0
17,1154,mango,N,absolute,-10.000000000000,36.000000000000,26.000000000000,False,mango,mango,1.000000000000,0.990000000000,mango|apple|banana,mango|orange|apple,False,1.000000000000,0.980000000000,0.010000000000,0
18,1131,mango,N,absolute,-10.000000000000,33.000000000000,23.000000000000,False,mango,mango,0.980000000000,0.980000000000,mango|mothbeans|papaya,mango|mothbeans|orange,False,0.970000000000,0.970000000000,0.000000000000,0
19,1514,apple,N,absolute,-10.000000000000,0.000000000000,0.000000000000,True,apple,apple,1.000000000000,1.000000000000,apple|banana|blackgram,apple|banana|blackgram,False,1.000000000000,1.000000000000,0.000000000000,0
20,795,blackgram,N,absolute,-10.000000000000,58.000000000000,48.000000000000,False,blackgram,blackgram,0.990000000000,0.990000000000,blackgram|lentil|apple,blackgram|lentil|apple,False,0.980000000000,0.980000000000,0.000000000000,0
21,1502,apple,N,absolute,-10.000000000000,14.000000000000,4.000000000000,False,apple,apple,1.000000000000,1.000000000000,apple|banana|blackgram,apple|banana|blackgram,False,1.000000000000,1.000000000000,0.000000000000,0
22,585,mothbeans,N,absolute,-10.000000000000,11.000000000000,1.000000000000,False,mothbeans,mothbeans,0.790000000000,0.800000000000,mothbeans|lentil|blackgram,mothbeans|lentil|blackgram,False,0.610000000000,0.630000000000,0.010000000000,0
23,387,kidneybeans,N,absolute,-10.000000000000,13.000000000000,3.000000000000,False,kidneybeans,kidneybeans,0.990000000000,0.990000000000,kidneybeans|pigeonpeas|apple,kidneybeans|pigeonpeas|apple,False,0.980000000000,0.980000000000,0.000000000000,0
24,1591,apple,N,absolute,-10.000000000000,29.000000000000,19.000000000000,False,apple,apple,0.980000000000,0.980000000000,apple|grapes|banana,apple|grapes|banana,False,0.960000000000,0.960000000000,0.000000000000,0
25,2003,jute,N,absolute,-10.000000000000,86.000000000000,76.000000000000,False,jute,jute,0.980000000000,0.990000000000,jute|rice|watermelon,jute|rice|apple,False,0.970000000000,0.980000000000,0.010000000000,0
26,505,mothbeans,N,absolute,-10.000000000000,32.000000000000,22.000000000000,False,mothbeans,mothbeans,0.890000000000,0.910000000000,mothbeans|blackgram|pigeonpeas,mothbeans|pigeonpeas|blackgram,False,0.840000000000,0.870000000000,0.020000000000,0
27,1342,watermelon,N,absolute,-10.000000000000,86.000000000000,76.000000000000,False,watermelon,watermelon,1.000000000000,0.930000000000,watermelon|apple|banana,watermelon|papaya|jute,False,1.000000000000,0.900000000000,0.070000000000,0
28,0,rice,N,absolute,-10.000000000000,90.000000000000,80.000000000000,False,rice,rice,0.900000000000,0.910000000000,rice|jute|apple,rice|jute|apple,False,0.800000000000,0.820000000000,0.010000000000,0
29,2106,coffee,N,absolute,-10.000000000000,109.000000000000,99.000000000000,False,coffee,coffee,1.000000000000,1.000000000000,coffee|apple|banana,coffee|apple|banana,False,1.000000000000,1.000000000000,0.000000000000,0
30,1102,mango,N,absolute,-10.000000000000,21.000000000000,11.000000000000,False,mango,mango,0.920000000000,0.920000000000,mango|coconut|coffee,mango|coconut|coffee,False,0.900000000000,0.900000000000,0.000000000000,0
31,2086,jute,N,absolute,-10.000000000000,72.000000000000,62.000000000000,False,jute,jute,0.930000000000,0.940000000000,jute|rice|banana,jute|rice|banana,False,0.870000000000,0.890000000000,0.010000000000,0
32,1036,banana,N,absolute,-10.000000000000,117.000000000000,107.000000000000,False,banana,banana,1.000000000000,1.000000000000,banana|apple|blackgram,banana|apple|blackgram,False,1.000000000000,1.000000000000,0.000000000000,0
33,2167,coffee,N,absolute,-10.000000000000,89.000000000000,79.000000000000,False,coffee,coffee,1.000000000000,0.960000000000,coffee|apple|banana,coffee|maize|jute,False,1.000000000000,0.940000000000,0.040000000000,0
34,2050,jute,N,absolute,-10.000000000000,75.000000000000,65.000000000000,False,jute,jute,0.990000000000,0.990000000000,jute|rice|apple,jute|rice|apple,False,0.980000000000,0.980000000000,0.000000000000,0
35,737,blackgram,N,absolute,-10.000000000000,57.000000000000,47.000000000000,False,blackgram,blackgram,0.910000000000,0.930000000000,blackgram|maize|lentil,blackgram|maize|lentil,False,0.830000000000,0.870000000000,0.020000000000,0
36,1298,grapes,N,absolute,-10.000000000000,37.000000000000,27.000000000000,False,grapes,grapes,1.000000000000,1.000000000000,grapes|apple|banana,grapes|apple|banana,False,1.000000000000,1.000000000000,0.000000000000,0
37,1200,grapes,N,absolute,-10.000000000000,24.000000000000,14.000000000000,False,grapes,grapes,1.000000000000,1.000000000000,grapes|apple|banana,grapes|apple|banana,False,1.000000000000,1.000000000000,0.000000000000,0
38,731,blackgram,N,absolute,-10.000000000000,25.000000000000,15.000000000000,False,blackgram,blackgram,0.990000000000,0.720000000000,blackgram|mothbeans|apple,blackgram|mothbeans|lentil,False,0.980000000000,0.610000000000,0.270000000000,0
39,2042,jute,N,absolute,-10.000000000000,89.000000000000,79.000000000000,False,jute,jute,0.930000000000,0.940000000000,jute|rice|papaya,jute|rice|papaya,False,0.890000000000,0.910000000000,0.010000000000,0
40,1829,coconut,N,absolute,-10.000000000000,33.000000000000,23.000000000000,False,coconut,coconut,1.000000000000,1.000000000000,coconut|apple|banana,coconut|apple|banana,False,1.000000000000,1.000000000000,0.000000000000,0
41,1716,papaya,N,absolute,-10.000000000000,49.000000000000,39.000000000000,False,papaya,papaya,0.990000000000,0.940000000000,papaya|grapes|apple,papaya|pigeonpeas|grapes,False,0.980000000000,0.920000000000,0.050000000000,0
42,1156,mango,N,absolute,-10.000000000000,26.000000000000,16.000000000000,False,mango,mango,1.000000000000,0.990000000000,mango|apple|banana,mango|orange|apple,False,1.000000000000,0.980000000000,0.010000000000,0
43,185,maize,N,absolute,-10.000000000000,88.000000000000,78.000000000000,False,maize,maize,0.970000000000,0.980000000000,maize|mothbeans|coffee,maize|mothbeans|apple,False,0.950000000000,0.960000000000,0.010000000000,0
44,861,lentil,N,absolute,-10.000000000000,19.000000000000,9.000000000000,False,lentil,lentil,0.980000000000,1.000000000000,lentil|blackgram|apple,lentil|apple|banana,False,0.960000000000,1.000000000000,0.020000000000,0
45,2022,jute,N,absolute,-10.000000000000,84.000000000000,74.000000000000,False,jute,jute,0.940000000000,0.940000000000,jute|rice|watermelon,jute|rice|watermelon,False,0.890000000000,0.890000000000,0.000000000000,0
46,1973,cotton,N,absolute,-10.000000000000,117.000000000000,107.000000000000,False,cotton,cotton,0.960000000000,0.960000000000,cotton|maize|banana,cotton|maize|banana,False,0.940000000000,0.940000000000,0.000000000000,0
47,850,lentil,N,absolute,-10.000000000000,13.000000000000,3.000000000000,False,lentil,lentil,0.900000000000,0.900000000000,lentil|mothbeans|blackgram,lentil|mothbeans|blackgram,False,0.840000000000,0.840000000000,0.000000000000,0
48,203,chickpea,N,absolute,-10.000000000000,22.000000000000,12.000000000000,False,chickpea,chickpea,1.000000000000,0.960000000000,chickpea|apple|banana,chickpea|kidneybeans|apple,False,1.000000000000,0.920000000000,0.040000000000,0
49,696,mungbean,N,absolute,-10.000000000000,4.000000000000,0.000000000000,True,mungbean,mungbean,1.000000000000,0.990000000000,mungbean|apple|banana,mungbean|lentil|apple,False,1.000000000000,0.980000000000,0.010000000000,0
50,1737,papaya,N,absolute,-10.000000000000,65.000000000000,55.000000000000,False,papaya,papaya,0.930000000000,0.990000000000,papaya|rice|apple,papaya|pigeonpeas|apple,False,0.860000000000,0.980000000000,0.060000000000,0
51,961,pomegranate,N,absolute,-10.000000000000,23.000000000000,13.000000000000,False,pomegranate,pomegranate,0.990000000000,0.990000000000,pomegranate|orange|apple,pomegranate|orange|apple,False,0.980000000000,0.980000000000,0.000000000000,0
52,405,pigeonpeas,N,absolute,-10.000000000000,30.000000000000,20.000000000000,False,pigeonpeas,pigeonpeas,0.920000000000,0.950000000000,pigeonpeas|mango|coconut,pigeonpeas|mango|coconut,False,0.850000000000,0.920000000000,0.030000000000,0
53,1392,watermelon,N,absolute,-10.000000000000,83.000000000000,73.000000000000,False,watermelon,watermelon,1.000000000000,0.910000000000,watermelon|apple|banana,watermelon|papaya|jute,False,1.000000000000,0.870000000000,0.090000000000,0
54,1158,mango,N,absolute,-10.000000000000,11.000000000000,1.000000000000,False,mango,mango,0.980000000000,0.980000000000,mango|mothbeans|orange,mango|mothbeans|orange,False,0.970000000000,0.970000000000,0.000000000000,0
55,768,blackgram,N,absolute,-10.000000000000,23.000000000000,13.000000000000,False,blackgram,blackgram,0.680000000000,0.490000000000,blackgram|mothbeans|lentil,blackgram|mothbeans|lentil,False,0.440000000000,0.190000000000,0.190000000000,0
56,1763,papaya,N,absolute,-10.000000000000,70.000000000000,60.000000000000,False,papaya,papaya,0.990000000000,0.980000000000,papaya|banana|apple,papaya|banana|chickpea,False,0.980000000000,0.970000000000,0.010000000000,0
57,1798,papaya,N,absolute,-10.000000000000,56.000000000000,46.000000000000,False,papaya,papaya,1.000000000000,1.000000000000,papaya|apple|banana,papaya|apple|banana,False,1.000000000000,1.000000000000,0.000000000000,0
58,2173,coffee,N,absolute,-10.000000000000,119.000000000000,109.000000000000,False,coffee,coffee,0.980000000000,0.980000000000,coffee|coconut|apple,coffee|coconut|apple,False,0.960000000000,0.960000000000,0.000000000000,0
59,825,lentil,N,absolute,-10.000000000000,18.000000000000,8.000000000000,False,lentil,lentil,0.990000000000,1.000000000000,lentil|blackgram|apple,lentil|apple|banana,False,0.980000000000,1.000000000000,0.010000000000,0
60,813,lentil,N,absolute,-10.000000000000,27.000000000000,17.000000000000,False,lentil,lentil,0.820000000000,0.860000000000,lentil|mothbeans|blackgram,lentil|mothbeans|blackgram,False,0.710000000000,0.740000000000,0.040000000000,0
61,539,mothbeans,N,absolute,-10.000000000000,9.000000000000,0.000000000000,True,mothbeans,mothbeans,0.960000000000,0.960000000000,mothbeans|lentil|pigeonpeas,mothbeans|lentil|pigeonpeas,False,0.930000000000,0.930000000000,0.000000000000,0
62,2157,coffee,N,absolute,-10.000000000000,115.000000000000,105.000000000000,False,coffee,coffee,1.000000000000,1.000000000000,coffee|apple|banana,coffee|apple|banana,False,1.000000000000,1.000000000000,0.000000000000,0
63,1032,banana,N,absolute,-10.000000000000,105.000000000000,95.000000000000,False,banana,banana,0.970000000000,0.950000000000,banana|jute|apple,banana|jute|rice,False,0.940000000000,0.910000000000,0.020000000000,0
64,1707,papaya,N,absolute,-10.000000000000,34.000000000000,24.000000000000,False,papaya,papaya,0.930000000000,0.890000000000,papaya|pomegranate|pigeonpeas,papaya|pomegranate|pigeonpeas,False,0.900000000000,0.840000000000,0.040000000000,0
65,54,rice,N,absolute,-10.000000000000,95.000000000000,85.000000000000,False,rice,rice,0.980000000000,0.990000000000,rice|jute|apple,rice|jute|apple,False,0.960000000000,0.980000000000,0.010000000000,0
66,1630,orange,N,absolute,-10.000000000000,29.000000000000,19.000000000000,False,orange,orange,0.980000000000,0.990000000000,orange|mango|pomegranate,orange|mango|apple,False,0.970000000000,0.980000000000,0.010000000000,0
67,1818,coconut,N,absolute,-10.000000000000,22.000000000000,12.000000000000,False,coconut,coconut,1.000000000000,1.000000000000,coconut|apple|banana,coconut|apple|banana,False,1.000000000000,1.000000000000,0.000000000000,0
69,920,pomegranate,N,absolute,-10.000000000000,9.000000000000,0.000000000000,True,pomegranate,pomegranate,0.970000000000,0.970000000000,pomegranate|orange|apple,pomegranate|orange|apple,False,0.940000000000,0.940000000000,0.000000000000,0
70,1033,banana,N,absolute,-10.000000000000,102.000000000000,92.000000000000,False,banana,banana,1.000000000000,0.990000000000,banana|apple|blackgram,banana|papaya|apple,False,1.000000000000,0.980000000000,0.010000000000,0
71,1458,muskmelon,N,absolute,-10.000000000000,89.000000000000,79.000000000000,False,muskmelon,muskmelon,1.000000000000,0.980000000000,muskmelon|apple|banana,muskmelon|papaya|apple,False,1.000000000000,0.960000000000,0.020000000000,0
72,1369,watermelon,N,absolute,-10.000000000000,113.000000000000,103.000000000000,False,watermelon,watermelon,1.000000000000,1.000000000000,watermelon|apple|banana,watermelon|apple|banana,False,1.000000000000,1.000000000000,0.000000000000,0
73,859,lentil,N,absolute,-10.000000000000,23.000000000000,13.000000000000,False,lentil,lentil,1.000000000000,1.000000000000,lentil|apple|banana,lentil|apple|banana,False,1.000000000000,1.000000000000,0.000000000000,0
75,1854,coconut,N,absolute,-10.000000000000,39.000000000000,29.000000000000,False,coconut,coconut,1.000000000000,1.000000000000,coconut|apple|banana,coconut|apple|banana,False,1.000000000000,1.000000000000,0.000000000000,0
76,575,mothbeans,N,absolute,-10.000000000000,27.000000000000,17.000000000000,False,mothbeans,mothbeans,0.900000000000,0.890000000000,mothbeans|lentil|mungbean,mothbeans|lentil|mungbean,False,0.820000000000,0.800000000000,0.010000000000,0
77,606,mungbean,N,absolute,-10.000000000000,34.000000000000,24.000000000000,False,mungbean,mungbean,0.980000000000,0.980000000000,mungbean|blackgram|apple,mungbean|blackgram|apple,False,0.960000000000,0.960000000000,0.000000000000,0
78,614,mungbean,N,absolute,-10.000000000000,21.000000000000,11.000000000000,False,mungbean,mungbean,0.970000000000,0.970000000000,mungbean|mothbeans|orange,mungbean|mothbeans|orange,False,0.950000000000,0.950000000000,0.000000000000,0
80,2182,coffee,N,absolute,-10.000000000000,103.000000000000,93.000000000000,False,coffee,coffee,0.990000000000,0.990000000000,coffee|coconut|apple,coffee|coconut|apple,False,0.980000000000,0.980000000000,0.000000000000,0
82,1473,muskmelon,N,absolute,-10.000000000000,94.000000000000,84.000000000000,False,muskmelon,muskmelon,1.000000000000,1.000000000000,muskmelon|apple|banana,muskmelon|apple|banana,False,1.000000000000,1.000000000000,0.000000000000,0
83,303,kidneybeans,N,absolute,-10.000000000000,40.000000000000,30.000000000000,False,kidneybeans,kidneybeans,0.950000000000,0.990000000000,kidneybeans|chickpea|pigeonpeas,kidneybeans|pigeonpeas|apple,False,0.910000000000,0.980000000000,0.040000000000,0
85,937,pomegranate,N,absolute,-10.000000000000,36.000000000000,26.000000000000,False,pomegranate,pomegranate,0.910000000000,0.930000000000,pomegranate|papaya|orange,pomegranate|orange|coconut,False,0.870000000000,0.890000000000,0.020000000000,0
86,1697,orange,N,absolute,-10.000000000000,6.000000000000,0.000000000000,True,orange,orange,0.980000000000,0.980000000000,orange|mango|pomegranate,orange|mango|pomegranate,False,0.970000000000,0.970000000000,0.000000000000,0
87,1987,cotton,N,absolute,-10.000000000000,117.000000000000,107.000000000000,False,cotton,cotton,1.000000000000,1.000000000000,cotton|apple|banana,cotton|apple|banana,False,1.000000000000,1.000000000000,0.000000000000,0
88,1851,coconut,N,absolute,-10.000000000000,18.000000000000,8.000000000000,False,coconut,coconut,0.990000000000,0.990000000000,coconut|coffee|apple,coconut|coffee|apple,False,0.980000000000,0.980000000000,0.000000000000,0
91,613,mungbean,N,absolute,-10.000000000000,28.000000000000,18.000000000000,False,mungbean,mungbean,1.000000000000,1.000000000000,mungbean|apple|banana,mungbean|apple|banana,False,1.000000000000,1.000000000000,0.000000000000,0
93,1960,cotton,N,absolute,-10.000000000000,131.000000000000,121.000000000000,False,cotton,cotton,1.000000000000,1.000000000000,cotton|apple|banana,cotton|apple|banana,False,1.000000000000,1.000000000000,0.000000000000,0
95,1225,grapes,N,absolute,-10.000000000000,24.000000000000,14.000000000000,False,grapes,grapes,1.000000000000,1.000000000000,grapes|apple|banana,grapes|apple|banana,False,1.000000000000,1.000000000000,0.000000000000,0
96,1988,cotton,N,absolute,-10.000000000000,126.000000000000,116.000000000000,False,cotton,cotton,1.000000000000,1.000000000000,cotton|apple|banana,cotton|apple|banana,False,1.000000000000,1.000000000000,0.000000000000,0
97,227,chickpea,N,absolute,-10.000000000000,59.000000000000,49.000000000000,False,chickpea,chickpea,0.940000000000,0.960000000000,chickpea|kidneybeans|coffee,chickpea|kidneybeans|rice,False,0.910000000000,0.930000000000,0.020000000000,0
100,1499,muskmelon,N,absolute,-10.000000000000,106.000000000000,96.000000000000,False,muskmelon,muskmelon,1.000000000000,1.000000000000,muskmelon|apple|banana,muskmelon|apple|banana,False,1.000000000000,1.000000000000,0.000000000000,0
101,989,pomegranate,N,absolute,-10.000000000000,3.000000000000,0.000000000000,True,pomegranate,pomegranate,0.990000000000,0.990000000000,pomegranate|orange|apple,pomegranate|orange|apple,False,0.980000000000,0.980000000000,0.000000000000,0
103,497,pigeonpeas,N,absolute,-10.000000000000,20.000000000000,10.000000000000,False,pigeonpeas,pigeonpeas,0.980000000000,0.960000000000,pigeonpeas|blackgram|papaya,pigeonpeas|mothbeans|blackgram,False,0.970000000000,0.940000000000,0.020000000000,0
104,472,pigeonpeas,N,absolute,-10.000000000000,5.000000000000,0.000000000000,True,pigeonpeas,pigeonpeas,0.940000000000,0.930000000000,pigeonpeas|lentil|mothbeans,pigeonpeas|lentil|mothbeans,False,0.900000000000,0.880000000000,0.010000000000,0
106,323,kidneybeans,N,absolute,-10.000000000000,37.000000000000,27.000000000000,False,kidneybeans,kidneybeans,0.990000000000,1.000000000000,kidneybeans|chickpea|apple,kidneybeans|apple|banana,False,0.980000000000,1.000000000000,0.010000000000,0
108,44,rice,N,absolute,-10.000000000000,85.000000000000,75.000000000000,False,rice,rice,0.900000000000,0.910000000000,rice|jute|papaya,rice|jute|papaya,False,0.830000000000,0.860000000000,0.010000000000,0
109,84,rice,N,absolute,-10.000000000000,67.000000000000,57.000000000000,False,rice,rice,1.000000000000,0.430000000000,rice|apple|banana,rice|papaya|coconut,False,1.000000000000,0.200000000000,0.570000000000,0
110,1551,apple,N,absolute,-10.000000000000,20.000000000000,10.000000000000,False,apple,apple,1.000000000000,1.000000000000,apple|banana|blackgram,apple|banana|blackgram,False,1.000000000000,1.000000000000,0.000000000000,0
111,647,mungbean,N,absolute,-10.000000000000,35.000000000000,25.000000000000,False,mungbean,mungbean,1.000000000000,1.000000000000,mungbean|apple|banana,mungbean|apple|banana,False,1.000000000000,1.000000000000,0.000000000000,0
115,1456,muskmelon,N,absolute,-10.000000000000,118.000000000000,108.000000000000,False,muskmelon,muskmelon,1.000000000000,1.000000000000,muskmelon|apple|banana,muskmelon|apple|banana,False,1.000000000000,1.000000000000,0.000000000000,0
121,250,chickpea,N,absolute,-10.000000000000,43.000000000000,33.000000000000,False,chickpea,chickpea,1.000000000000,1.000000000000,chickpea|apple|banana,chickpea|apple|banana,False,1.000000000000,1.000000000000,0.000000000000,0
122,199,maize,N,absolute,-10.000000000000,83.000000000000,73.000000000000,False,maize,maize,0.940000000000,0.950000000000,maize|coffee|blackgram,maize|jute|blackgram,False,0.920000000000,0.930000000000,0.010000000000,0
124,110,maize,N,absolute,-10.000000000000,70.000000000000,60.000000000000,False,maize,maize,0.970000000000,0.970000000000,maize|cotton|mungbean,maize|cotton|mungbean,False,0.960000000000,0.960000000000,0.000000000000,0
128,1859,coconut,N,absolute,-10.000000000000,37.000000000000,27.000000000000,False,coconut,coconut,1.000000000000,1.000000000000,coconut|apple|banana,coconut|apple|banana,False,1.000000000000,1.000000000000,0.000000000000,0
131,226,chickpea,N,absolute,-10.000000000000,36.000000000000,26.000000000000,False,chickpea,chickpea,0.920000000000,0.900000000000,chickpea|kidneybeans|apple,chickpea|kidneybeans|apple,False,0.840000000000,0.800000000000,0.020000000000,0
136,1552,apple,N,absolute,-10.000000000000,28.000000000000,18.000000000000,False,apple,apple,1.000000000000,1.000000000000,apple|banana|blackgram,apple|banana|blackgram,False,1.000000000000,1.000000000000,0.000000000000,0
148,461,pigeonpeas,N,absolute,-10.000000000000,20.000000000000,10.000000000000,False,pigeonpeas,pigeonpeas,0.990000000000,0.990000000000,pigeonpeas|lentil|apple,pigeonpeas|lentil|apple,False,0.980000000000,0.980000000000,0.000000000000,0
156,474,pigeonpeas,N,absolute,-10.000000000000,9.000000000000,0.000000000000,True,pigeonpeas,pigeonpeas,0.970000000000,0.980000000000,pigeonpeas|coffee|kidneybeans,pigeonpeas|coffee|kidneybeans,False,0.960000000000,0.970000000000,0.010000000000,0
157,1419,muskmelon,N,absolute,-10.000000000000,87.000000000000,77.000000000000,False,muskmelon,muskmelon,1.000000000000,0.960000000000,muskmelon|apple|banana,muskmelon|papaya|orange,False,1.000000000000,0.930000000000,0.040000000000,0
164,305,kidneybeans,N,absolute,-10.000000000000,26.000000000000,16.000000000000,False,kidneybeans,kidneybeans,0.990000000000,0.990000000000,kidneybeans|pigeonpeas|apple,kidneybeans|pigeonpeas|apple,False,0.980000000000,0.980000000000,0.000000000000,0
189,361,kidneybeans,N,absolute,-10.000000000000,24.000000000000,14.000000000000,False,kidneybeans,kidneybeans,1.000000000000,1.000000000000,kidneybeans|apple|banana,kidneybeans|apple|banana,False,1.000000000000,1.000000000000,0.000000000000,0
0,1609,orange,N,absolute,-5.000000000000,13.000000000000,8.000000000000,False,orange,orange,0.970000000000,0.970000000000,orange|pomegranate|apple,orange|pomegranate|apple,False,0.940000000000,0.940000000000,0.000000000000,0
1,1072,banana,N,absolute,-5.000000000000,98.000000000000,93.000000000000,False,banana,banana,0.930000000000,0.930000000000,banana|papaya|cotton,banana|papaya|cotton,False,0.890000000000,0.890000000000,0.000000000000,0
2,1912,cotton,N,absolute,-5.000000000000,140.000000000000,135.000000000000,False,cotton,cotton,1.000000000000,1.000000000000,cotton|apple|banana,cotton|apple|banana,False,1.000000000000,1.000000000000,0.000000000000,0
3,100,maize,N,absolute,-5.000000000000,71.000000000000,66.000000000000,False,maize,maize,0.990000000000,0.990000000000,maize|mothbeans|apple,maize|mothbeans|apple,False,0.980000000000,0.980000000000,0.000000000000,0
4,1645,orange,N,absolute,-5.000000000000,40.000000000000,35.000000000000,False,orange,orange,0.990000000000,1.000000000000,orange|pomegranate|apple,orange|apple|banana,False,0.980000000000,1.000000000000,0.010000000000,0
5,221,chickpea,N,absolute,-5.000000000000,25.000000000000,20.000000000000,False,chickpea,chickpea,1.000000000000,0.980000000000,chickpea|apple|banana,chickpea|kidneybeans|apple,False,1.000000000000,0.960000000000,0.020000000000,0
6,28,rice,N,absolute,-5.000000000000,60.000000000000,55.000000000000,False,rice,rice,0.990000000000,0.420000000000,rice|jute|apple,rice|papaya|pomegranate,False,0.980000000000,0.070000000000,0.570000000000,0
7,701,blackgram,N,absolute,-5.000000000000,25.000000000000,20.000000000000,False,blackgram,blackgram,0.970000000000,0.970000000000,blackgram|lentil|apple,blackgram|lentil|apple,False,0.940000000000,0.940000000000,0.000000000000,0
8,1097,banana,N,absolute,-5.000000000000,110.000000000000,105.000000000000,False,banana,banana,1.000000000000,1.000000000000,banana|apple|blackgram,banana|apple|blackgram,False,1.000000000000,1.000000000000,0.000000000000,0
9,1638,orange,N,absolute,-5.000000000000,10.000000000000,5.000000000000,False,orange,orange,1.000000000000,1.000000000000,orange|apple|banana,orange|apple|banana,False,1.000000000000,1.000000000000,0.000000000000,0
10,1391,watermelon,N,absolute,-5.000000000000,100.000000000000,95.000000000000,False,watermelon,watermelon,1.000000000000,1.000000000000,watermelon|apple|banana,watermelon|apple|banana,False,1.000000000000,1.000000000000,0.000000000000,0
11,901,pomegranate,N,absolute,-5.000000000000,6.000000000000,1.000000000000,False,pomegranate,pomegranate,1.000000000000,1.000000000000,pomegranate|apple|banana,pomegranate|apple|banana,False,1.000000000000,1.000000000000,0.000000000000,0
12,1386,watermelon,N,absolute,-5.000000000000,92.000000000000,87.000000000000,False,watermelon,watermelon,1.000000000000,1.000000000000,watermelon|apple|banana,watermelon|apple|banana,False,1.000000000000,1.000000000000,0.000000000000,0
13,171,maize,N,absolute,-5.000000000000,62.000000000000,57.000000000000,False,maize,pigeonpeas,1.000000000000,0.310000000000,maize|apple|banana,pigeonpeas|maize|mothbeans,True,1.000000000000,0.020000000000,0.690000000000,1
14,544,mothbeans,N,absolute,-5.000000000000,32.000000000000,27.000000000000,False,mothbeans,mothbeans,0.810000000000,0.820000000000,mothbeans|blackgram|pigeonpeas,mothbeans|blackgram|pigeonpeas,False,0.740000000000,0.750000000000,0.010000000000,0
15,1264,grapes,N,absolute,-5.000000000000,15.000000000000,10.000000000000,False,grapes,grapes,1.000000000000,1.000000000000,grapes|apple|banana,grapes|apple|banana,False,1.000000000000,1.000000000000,0.000000000000,0
16,1220,grapes,N,absolute,-5.000000000000,39.000000000000,34.000000000000,False,grapes,grapes,1.000000000000,1.000000000000,grapes|apple|banana,grapes|apple|banana,False,1.000000000000,1.000000000000,0.000000000000,0
17,1154,mango,N,absolute,-5.000000000000,36.000000000000,31.000000000000,False,mango,mango,1.000000000000,1.000000000000,mango|apple|banana,mango|apple|banana,False,1.000000000000,1.000000000000,0.000000000000,0
18,1131,mango,N,absolute,-5.000000000000,33.000000000000,28.000000000000,False,mango,mango,0.980000000000,0.990000000000,mango|mothbeans|papaya,mango|mothbeans|apple,False,0.970000000000,0.980000000000,0.010000000000,0
19,1514,apple,N,absolute,-5.000000000000,0.000000000000,0.000000000000,True,apple,apple,1.000000000000,1.000000000000,apple|banana|blackgram,apple|banana|blackgram,False,1.000000000000,1.000000000000,0.000000000000,0
20,795,blackgram,N,absolute,-5.000000000000,58.000000000000,53.000000000000,False,blackgram,blackgram,0.990000000000,0.990000000000,blackgram|lentil|apple,blackgram|lentil|apple,False,0.980000000000,0.980000000000,0.000000000000,0
21,1502,apple,N,absolute,-5.000000000000,14.000000000000,9.000000000000,False,apple,apple,1.000000000000,1.000000000000,apple|banana|blackgram,apple|banana|blackgram,False,1.000000000000,1.000000000000,0.000000000000,0
22,585,mothbeans,N,absolute,-5.000000000000,11.000000000000,6.000000000000,False,mothbeans,mothbeans,0.790000000000,0.790000000000,mothbeans|lentil|blackgram,mothbeans|lentil|blackgram,False,0.610000000000,0.610000000000,0.000000000000,0
23,387,kidneybeans,N,absolute,-5.000000000000,13.000000000000,8.000000000000,False,kidneybeans,kidneybeans,0.990000000000,0.990000000000,kidneybeans|pigeonpeas|apple,kidneybeans|pigeonpeas|apple,False,0.980000000000,0.980000000000,0.000000000000,0
24,1591,apple,N,absolute,-5.000000000000,29.000000000000,24.000000000000,False,apple,apple,0.980000000000,0.980000000000,apple|grapes|banana,apple|grapes|banana,False,0.960000000000,0.960000000000,0.000000000000,0
25,2003,jute,N,absolute,-5.000000000000,86.000000000000,81.000000000000,False,jute,jute,0.980000000000,0.980000000000,jute|rice|watermelon,jute|rice|watermelon,False,0.970000000000,0.970000000000,0.000000000000,0
26,505,mothbeans,N,absolute,-5.000000000000,32.000000000000,27.000000000000,False,mothbeans,mothbeans,0.890000000000,0.900000000000,mothbeans|blackgram|pigeonpeas,mothbeans|blackgram|pigeonpeas,False,0.840000000000,0.860000000000,0.010000000000,0
27,1342,watermelon,N,absolute,-5.000000000000,86.000000000000,81.000000000000,False,watermelon,watermelon,1.000000000000,1.000000000000,watermelon|apple|banana,watermelon|apple|banana,False,1.000000000000,1.000000000000,0.000000000000,0
28,0,rice,N,absolute,-5.000000000000,90.000000000000,85.000000000000,False,rice,rice,0.900000000000,0.910000000000,rice|jute|apple,rice|jute|apple,False,0.800000000000,0.820000000000,0.010000000000,0
29,2106,coffee,N,absolute,-5.000000000000,109.000000000000,104.000000000000,False,coffee,coffee,1.000000000000,1.000000000000,coffee|apple|banana,coffee|apple|banana,False,1.000000000000,1.000000000000,0.000000000000,0
30,1102,mango,N,absolute,-5.000000000000,21.000000000000,16.000000000000,False,mango,mango,0.920000000000,0.920000000000,mango|coconut|coffee,mango|coconut|coffee,False,0.900000000000,0.900000000000,0.000000000000,0
31,2086,jute,N,absolute,-5.000000000000,72.000000000000,67.000000000000,False,jute,jute,0.930000000000,0.940000000000,jute|rice|banana,jute|rice|banana,False,0.870000000000,0.890000000000,0.010000000000,0
32,1036,banana,N,absolute,-5.000000000000,117.000000000000,112.000000000000,False,banana,banana,1.000000000000,1.000000000000,banana|apple|blackgram,banana|apple|blackgram,False,1.000000000000,1.000000000000,0.000000000000,0
33,2167,coffee,N,absolute,-5.000000000000,89.000000000000,84.000000000000,False,coffee,coffee,1.000000000000,1.000000000000,coffee|apple|banana,coffee|apple|banana,False,1.000000000000,1.000000000000,0.000000000000,0
34,2050,jute,N,absolute,-5.000000000000,75.000000000000,70.000000000000,False,jute,jute,0.990000000000,0.990000000000,jute|rice|apple,jute|rice|apple,False,0.980000000000,0.980000000000,0.000000000000,0
35,737,blackgram,N,absolute,-5.000000000000,57.000000000000,52.000000000000,False,blackgram,blackgram,0.910000000000,0.930000000000,blackgram|maize|lentil,blackgram|maize|lentil,False,0.830000000000,0.870000000000,0.020000000000,0
36,1298,grapes,N,absolute,-5.000000000000,37.000000000000,32.000000000000,False,grapes,grapes,1.000000000000,1.000000000000,grapes|apple|banana,grapes|apple|banana,False,1.000000000000,1.000000000000,0.000000000000,0
37,1200,grapes,N,absolute,-5.000000000000,24.000000000000,19.000000000000,False,grapes,grapes,1.000000000000,1.000000000000,grapes|apple|banana,grapes|apple|banana,False,1.000000000000,1.000000000000,0.000000000000,0
38,731,blackgram,N,absolute,-5.000000000000,25.000000000000,20.000000000000,False,blackgram,blackgram,0.990000000000,0.990000000000,blackgram|mothbeans|apple,blackgram|mothbeans|apple,False,0.980000000000,0.980000000000,0.000000000000,0
39,2042,jute,N,absolute,-5.000000000000,89.000000000000,84.000000000000,False,jute,jute,0.930000000000,0.930000000000,jute|rice|papaya,jute|rice|papaya,False,0.890000000000,0.890000000000,0.000000000000,0
40,1829,coconut,N,absolute,-5.000000000000,33.000000000000,28.000000000000,False,coconut,coconut,1.000000000000,1.000000000000,coconut|apple|banana,coconut|apple|banana,False,1.000000000000,1.000000000000,0.000000000000,0
41,1716,papaya,N,absolute,-5.000000000000,49.000000000000,44.000000000000,False,papaya,papaya,0.990000000000,0.990000000000,papaya|grapes|apple,papaya|grapes|apple,False,0.980000000000,0.980000000000,0.000000000000,0
42,1156,mango,N,absolute,-5.000000000000,26.000000000000,21.000000000000,False,mango,mango,1.000000000000,0.990000000000,mango|apple|banana,mango|orange|apple,False,1.000000000000,0.980000000000,0.010000000000,0
43,185,maize,N,absolute,-5.000000000000,88.000000000000,83.000000000000,False,maize,maize,0.970000000000,0.970000000000,maize|mothbeans|coffee,maize|mothbeans|coffee,False,0.950000000000,0.950000000000,0.000000000000,0
44,861,lentil,N,absolute,-5.000000000000,19.000000000000,14.000000000000,False,lentil,lentil,0.980000000000,1.000000000000,lentil|blackgram|apple,lentil|apple|banana,False,0.960000000000,1.000000000000,0.020000000000,0
45,2022,jute,N,absolute,-5.000000000000,84.000000000000,79.000000000000,False,jute,jute,0.940000000000,0.940000000000,jute|rice|watermelon,jute|rice|watermelon,False,0.890000000000,0.890000000000,0.000000000000,0
46,1973,cotton,N,absolute,-5.000000000000,117.000000000000,112.000000000000,False,cotton,cotton,0.960000000000,0.960000000000,cotton|maize|banana,cotton|maize|banana,False,0.940000000000,0.940000000000,0.000000000000,0
47,850,lentil,N,absolute,-5.000000000000,13.000000000000,8.000000000000,False,lentil,lentil,0.900000000000,0.900000000000,lentil|mothbeans|blackgram,lentil|mothbeans|blackgram,False,0.840000000000,0.840000000000,0.000000000000,0
48,203,chickpea,N,absolute,-5.000000000000,22.000000000000,17.000000000000,False,chickpea,chickpea,1.000000000000,0.960000000000,chickpea|apple|banana,chickpea|kidneybeans|apple,False,1.000000000000,0.920000000000,0.040000000000,0
49,696,mungbean,N,absolute,-5.000000000000,4.000000000000,0.000000000000,True,mungbean,mungbean,1.000000000000,0.990000000000,mungbean|apple|banana,mungbean|lentil|apple,False,1.000000000000,0.980000000000,0.010000000000,0
50,1737,papaya,N,absolute,-5.000000000000,65.000000000000,60.000000000000,False,papaya,papaya,0.930000000000,0.930000000000,papaya|rice|apple,papaya|rice|chickpea,False,0.860000000000,0.870000000000,0.000000000000,0
51,961,pomegranate,N,absolute,-5.000000000000,23.000000000000,18.000000000000,False,pomegranate,pomegranate,0.990000000000,0.990000000000,pomegranate|orange|apple,pomegranate|orange|apple,False,0.980000000000,0.980000000000,0.000000000000,0
52,405,pigeonpeas,N,absolute,-5.000000000000,30.000000000000,25.000000000000,False,pigeonpeas,pigeonpeas,0.920000000000,0.950000000000,pigeonpeas|mango|coconut,pigeonpeas|mango|coconut,False,0.850000000000,0.910000000000,0.030000000000,0
53,1392,watermelon,N,absolute,-5.000000000000,83.000000000000,78.000000000000,False,watermelon,watermelon,1.000000000000,0.970000000000,watermelon|apple|banana,watermelon|jute|mungbean,False,1.000000000000,0.960000000000,0.030000000000,0
54,1158,mango,N,absolute,-5.000000000000,11.000000000000,6.000000000000,False,mango,mango,0.980000000000,0.980000000000,mango|mothbeans|orange,mango|mothbeans|orange,False,0.970000000000,0.970000000000,0.000000000000,0
55,768,blackgram,N,absolute,-5.000000000000,23.000000000000,18.000000000000,False,blackgram,blackgram,0.680000000000,0.510000000000,blackgram|mothbeans|lentil,blackgram|mothbeans|lentil,False,0.440000000000,0.220000000000,0.170000000000,0
56,1763,papaya,N,absolute,-5.000000000000,70.000000000000,65.000000000000,False,papaya,papaya,0.990000000000,0.990000000000,papaya|banana|apple,papaya|banana|apple,False,0.980000000000,0.980000000000,0.000000000000,0
57,1798,papaya,N,absolute,-5.000000000000,56.000000000000,51.000000000000,False,papaya,papaya,1.000000000000,1.000000000000,papaya|apple|banana,papaya|apple|banana,False,1.000000000000,1.000000000000,0.000000000000,0
58,2173,coffee,N,absolute,-5.000000000000,119.000000000000,114.000000000000,False,coffee,coffee,0.980000000000,0.980000000000,coffee|coconut|apple,coffee|coconut|apple,False,0.960000000000,0.960000000000,0.000000000000,0
59,825,lentil,N,absolute,-5.000000000000,18.000000000000,13.000000000000,False,lentil,lentil,0.990000000000,1.000000000000,lentil|blackgram|apple,lentil|apple|banana,False,0.980000000000,1.000000000000,0.010000000000,0
60,813,lentil,N,absolute,-5.000000000000,27.000000000000,22.000000000000,False,lentil,lentil,0.820000000000,0.830000000000,lentil|mothbeans|blackgram,lentil|mothbeans|blackgram,False,0.710000000000,0.720000000000,0.010000000000,0
61,539,mothbeans,N,absolute,-5.000000000000,9.000000000000,4.000000000000,False,mothbeans,mothbeans,0.960000000000,0.960000000000,mothbeans|lentil|pigeonpeas,mothbeans|lentil|pigeonpeas,False,0.930000000000,0.930000000000,0.000000000000,0
62,2157,coffee,N,absolute,-5.000000000000,115.000000000000,110.000000000000,False,coffee,coffee,1.000000000000,1.000000000000,coffee|apple|banana,coffee|apple|banana,False,1.000000000000,1.000000000000,0.000000000000,0
63,1032,banana,N,absolute,-5.000000000000,105.000000000000,100.000000000000,False,banana,banana,0.970000000000,0.970000000000,banana|jute|apple,banana|jute|apple,False,0.940000000000,0.940000000000,0.000000000000,0
64,1707,papaya,N,absolute,-5.000000000000,34.000000000000,29.000000000000,False,papaya,papaya,0.930000000000,0.900000000000,papaya|pomegranate|pigeonpeas,papaya|pomegranate|pigeonpeas,False,0.900000000000,0.850000000000,0.030000000000,0
65,54,rice,N,absolute,-5.000000000000,95.000000000000,90.000000000000,False,rice,rice,0.980000000000,0.980000000000,rice|jute|apple,rice|jute|apple,False,0.960000000000,0.960000000000,0.000000000000,0
66,1630,orange,N,absolute,-5.000000000000,29.000000000000,24.000000000000,False,orange,orange,0.980000000000,0.990000000000,orange|mango|pomegranate,orange|mango|apple,False,0.970000000000,0.980000000000,0.010000000000,0
67,1818,coconut,N,absolute,-5.000000000000,22.000000000000,17.000000000000,False,coconut,coconut,1.000000000000,1.000000000000,coconut|apple|banana,coconut|apple|banana,False,1.000000000000,1.000000000000,0.000000000000,0
69,920,pomegranate,N,absolute,-5.000000000000,9.000000000000,4.000000000000,False,pomegranate,pomegranate,0.970000000000,0.970000000000,pomegranate|orange|apple,pomegranate|orange|apple,False,0.940000000000,0.940000000000,0.000000000000,0
70,1033,banana,N,absolute,-5.000000000000,102.000000000000,97.000000000000,False,banana,banana,1.000000000000,0.990000000000,banana|apple|blackgram,banana|papaya|apple,False,1.000000000000,0.980000000000,0.010000000000,0
71,1458,muskmelon,N,absolute,-5.000000000000,89.000000000000,84.000000000000,False,muskmelon,muskmelon,1.000000000000,1.000000000000,muskmelon|apple|banana,muskmelon|apple|banana,False,1.000000000000,1.000000000000,0.000000000000,0
72,1369,watermelon,N,absolute,-5.000000000000,113.000000000000,108.000000000000,False,watermelon,watermelon,1.000000000000,1.000000000000,watermelon|apple|banana,watermelon|apple|banana,False,1.000000000000,1.000000000000,0.000000000000,0
73,859,lentil,N,absolute,-5.000000000000,23.000000000000,18.000000000000,False,lentil,lentil,1.000000000000,1.000000000000,lentil|apple|banana,lentil|apple|banana,False,1.000000000000,1.000000000000,0.000000000000,0
75,1854,coconut,N,absolute,-5.000000000000,39.000000000000,34.000000000000,False,coconut,coconut,1.000000000000,1.000000000000,coconut|apple|banana,coconut|apple|banana,False,1.000000000000,1.000000000000,0.000000000000,0
76,575,mothbeans,N,absolute,-5.000000000000,27.000000000000,22.000000000000,False,mothbeans,mothbeans,0.900000000000,0.900000000000,mothbeans|lentil|mungbean,mothbeans|lentil|mungbean,False,0.820000000000,0.820000000000,0.000000000000,0
77,606,mungbean,N,absolute,-5.000000000000,34.000000000000,29.000000000000,False,mungbean,mungbean,0.980000000000,0.980000000000,mungbean|blackgram|apple,mungbean|blackgram|apple,False,0.960000000000,0.960000000000,0.000000000000,0
78,614,mungbean,N,absolute,-5.000000000000,21.000000000000,16.000000000000,False,mungbean,mungbean,0.970000000000,0.970000000000,mungbean|mothbeans|orange,mungbean|mothbeans|orange,False,0.950000000000,0.950000000000,0.000000000000,0
80,2182,coffee,N,absolute,-5.000000000000,103.000000000000,98.000000000000,False,coffee,coffee,0.990000000000,0.990000000000,coffee|coconut|apple,coffee|coconut|apple,False,0.980000000000,0.980000000000,0.000000000000,0
82,1473,muskmelon,N,absolute,-5.000000000000,94.000000000000,89.000000000000,False,muskmelon,muskmelon,1.000000000000,1.000000000000,muskmelon|apple|banana,muskmelon|apple|banana,False,1.000000000000,1.000000000000,0.000000000000,0
83,303,kidneybeans,N,absolute,-5.000000000000,40.000000000000,35.000000000000,False,kidneybeans,kidneybeans,0.950000000000,0.990000000000,kidneybeans|chickpea|pigeonpeas,kidneybeans|pigeonpeas|apple,False,0.910000000000,0.980000000000,0.040000000000,0
85,937,pomegranate,N,absolute,-5.000000000000,36.000000000000,31.000000000000,False,pomegranate,pomegranate,0.910000000000,0.920000000000,pomegranate|papaya|orange,pomegranate|orange|papaya,False,0.870000000000,0.890000000000,0.010000000000,0
86,1697,orange,N,absolute,-5.000000000000,6.000000000000,1.000000000000,False,orange,orange,0.980000000000,0.980000000000,orange|mango|pomegranate,orange|mango|pomegranate,False,0.970000000000,0.970000000000,0.000000000000,0
87,1987,cotton,N,absolute,-5.000000000000,117.000000000000,112.000000000000,False,cotton,cotton,1.000000000000,1.000000000000,cotton|apple|banana,cotton|apple|banana,False,1.000000000000,1.000000000000,0.000000000000,0
88,1851,coconut,N,absolute,-5.000000000000,18.000000000000,13.000000000000,False,coconut,coconut,0.990000000000,0.990000000000,coconut|coffee|apple,coconut|coffee|apple,False,0.980000000000,0.980000000000,0.000000000000,0
91,613,mungbean,N,absolute,-5.000000000000,28.000000000000,23.000000000000,False,mungbean,mungbean,1.000000000000,1.000000000000,mungbean|apple|banana,mungbean|apple|banana,False,1.000000000000,1.000000000000,0.000000000000,0
93,1960,cotton,N,absolute,-5.000000000000,131.000000000000,126.000000000000,False,cotton,cotton,1.000000000000,1.000000000000,cotton|apple|banana,cotton|apple|banana,False,1.000000000000,1.000000000000,0.000000000000,0
95,1225,grapes,N,absolute,-5.000000000000,24.000000000000,19.000000000000,False,grapes,grapes,1.000000000000,1.000000000000,grapes|apple|banana,grapes|apple|banana,False,1.000000000000,1.000000000000,0.000000000000,0
96,1988,cotton,N,absolute,-5.000000000000,126.000000000000,121.000000000000,False,cotton,cotton,1.000000000000,1.000000000000,cotton|apple|banana,cotton|apple|banana,False,1.000000000000,1.000000000000,0.000000000000,0
97,227,chickpea,N,absolute,-5.000000000000,59.000000000000,54.000000000000,False,chickpea,chickpea,0.940000000000,0.960000000000,chickpea|kidneybeans|coffee,chickpea|kidneybeans|rice,False,0.910000000000,0.930000000000,0.020000000000,0
100,1499,muskmelon,N,absolute,-5.000000000000,106.000000000000,101.000000000000,False,muskmelon,muskmelon,1.000000000000,1.000000000000,muskmelon|apple|banana,muskmelon|apple|banana,False,1.000000000000,1.000000000000,0.000000000000,0
101,989,pomegranate,N,absolute,-5.000000000000,3.000000000000,0.000000000000,True,pomegranate,pomegranate,0.990000000000,0.990000000000,pomegranate|orange|apple,pomegranate|orange|apple,False,0.980000000000,0.980000000000,0.000000000000,0
103,497,pigeonpeas,N,absolute,-5.000000000000,20.000000000000,15.000000000000,False,pigeonpeas,pigeonpeas,0.980000000000,0.970000000000,pigeonpeas|blackgram|papaya,pigeonpeas|blackgram|mothbeans,False,0.970000000000,0.960000000000,0.010000000000,0
104,472,pigeonpeas,N,absolute,-5.000000000000,5.000000000000,0.000000000000,False,pigeonpeas,pigeonpeas,0.940000000000,0.930000000000,pigeonpeas|lentil|mothbeans,pigeonpeas|lentil|mothbeans,False,0.900000000000,0.880000000000,0.010000000000,0
106,323,kidneybeans,N,absolute,-5.000000000000,37.000000000000,32.000000000000,False,kidneybeans,kidneybeans,0.990000000000,0.990000000000,kidneybeans|chickpea|apple,kidneybeans|chickpea|apple,False,0.980000000000,0.980000000000,0.000000000000,0
108,44,rice,N,absolute,-5.000000000000,85.000000000000,80.000000000000,False,rice,rice,0.900000000000,0.900000000000,rice|jute|papaya,rice|jute|papaya,False,0.830000000000,0.830000000000,0.000000000000,0
109,84,rice,N,absolute,-5.000000000000,67.000000000000,62.000000000000,False,rice,rice,1.000000000000,0.990000000000,rice|apple|banana,rice|jute|apple,False,1.000000000000,0.980000000000,0.010000000000,0
110,1551,apple,N,absolute,-5.000000000000,20.000000000000,15.000000000000,False,apple,apple,1.000000000000,1.000000000000,apple|banana|blackgram,apple|banana|blackgram,False,1.000000000000,1.000000000000,0.000000000000,0
111,647,mungbean,N,absolute,-5.000000000000,35.000000000000,30.000000000000,False,mungbean,mungbean,1.000000000000,1.000000000000,mungbean|apple|banana,mungbean|apple|banana,False,1.000000000000,1.000000000000,0.000000000000,0
115,1456,muskmelon,N,absolute,-5.000000000000,118.000000000000,113.000000000000,False,muskmelon,muskmelon,1.000000000000,1.000000000000,muskmelon|apple|banana,muskmelon|apple|banana,False,1.000000000000,1.000000000000,0.000000000000,0
121,250,chickpea,N,absolute,-5.000000000000,43.000000000000,38.000000000000,False,chickpea,chickpea,1.000000000000,1.000000000000,chickpea|apple|banana,chickpea|apple|banana,False,1.000000000000,1.000000000000,0.000000000000,0
122,199,maize,N,absolute,-5.000000000000,83.000000000000,78.000000000000,False,maize,maize,0.940000000000,0.950000000000,maize|coffee|blackgram,maize|jute|blackgram,False,0.920000000000,0.930000000000,0.010000000000,0
124,110,maize,N,absolute,-5.000000000000,70.000000000000,65.000000000000,False,maize,maize,0.970000000000,0.970000000000,maize|cotton|mungbean,maize|cotton|mungbean,False,0.960000000000,0.960000000000,0.000000000000,0
128,1859,coconut,N,absolute,-5.000000000000,37.000000000000,32.000000000000,False,coconut,coconut,1.000000000000,1.000000000000,coconut|apple|banana,coconut|apple|banana,False,1.000000000000,1.000000000000,0.000000000000,0
131,226,chickpea,N,absolute,-5.000000000000,36.000000000000,31.000000000000,False,chickpea,chickpea,0.920000000000,0.920000000000,chickpea|kidneybeans|apple,chickpea|kidneybeans|apple,False,0.840000000000,0.840000000000,0.000000000000,0
136,1552,apple,N,absolute,-5.000000000000,28.000000000000,23.000000000000,False,apple,apple,1.000000000000,1.000000000000,apple|banana|blackgram,apple|banana|blackgram,False,1.000000000000,1.000000000000,0.000000000000,0
148,461,pigeonpeas,N,absolute,-5.000000000000,20.000000000000,15.000000000000,False,pigeonpeas,pigeonpeas,0.990000000000,0.990000000000,pigeonpeas|lentil|apple,pigeonpeas|lentil|apple,False,0.980000000000,0.980000000000,0.000000000000,0
156,474,pigeonpeas,N,absolute,-5.000000000000,9.000000000000,4.000000000000,False,pigeonpeas,pigeonpeas,0.970000000000,0.980000000000,pigeonpeas|coffee|kidneybeans,pigeonpeas|coffee|kidneybeans,False,0.960000000000,0.970000000000,0.010000000000,0
157,1419,muskmelon,N,absolute,-5.000000000000,87.000000000000,82.000000000000,False,muskmelon,muskmelon,1.000000000000,1.000000000000,muskmelon|apple|banana,muskmelon|apple|banana,False,1.000000000000,1.000000000000,0.000000000000,0
164,305,kidneybeans,N,absolute,-5.000000000000,26.000000000000,21.000000000000,False,kidneybeans,kidneybeans,0.990000000000,0.990000000000,kidneybeans|pigeonpeas|apple,kidneybeans|pigeonpeas|apple,False,0.980000000000,0.980000000000,0.000000000000,0
189,361,kidneybeans,N,absolute,-5.000000000000,24.000000000000,19.000000000000,False,kidneybeans,kidneybeans,1.000000000000,0.990000000000,kidneybeans|apple|banana,kidneybeans|pigeonpeas|apple,False,1.000000000000,0.980000000000,0.010000000000,0
0,1609,orange,N,absolute,0.000000000000,13.000000000000,13.000000000000,False,orange,orange,0.970000000000,0.970000000000,orange|pomegranate|apple,orange|pomegranate|apple,False,0.940000000000,0.940000000000,0.000000000000,0
1,1072,banana,N,absolute,0.000000000000,98.000000000000,98.000000000000,False,banana,banana,0.930000000000,0.930000000000,banana|papaya|cotton,banana|papaya|cotton,False,0.890000000000,0.890000000000,0.000000000000,0
2,1912,cotton,N,absolute,0.000000000000,140.000000000000,140.000000000000,False,cotton,cotton,1.000000000000,1.000000000000,cotton|apple|banana,cotton|apple|banana,False,1.000000000000,1.000000000000,0.000000000000,0
3,100,maize,N,absolute,0.000000000000,71.000000000000,71.000000000000,False,maize,maize,0.990000000000,0.990000000000,maize|mothbeans|apple,maize|mothbeans|apple,False,0.980000000000,0.980000000000,0.000000000000,0
4,1645,orange,N,absolute,0.000000000000,40.000000000000,40.000000000000,False,orange,orange,0.990000000000,0.990000000000,orange|pomegranate|apple,orange|pomegranate|apple,False,0.980000000000,0.980000000000,0.000000000000,0
5,221,chickpea,N,absolute,0.000000000000,25.000000000000,25.000000000000,False,chickpea,chickpea,1.000000000000,1.000000000000,chickpea|apple|banana,chickpea|apple|banana,False,1.000000000000,1.000000000000,0.000000000000,0
6,28,rice,N,absolute,0.000000000000,60.000000000000,60.000000000000,False,rice,rice,0.990000000000,0.990000000000,rice|jute|apple,rice|jute|apple,False,0.980000000000,0.980000000000,0.000000000000,0
7,701,blackgram,N,absolute,0.000000000000,25.000000000000,25.000000000000,False,blackgram,blackgram,0.970000000000,0.970000000000,blackgram|lentil|apple,blackgram|lentil|apple,False,0.940000000000,0.940000000000,0.000000000000,0
8,1097,banana,N,absolute,0.000000000000,110.000000000000,110.000000000000,False,banana,banana,1.000000000000,1.000000000000,banana|apple|blackgram,banana|apple|blackgram,False,1.000000000000,1.000000000000,0.000000000000,0
9,1638,orange,N,absolute,0.000000000000,10.000000000000,10.000000000000,False,orange,orange,1.000000000000,1.000000000000,orange|apple|banana,orange|apple|banana,False,1.000000000000,1.000000000000,0.000000000000,0
10,1391,watermelon,N,absolute,0.000000000000,100.000000000000,100.000000000000,False,watermelon,watermelon,1.000000000000,1.000000000000,watermelon|apple|banana,watermelon|apple|banana,False,1.000000000000,1.000000000000,0.000000000000,0
11,901,pomegranate,N,absolute,0.000000000000,6.000000000000,6.000000000000,False,pomegranate,pomegranate,1.000000000000,1.000000000000,pomegranate|apple|banana,pomegranate|apple|banana,False,1.000000000000,1.000000000000,0.000000000000,0
12,1386,watermelon,N,absolute,0.000000000000,92.000000000000,92.000000000000,False,watermelon,watermelon,1.000000000000,1.000000000000,watermelon|apple|banana,watermelon|apple|banana,False,1.000000000000,1.000000000000,0.000000000000,0
13,171,maize,N,absolute,0.000000000000,62.000000000000,62.000000000000,False,maize,maize,1.000000000000,1.000000000000,maize|apple|banana,maize|apple|banana,False,1.000000000000,1.000000000000,0.000000000000,0
14,544,mothbeans,N,absolute,0.000000000000,32.000000000000,32.000000000000,False,mothbeans,mothbeans,0.810000000000,0.810000000000,mothbeans|blackgram|pigeonpeas,mothbeans|blackgram|pigeonpeas,False,0.740000000000,0.740000000000,0.000000000000,0
15,1264,grapes,N,absolute,0.000000000000,15.000000000000,15.000000000000,False,grapes,grapes,1.000000000000,1.000000000000,grapes|apple|banana,grapes|apple|banana,False,1.000000000000,1.000000000000,0.000000000000,0
16,1220,grapes,N,absolute,0.000000000000,39.000000000000,39.000000000000,False,grapes,grapes,1.000000000000,1.000000000000,grapes|apple|banana,grapes|apple|banana,False,1.000000000000,1.000000000000,0.000000000000,0
17,1154,mango,N,absolute,0.000000000000,36.000000000000,36.000000000000,False,mango,mango,1.000000000000,1.000000000000,mango|apple|banana,mango|apple|banana,False,1.000000000000,1.000000000000,0.000000000000,0
18,1131,mango,N,absolute,0.000000000000,33.000000000000,33.000000000000,False,mango,mango,0.980000000000,0.980000000000,mango|mothbeans|papaya,mango|mothbeans|papaya,False,0.970000000000,0.970000000000,0.000000000000,0
19,1514,apple,N,absolute,0.000000000000,0.000000000000,0.000000000000,False,apple,apple,1.000000000000,1.000000000000,apple|banana|blackgram,apple|banana|blackgram,False,1.000000000000,1.000000000000,0.000000000000,0
20,795,blackgram,N,absolute,0.000000000000,58.000000000000,58.000000000000,False,blackgram,blackgram,0.990000000000,0.990000000000,blackgram|lentil|apple,blackgram|lentil|apple,False,0.980000000000,0.980000000000,0.000000000000,0
21,1502,apple,N,absolute,0.000000000000,14.000000000000,14.000000000000,False,apple,apple,1.000000000000,1.000000000000,apple|banana|blackgram,apple|banana|blackgram,False,1.000000000000,1.000000000000,0.000000000000,0
22,585,mothbeans,N,absolute,0.000000000000,11.000000000000,11.000000000000,False,mothbeans,mothbeans,0.790000000000,0.790000000000,mothbeans|lentil|blackgram,mothbeans|lentil|blackgram,False,0.610000000000,0.610000000000,0.000000000000,0
23,387,kidneybeans,N,absolute,0.000000000000,13.000000000000,13.000000000000,False,kidneybeans,kidneybeans,0.990000000000,0.990000000000,kidneybeans|pigeonpeas|apple,kidneybeans|pigeonpeas|apple,False,0.980000000000,0.980000000000,0.000000000000,0
24,1591,apple,N,absolute,0.000000000000,29.000000000000,29.000000000000,False,apple,apple,0.980000000000,0.980000000000,apple|grapes|banana,apple|grapes|banana,False,0.960000000000,0.960000000000,0.000000000000,0
25,2003,jute,N,absolute,0.000000000000,86.000000000000,86.000000000000,False,jute,jute,0.980000000000,0.980000000000,jute|rice|watermelon,jute|rice|watermelon,False,0.970000000000,0.970000000000,0.000000000000,0
26,505,mothbeans,N,absolute,0.000000000000,32.000000000000,32.000000000000,False,mothbeans,mothbeans,0.890000000000,0.890000000000,mothbeans|blackgram|pigeonpeas,mothbeans|blackgram|pigeonpeas,False,0.840000000000,0.840000000000,0.000000000000,0
27,1342,watermelon,N,absolute,0.000000000000,86.000000000000,86.000000000000,False,watermelon,watermelon,1.000000000000,1.000000000000,watermelon|apple|banana,watermelon|apple|banana,False,1.000000000000,1.000000000000,0.000000000000,0
28,0,rice,N,absolute,0.000000000000,90.000000000000,90.000000000000,False,rice,rice,0.900000000000,0.900000000000,rice|jute|apple,rice|jute|apple,False,0.800000000000,0.800000000000,0.000000000000,0
29,2106,coffee,N,absolute,0.000000000000,109.000000000000,109.000000000000,False,coffee,coffee,1.000000000000,1.000000000000,coffee|apple|banana,coffee|apple|banana,False,1.000000000000,1.000000000000,0.000000000000,0
30,1102,mango,N,absolute,0.000000000000,21.000000000000,21.000000000000,False,mango,mango,0.920000000000,0.920000000000,mango|coconut|coffee,mango|coconut|coffee,False,0.900000000000,0.900000000000,0.000000000000,0
31,2086,jute,N,absolute,0.000000000000,72.000000000000,72.000000000000,False,jute,jute,0.930000000000,0.930000000000,jute|rice|banana,jute|rice|banana,False,0.870000000000,0.870000000000,0.000000000000,0
32,1036,banana,N,absolute,0.000000000000,117.000000000000,117.000000000000,False,banana,banana,1.000000000000,1.000000000000,banana|apple|blackgram,banana|apple|blackgram,False,1.000000000000,1.000000000000,0.000000000000,0
33,2167,coffee,N,absolute,0.000000000000,89.000000000000,89.000000000000,False,coffee,coffee,1.000000000000,1.000000000000,coffee|apple|banana,coffee|apple|banana,False,1.000000000000,1.000000000000,0.000000000000,0
34,2050,jute,N,absolute,0.000000000000,75.000000000000,75.000000000000,False,jute,jute,0.990000000000,0.990000000000,jute|rice|apple,jute|rice|apple,False,0.980000000000,0.980000000000,0.000000000000,0
35,737,blackgram,N,absolute,0.000000000000,57.000000000000,57.000000000000,False,blackgram,blackgram,0.910000000000,0.910000000000,blackgram|maize|lentil,blackgram|maize|lentil,False,0.830000000000,0.830000000000,0.000000000000,0
36,1298,grapes,N,absolute,0.000000000000,37.000000000000,37.000000000000,False,grapes,grapes,1.000000000000,1.000000000000,grapes|apple|banana,grapes|apple|banana,False,1.000000000000,1.000000000000,0.000000000000,0
37,1200,grapes,N,absolute,0.000000000000,24.000000000000,24.000000000000,False,grapes,grapes,1.000000000000,1.000000000000,grapes|apple|banana,grapes|apple|banana,False,1.000000000000,1.000000000000,0.000000000000,0
38,731,blackgram,N,absolute,0.000000000000,25.000000000000,25.000000000000,False,blackgram,blackgram,0.990000000000,0.990000000000,blackgram|mothbeans|apple,blackgram|mothbeans|apple,False,0.980000000000,0.980000000000,0.000000000000,0
39,2042,jute,N,absolute,0.000000000000,89.000000000000,89.000000000000,False,jute,jute,0.930000000000,0.930000000000,jute|rice|papaya,jute|rice|papaya,False,0.890000000000,0.890000000000,0.000000000000,0
40,1829,coconut,N,absolute,0.000000000000,33.000000000000,33.000000000000,False,coconut,coconut,1.000000000000,1.000000000000,coconut|apple|banana,coconut|apple|banana,False,1.000000000000,1.000000000000,0.000000000000,0
41,1716,papaya,N,absolute,0.000000000000,49.000000000000,49.000000000000,False,papaya,papaya,0.990000000000,0.990000000000,papaya|grapes|apple,papaya|grapes|apple,False,0.980000000000,0.980000000000,0.000000000000,0
42,1156,mango,N,absolute,0.000000000000,26.000000000000,26.000000000000,False,mango,mango,1.000000000000,1.000000000000,mango|apple|banana,mango|apple|banana,False,1.000000000000,1.000000000000,0.000000000000,0
43,185,maize,N,absolute,0.000000000000,88.000000000000,88.000000000000,False,maize,maize,0.970000000000,0.970000000000,maize|mothbeans|coffee,maize|mothbeans|coffee,False,0.950000000000,0.950000000000,0.000000000000,0
44,861,lentil,N,absolute,0.000000000000,19.000000000000,19.000000000000,False,lentil,lentil,0.980000000000,0.980000000000,lentil|blackgram|apple,lentil|blackgram|apple,False,0.960000000000,0.960000000000,0.000000000000,0
45,2022,jute,N,absolute,0.000000000000,84.000000000000,84.000000000000,False,jute,jute,0.940000000000,0.940000000000,jute|rice|watermelon,jute|rice|watermelon,False,0.890000000000,0.890000000000,0.000000000000,0
46,1973,cotton,N,absolute,0.000000000000,117.000000000000,117.000000000000,False,cotton,cotton,0.960000000000,0.960000000000,cotton|maize|banana,cotton|maize|banana,False,0.940000000000,0.940000000000,0.000000000000,0
47,850,lentil,N,absolute,0.000000000000,13.000000000000,13.000000000000,False,lentil,lentil,0.900000000000,0.900000000000,lentil|mothbeans|blackgram,lentil|mothbeans|blackgram,False,0.840000000000,0.840000000000,0.000000000000,0
48,203,chickpea,N,absolute,0.000000000000,22.000000000000,22.000000000000,False,chickpea,chickpea,1.000000000000,1.000000000000,chickpea|apple|banana,chickpea|apple|banana,False,1.000000000000,1.000000000000,0.000000000000,0
49,696,mungbean,N,absolute,0.000000000000,4.000000000000,4.000000000000,False,mungbean,mungbean,1.000000000000,1.000000000000,mungbean|apple|banana,mungbean|apple|banana,False,1.000000000000,1.000000000000,0.000000000000,0
50,1737,papaya,N,absolute,0.000000000000,65.000000000000,65.000000000000,False,papaya,papaya,0.930000000000,0.930000000000,papaya|rice|apple,papaya|rice|apple,False,0.860000000000,0.860000000000,0.000000000000,0
51,961,pomegranate,N,absolute,0.000000000000,23.000000000000,23.000000000000,False,pomegranate,pomegranate,0.990000000000,0.990000000000,pomegranate|orange|apple,pomegranate|orange|apple,False,0.980000000000,0.980000000000,0.000000000000,0
52,405,pigeonpeas,N,absolute,0.000000000000,30.000000000000,30.000000000000,False,pigeonpeas,pigeonpeas,0.920000000000,0.920000000000,pigeonpeas|mango|coconut,pigeonpeas|mango|coconut,False,0.850000000000,0.850000000000,0.000000000000,0
53,1392,watermelon,N,absolute,0.000000000000,83.000000000000,83.000000000000,False,watermelon,watermelon,1.000000000000,1.000000000000,watermelon|apple|banana,watermelon|apple|banana,False,1.000000000000,1.000000000000,0.000000000000,0
54,1158,mango,N,absolute,0.000000000000,11.000000000000,11.000000000000,False,mango,mango,0.980000000000,0.980000000000,mango|mothbeans|orange,mango|mothbeans|orange,False,0.970000000000,0.970000000000,0.000000000000,0
55,768,blackgram,N,absolute,0.000000000000,23.000000000000,23.000000000000,False,blackgram,blackgram,0.680000000000,0.680000000000,blackgram|mothbeans|lentil,blackgram|mothbeans|lentil,False,0.440000000000,0.440000000000,0.000000000000,0
56,1763,papaya,N,absolute,0.000000000000,70.000000000000,70.000000000000,False,papaya,papaya,0.990000000000,0.990000000000,papaya|banana|apple,papaya|banana|apple,False,0.980000000000,0.980000000000,0.000000000000,0
57,1798,papaya,N,absolute,0.000000000000,56.000000000000,56.000000000000,False,papaya,papaya,1.000000000000,1.000000000000,papaya|apple|banana,papaya|apple|banana,False,1.000000000000,1.000000000000,0.000000000000,0
58,2173,coffee,N,absolute,0.000000000000,119.000000000000,119.000000000000,False,coffee,coffee,0.980000000000,0.980000000000,coffee|coconut|apple,coffee|coconut|apple,False,0.960000000000,0.960000000000,0.000000000000,0
59,825,lentil,N,absolute,0.000000000000,18.000000000000,18.000000000000,False,lentil,lentil,0.990000000000,0.990000000000,lentil|blackgram|apple,lentil|blackgram|apple,False,0.980000000000,0.980000000000,0.000000000000,0
60,813,lentil,N,absolute,0.000000000000,27.000000000000,27.000000000000,False,lentil,lentil,0.820000000000,0.820000000000,lentil|mothbeans|blackgram,lentil|mothbeans|blackgram,False,0.710000000000,0.710000000000,0.000000000000,0
61,539,mothbeans,N,absolute,0.000000000000,9.000000000000,9.000000000000,False,mothbeans,mothbeans,0.960000000000,0.960000000000,mothbeans|lentil|pigeonpeas,mothbeans|lentil|pigeonpeas,False,0.930000000000,0.930000000000,0.000000000000,0
62,2157,coffee,N,absolute,0.000000000000,115.000000000000,115.000000000000,False,coffee,coffee,1.000000000000,1.000000000000,coffee|apple|banana,coffee|apple|banana,False,1.000000000000,1.000000000000,0.000000000000,0
63,1032,banana,N,absolute,0.000000000000,105.000000000000,105.000000000000,False,banana,banana,0.970000000000,0.970000000000,banana|jute|apple,banana|jute|apple,False,0.940000000000,0.940000000000,0.000000000000,0
64,1707,papaya,N,absolute,0.000000000000,34.000000000000,34.000000000000,False,papaya,papaya,0.930000000000,0.930000000000,papaya|pomegranate|pigeonpeas,papaya|pomegranate|pigeonpeas,False,0.900000000000,0.900000000000,0.000000000000,0
65,54,rice,N,absolute,0.000000000000,95.000000000000,95.000000000000,False,rice,rice,0.980000000000,0.980000000000,rice|jute|apple,rice|jute|apple,False,0.960000000000,0.960000000000,0.000000000000,0
66,1630,orange,N,absolute,0.000000000000,29.000000000000,29.000000000000,False,orange,orange,0.980000000000,0.980000000000,orange|mango|pomegranate,orange|mango|pomegranate,False,0.970000000000,0.970000000000,0.000000000000,0
67,1818,coconut,N,absolute,0.000000000000,22.000000000000,22.000000000000,False,coconut,coconut,1.000000000000,1.000000000000,coconut|apple|banana,coconut|apple|banana,False,1.000000000000,1.000000000000,0.000000000000,0
69,920,pomegranate,N,absolute,0.000000000000,9.000000000000,9.000000000000,False,pomegranate,pomegranate,0.970000000000,0.970000000000,pomegranate|orange|apple,pomegranate|orange|apple,False,0.940000000000,0.940000000000,0.000000000000,0
70,1033,banana,N,absolute,0.000000000000,102.000000000000,102.000000000000,False,banana,banana,1.000000000000,1.000000000000,banana|apple|blackgram,banana|apple|blackgram,False,1.000000000000,1.000000000000,0.000000000000,0
71,1458,muskmelon,N,absolute,0.000000000000,89.000000000000,89.000000000000,False,muskmelon,muskmelon,1.000000000000,1.000000000000,muskmelon|apple|banana,muskmelon|apple|banana,False,1.000000000000,1.000000000000,0.000000000000,0
72,1369,watermelon,N,absolute,0.000000000000,113.000000000000,113.000000000000,False,watermelon,watermelon,1.000000000000,1.000000000000,watermelon|apple|banana,watermelon|apple|banana,False,1.000000000000,1.000000000000,0.000000000000,0
73,859,lentil,N,absolute,0.000000000000,23.000000000000,23.000000000000,False,lentil,lentil,1.000000000000,1.000000000000,lentil|apple|banana,lentil|apple|banana,False,1.000000000000,1.000000000000,0.000000000000,0
75,1854,coconut,N,absolute,0.000000000000,39.000000000000,39.000000000000,False,coconut,coconut,1.000000000000,1.000000000000,coconut|apple|banana,coconut|apple|banana,False,1.000000000000,1.000000000000,0.000000000000,0
76,575,mothbeans,N,absolute,0.000000000000,27.000000000000,27.000000000000,False,mothbeans,mothbeans,0.900000000000,0.900000000000,mothbeans|lentil|mungbean,mothbeans|lentil|mungbean,False,0.820000000000,0.820000000000,0.000000000000,0
77,606,mungbean,N,absolute,0.000000000000,34.000000000000,34.000000000000,False,mungbean,mungbean,0.980000000000,0.980000000000,mungbean|blackgram|apple,mungbean|blackgram|apple,False,0.960000000000,0.960000000000,0.000000000000,0
78,614,mungbean,N,absolute,0.000000000000,21.000000000000,21.000000000000,False,mungbean,mungbean,0.970000000000,0.970000000000,mungbean|mothbeans|orange,mungbean|mothbeans|orange,False,0.950000000000,0.950000000000,0.000000000000,0
80,2182,coffee,N,absolute,0.000000000000,103.000000000000,103.000000000000,False,coffee,coffee,0.990000000000,0.990000000000,coffee|coconut|apple,coffee|coconut|apple,False,0.980000000000,0.980000000000,0.000000000000,0
82,1473,muskmelon,N,absolute,0.000000000000,94.000000000000,94.000000000000,False,muskmelon,muskmelon,1.000000000000,1.000000000000,muskmelon|apple|banana,muskmelon|apple|banana,False,1.000000000000,1.000000000000,0.000000000000,0
83,303,kidneybeans,N,absolute,0.000000000000,40.000000000000,40.000000000000,False,kidneybeans,kidneybeans,0.950000000000,0.950000000000,kidneybeans|chickpea|pigeonpeas,kidneybeans|chickpea|pigeonpeas,False,0.910000000000,0.910000000000,0.000000000000,0
85,937,pomegranate,N,absolute,0.000000000000,36.000000000000,36.000000000000,False,pomegranate,pomegranate,0.910000000000,0.910000000000,pomegranate|papaya|orange,pomegranate|papaya|orange,False,0.870000000000,0.870000000000,0.000000000000,0
86,1697,orange,N,absolute,0.000000000000,6.000000000000,6.000000000000,False,orange,orange,0.980000000000,0.980000000000,orange|mango|pomegranate,orange|mango|pomegranate,False,0.970000000000,0.970000000000,0.000000000000,0
87,1987,cotton,N,absolute,0.000000000000,117.000000000000,117.000000000000,False,cotton,cotton,1.000000000000,1.000000000000,cotton|apple|banana,cotton|apple|banana,False,1.000000000000,1.000000000000,0.000000000000,0
88,1851,coconut,N,absolute,0.000000000000,18.000000000000,18.000000000000,False,coconut,coconut,0.990000000000,0.990000000000,coconut|coffee|apple,coconut|coffee|apple,False,0.980000000000,0.980000000000,0.000000000000,0
91,613,mungbean,N,absolute,0.000000000000,28.000000000000,28.000000000000,False,mungbean,mungbean,1.000000000000,1.000000000000,mungbean|apple|banana,mungbean|apple|banana,False,1.000000000000,1.000000000000,0.000000000000,0
93,1960,cotton,N,absolute,0.000000000000,131.000000000000,131.000000000000,False,cotton,cotton,1.000000000000,1.000000000000,cotton|apple|banana,cotton|apple|banana,False,1.000000000000,1.000000000000,0.000000000000,0
95,1225,grapes,N,absolute,0.000000000000,24.000000000000,24.000000000000,False,grapes,grapes,1.000000000000,1.000000000000,grapes|apple|banana,grapes|apple|banana,False,1.000000000000,1.000000000000,0.000000000000,0
96,1988,cotton,N,absolute,0.000000000000,126.000000000000,126.000000000000,False,cotton,cotton,1.000000000000,1.000000000000,cotton|apple|banana,cotton|apple|banana,False,1.000000000000,1.000000000000,0.000000000000,0
97,227,chickpea,N,absolute,0.000000000000,59.000000000000,59.000000000000,False,chickpea,chickpea,0.940000000000,0.940000000000,chickpea|kidneybeans|coffee,chickpea|kidneybeans|coffee,False,0.910000000000,0.910000000000,0.000000000000,0
100,1499,muskmelon,N,absolute,0.000000000000,106.000000000000,106.000000000000,False,muskmelon,muskmelon,1.000000000000,1.000000000000,muskmelon|apple|banana,muskmelon|apple|banana,False,1.000000000000,1.000000000000,0.000000000000,0
101,989,pomegranate,N,absolute,0.000000000000,3.000000000000,3.000000000000,False,pomegranate,pomegranate,0.990000000000,0.990000000000,pomegranate|orange|apple,pomegranate|orange|apple,False,0.980000000000,0.980000000000,0.000000000000,0
103,497,pigeonpeas,N,absolute,0.000000000000,20.000000000000,20.000000000000,False,pigeonpeas,pigeonpeas,0.980000000000,0.980000000000,pigeonpeas|blackgram|papaya,pigeonpeas|blackgram|papaya,False,0.970000000000,0.970000000000,0.000000000000,0
104,472,pigeonpeas,N,absolute,0.000000000000,5.000000000000,5.000000000000,False,pigeonpeas,pigeonpeas,0.940000000000,0.940000000000,pigeonpeas|lentil|mothbeans,pigeonpeas|lentil|mothbeans,False,0.900000000000,0.900000000000,0.000000000000,0
106,323,kidneybeans,N,absolute,0.000000000000,37.000000000000,37.000000000000,False,kidneybeans,kidneybeans,0.990000000000,0.990000000000,kidneybeans|chickpea|apple,kidneybeans|chickpea|apple,False,0.980000000000,0.980000000000,0.000000000000,0
108,44,rice,N,absolute,0.000000000000,85.000000000000,85.000000000000,False,rice,rice,0.900000000000,0.900000000000,rice|jute|papaya,rice|jute|papaya,False,0.830000000000,0.830000000000,0.000000000000,0
109,84,rice,N,absolute,0.000000000000,67.000000000000,67.000000000000,False,rice,rice,1.000000000000,1.000000000000,rice|apple|banana,rice|apple|banana,False,1.000000000000,1.000000000000,0.000000000000,0
110,1551,apple,N,absolute,0.000000000000,20.000000000000,20.000000000000,False,apple,apple,1.000000000000,1.000000000000,apple|banana|blackgram,apple|banana|blackgram,False,1.000000000000,1.000000000000,0.000000000000,0
111,647,mungbean,N,absolute,0.000000000000,35.000000000000,35.000000000000,False,mungbean,mungbean,1.000000000000,1.000000000000,mungbean|apple|banana,mungbean|apple|banana,False,1.000000000000,1.000000000000,0.000000000000,0
115,1456,muskmelon,N,absolute,0.000000000000,118.000000000000,118.000000000000,False,muskmelon,muskmelon,1.000000000000,1.000000000000,muskmelon|apple|banana,muskmelon|apple|banana,False,1.000000000000,1.000000000000,0.000000000000,0
121,250,chickpea,N,absolute,0.000000000000,43.000000000000,43.000000000000,False,chickpea,chickpea,1.000000000000,1.000000000000,chickpea|apple|banana,chickpea|apple|banana,False,1.000000000000,1.000000000000,0.000000000000,0
122,199,maize,N,absolute,0.000000000000,83.000000000000,83.000000000000,False,maize,maize,0.940000000000,0.940000000000,maize|coffee|blackgram,maize|coffee|blackgram,False,0.920000000000,0.920000000000,0.000000000000,0
124,110,maize,N,absolute,0.000000000000,70.000000000000,70.000000000000,False,maize,maize,0.970000000000,0.970000000000,maize|cotton|mungbean,maize|cotton|mungbean,False,0.960000000000,0.960000000000,0.000000000000,0
128,1859,coconut,N,absolute,0.000000000000,37.000000000000,37.000000000000,False,coconut,coconut,1.000000000000,1.000000000000,coconut|apple|banana,coconut|apple|banana,False,1.000000000000,1.000000000000,0.000000000000,0
131,226,chickpea,N,absolute,0.000000000000,36.000000000000,36.000000000000,False,chickpea,chickpea,0.920000000000,0.920000000000,chickpea|kidneybeans|apple,chickpea|kidneybeans|apple,False,0.840000000000,0.840000000000,0.000000000000,0
136,1552,apple,N,absolute,0.000000000000,28.000000000000,28.000000000000,False,apple,apple,1.000000000000,1.000000000000,apple|banana|blackgram,apple|banana|blackgram,False,1.000000000000,1.000000000000,0.000000000000,0
148,461,pigeonpeas,N,absolute,0.000000000000,20.000000000000,20.000000000000,False,pigeonpeas,pigeonpeas,0.990000000000,0.990000000000,pigeonpeas|lentil|apple,pigeonpeas|lentil|apple,False,0.980000000000,0.980000000000,0.000000000000,0
156,474,pigeonpeas,N,absolute,0.000000000000,9.000000000000,9.000000000000,False,pigeonpeas,pigeonpeas,0.970000000000,0.970000000000,pigeonpeas|coffee|kidneybeans,pigeonpeas|coffee|kidneybeans,False,0.960000000000,0.960000000000,0.000000000000,0
157,1419,muskmelon,N,absolute,0.000000000000,87.000000000000,87.000000000000,False,muskmelon,muskmelon,1.000000000000,1.000000000000,muskmelon|apple|banana,muskmelon|apple|banana,False,1.000000000000,1.000000000000,0.000000000000,0
164,305,kidneybeans,N,absolute,0.000000000000,26.000000000000,26.000000000000,False,kidneybeans,kidneybeans,0.990000000000,0.990000000000,kidneybeans|pigeonpeas|apple,kidneybeans|pigeonpeas|apple,False,0.980000000000,0.980000000000,0.000000000000,0
189,361,kidneybeans,N,absolute,0.000000000000,24.000000000000,24.000000000000,False,kidneybeans,kidneybeans,1.000000000000,1.000000000000,kidneybeans|apple|banana,kidneybeans|apple|banana,False,1.000000000000,1.000000000000,0.000000000000,0
0,1609,orange,N,absolute,5.000000000000,13.000000000000,18.000000000000,False,orange,orange,0.970000000000,0.960000000000,orange|pomegranate|apple,orange|pomegranate|apple,False,0.940000000000,0.920000000000,0.010000000000,0
1,1072,banana,N,absolute,5.000000000000,98.000000000000,103.000000000000,False,banana,banana,0.930000000000,0.940000000000,banana|papaya|cotton,banana|papaya|cotton,False,0.890000000000,0.910000000000,0.010000000000,0
2,1912,cotton,N,absolute,5.000000000000,140.000000000000,140.000000000000,True,cotton,cotton,1.000000000000,1.000000000000,cotton|apple|banana,cotton|apple|banana,False,1.000000000000,1.000000000000,0.000000000000,0
3,100,maize,N,absolute,5.000000000000,71.000000000000,76.000000000000,False,maize,maize,0.990000000000,0.990000000000,maize|mothbeans|apple,maize|mothbeans|apple,False,0.980000000000,0.980000000000,0.000000000000,0
4,1645,orange,N,absolute,5.000000000000,40.000000000000,45.000000000000,False,orange,orange,0.990000000000,0.930000000000,orange|pomegranate|apple,orange|papaya|blackgram,False,0.980000000000,0.890000000000,0.060000000000,0
5,221,chickpea,N,absolute,5.000000000000,25.000000000000,30.000000000000,False,chickpea,chickpea,1.000000000000,1.000000000000,chickpea|apple|banana,chickpea|apple|banana,False,1.000000000000,1.000000000000,0.000000000000,0
6,28,rice,N,absolute,5.000000000000,60.000000000000,65.000000000000,False,rice,rice,0.990000000000,0.980000000000,rice|jute|apple,rice|jute|apple,False,0.980000000000,0.960000000000,0.010000000000,0
7,701,blackgram,N,absolute,5.000000000000,25.000000000000,30.000000000000,False,blackgram,blackgram,0.970000000000,0.960000000000,blackgram|lentil|apple,blackgram|lentil|apple,False,0.940000000000,0.920000000000,0.010000000000,0
8,1097,banana,N,absolute,5.000000000000,110.000000000000,115.000000000000,False,banana,banana,1.000000000000,1.000000000000,banana|apple|blackgram,banana|apple|blackgram,False,1.000000000000,1.000000000000,0.000000000000,0
9,1638,orange,N,absolute,5.000000000000,10.000000000000,15.000000000000,False,orange,orange,1.000000000000,1.000000000000,orange|apple|banana,orange|apple|banana,False,1.000000000000,1.000000000000,0.000000000000,0
10,1391,watermelon,N,absolute,5.000000000000,100.000000000000,105.000000000000,False,watermelon,watermelon,1.000000000000,1.000000000000,watermelon|apple|banana,watermelon|apple|banana,False,1.000000000000,1.000000000000,0.000000000000,0
11,901,pomegranate,N,absolute,5.000000000000,6.000000000000,11.000000000000,False,pomegranate,pomegranate,1.000000000000,1.000000000000,pomegranate|apple|banana,pomegranate|apple|banana,False,1.000000000000,1.000000000000,0.000000000000,0
12,1386,watermelon,N,absolute,5.000000000000,92.000000000000,97.000000000000,False,watermelon,watermelon,1.000000000000,1.000000000000,watermelon|apple|banana,watermelon|apple|banana,False,1.000000000000,1.000000000000,0.000000000000,0
13,171,maize,N,absolute,5.000000000000,62.000000000000,67.000000000000,False,maize,maize,1.000000000000,1.000000000000,maize|apple|banana,maize|apple|banana,False,1.000000000000,1.000000000000,0.000000000000,0
14,544,mothbeans,N,absolute,5.000000000000,32.000000000000,37.000000000000,False,mothbeans,mothbeans,0.810000000000,0.790000000000,mothbeans|blackgram|pigeonpeas,mothbeans|blackgram|maize,False,0.740000000000,0.720000000000,0.020000000000,0
15,1264,grapes,N,absolute,5.000000000000,15.000000000000,20.000000000000,False,grapes,grapes,1.000000000000,1.000000000000,grapes|apple|banana,grapes|apple|banana,False,1.000000000000,1.000000000000,0.000000000000,0
16,1220,grapes,N,absolute,5.000000000000,39.000000000000,44.000000000000,False,grapes,grapes,1.000000000000,0.990000000000,grapes|apple|banana,grapes|papaya|apple,False,1.000000000000,0.980000000000,0.010000000000,0
17,1154,mango,N,absolute,5.000000000000,36.000000000000,41.000000000000,False,mango,mango,1.000000000000,1.000000000000,mango|apple|banana,mango|apple|banana,False,1.000000000000,1.000000000000,0.000000000000,0
18,1131,mango,N,absolute,5.000000000000,33.000000000000,38.000000000000,False,mango,mango,0.980000000000,0.980000000000,mango|mothbeans|papaya,mango|mothbeans|papaya,False,0.970000000000,0.970000000000,0.000000000000,0
19,1514,apple,N,absolute,5.000000000000,0.000000000000,5.000000000000,False,apple,apple,1.000000000000,1.000000000000,apple|banana|blackgram,apple|banana|blackgram,False,1.000000000000,1.000000000000,0.000000000000,0
20,795,blackgram,N,absolute,5.000000000000,58.000000000000,63.000000000000,False,blackgram,maize,0.990000000000,0.490000000000,blackgram|lentil|apple,maize|blackgram|banana,True,0.980000000000,0.170000000000,0.500000000000,1
21,1502,apple,N,absolute,5.000000000000,14.000000000000,19.000000000000,False,apple,apple,1.000000000000,1.000000000000,apple|banana|blackgram,apple|banana|blackgram,False,1.000000000000,1.000000000000,0.000000000000,0
22,585,mothbeans,N,absolute,5.000000000000,11.000000000000,16.000000000000,False,mothbeans,mothbeans,0.790000000000,0.800000000000,mothbeans|lentil|blackgram,mothbeans|lentil|blackgram,False,0.610000000000,0.630000000000,0.010000000000,0
23,387,kidneybeans,N,absolute,5.000000000000,13.000000000000,18.000000000000,False,kidneybeans,kidneybeans,0.990000000000,0.990000000000,kidneybeans|pigeonpeas|apple,kidneybeans|pigeonpeas|apple,False,0.980000000000,0.980000000000,0.000000000000,0
24,1591,apple,N,absolute,5.000000000000,29.000000000000,34.000000000000,False,apple,apple,0.980000000000,0.990000000000,apple|grapes|banana,apple|grapes|banana,False,0.960000000000,0.980000000000,0.010000000000,0
25,2003,jute,N,absolute,5.000000000000,86.000000000000,91.000000000000,False,jute,jute,0.980000000000,0.950000000000,jute|rice|watermelon,jute|rice|watermelon,False,0.970000000000,0.910000000000,0.030000000000,0
26,505,mothbeans,N,absolute,5.000000000000,32.000000000000,37.000000000000,False,mothbeans,mothbeans,0.890000000000,0.870000000000,mothbeans|blackgram|pigeonpeas,mothbeans|blackgram|pigeonpeas,False,0.840000000000,0.810000000000,0.020000000000,0
27,1342,watermelon,N,absolute,5.000000000000,86.000000000000,91.000000000000,False,watermelon,watermelon,1.000000000000,1.000000000000,watermelon|apple|banana,watermelon|apple|banana,False,1.000000000000,1.000000000000,0.000000000000,0
28,0,rice,N,absolute,5.000000000000,90.000000000000,95.000000000000,False,rice,rice,0.900000000000,0.910000000000,rice|jute|apple,rice|jute|apple,False,0.800000000000,0.820000000000,0.010000000000,0
29,2106,coffee,N,absolute,5.000000000000,109.000000000000,114.000000000000,False,coffee,coffee,1.000000000000,1.000000000000,coffee|apple|banana,coffee|apple|banana,False,1.000000000000,1.000000000000,0.000000000000,0
30,1102,mango,N,absolute,5.000000000000,21.000000000000,26.000000000000,False,mango,mango,0.920000000000,0.920000000000,mango|coconut|coffee,mango|coconut|coffee,False,0.900000000000,0.900000000000,0.000000000000,0
31,2086,jute,N,absolute,5.000000000000,72.000000000000,77.000000000000,False,jute,jute,0.930000000000,0.920000000000,jute|rice|banana,jute|rice|banana,False,0.870000000000,0.850000000000,0.010000000000,0
32,1036,banana,N,absolute,5.000000000000,117.000000000000,122.000000000000,False,banana,banana,1.000000000000,0.990000000000,banana|apple|blackgram,banana|cotton|apple,False,1.000000000000,0.980000000000,0.010000000000,0
33,2167,coffee,N,absolute,5.000000000000,89.000000000000,94.000000000000,False,coffee,coffee,1.000000000000,1.000000000000,coffee|apple|banana,coffee|apple|banana,False,1.000000000000,1.000000000000,0.000000000000,0
34,2050,jute,N,absolute,5.000000000000,75.000000000000,80.000000000000,False,jute,jute,0.990000000000,0.990000000000,jute|rice|apple,jute|rice|apple,False,0.980000000000,0.980000000000,0.000000000000,0
35,737,blackgram,N,absolute,5.000000000000,57.000000000000,62.000000000000,False,blackgram,maize,0.910000000000,0.740000000000,blackgram|maize|lentil,maize|blackgram|cotton,True,0.830000000000,0.580000000000,0.170000000000,1
36,1298,grapes,N,absolute,5.000000000000,37.000000000000,42.000000000000,False,grapes,grapes,1.000000000000,1.000000000000,grapes|apple|banana,grapes|apple|banana,False,1.000000000000,1.000000000000,0.000000000000,0
37,1200,grapes,N,absolute,5.000000000000,24.000000000000,29.000000000000,False,grapes,grapes,1.000000000000,1.000000000000,grapes|apple|banana,grapes|apple|banana,False,1.000000000000,1.000000000000,0.000000000000,0
38,731,blackgram,N,absolute,5.000000000000,25.000000000000,30.000000000000,False,blackgram,blackgram,0.990000000000,0.990000000000,blackgram|mothbeans|apple,blackgram|mothbeans|apple,False,0.980000000000,0.980000000000,0.000000000000,0
39,2042,jute,N,absolute,5.000000000000,89.000000000000,94.000000000000,False,jute,jute,0.930000000000,0.850000000000,jute|rice|papaya,jute|rice|papaya,False,0.890000000000,0.730000000000,0.080000000000,0
40,1829,coconut,N,absolute,5.000000000000,33.000000000000,38.000000000000,False,coconut,coconut,1.000000000000,1.000000000000,coconut|apple|banana,coconut|apple|banana,False,1.000000000000,1.000000000000,0.000000000000,0
41,1716,papaya,N,absolute,5.000000000000,49.000000000000,54.000000000000,False,papaya,papaya,0.990000000000,0.990000000000,papaya|grapes|apple,papaya|grapes|apple,False,0.980000000000,0.980000000000,0.000000000000,0
42,1156,mango,N,absolute,5.000000000000,26.000000000000,31.000000000000,False,mango,mango,1.000000000000,1.000000000000,mango|apple|banana,mango|apple|banana,False,1.000000000000,1.000000000000,0.000000000000,0
43,185,maize,N,absolute,5.000000000000,88.000000000000,93.000000000000,False,maize,maize,0.970000000000,0.970000000000,maize|mothbeans|coffee,maize|mothbeans|coffee,False,0.950000000000,0.950000000000,0.000000000000,0
44,861,lentil,N,absolute,5.000000000000,19.000000000000,24.000000000000,False,lentil,lentil,0.980000000000,0.990000000000,lentil|blackgram|apple,lentil|blackgram|apple,False,0.960000000000,0.980000000000,0.010000000000,0
45,2022,jute,N,absolute,5.000000000000,84.000000000000,89.000000000000,False,jute,jute,0.940000000000,0.940000000000,jute|rice|watermelon,jute|rice|watermelon,False,0.890000000000,0.890000000000,0.000000000000,0
46,1973,cotton,N,absolute,5.000000000000,117.000000000000,122.000000000000,False,cotton,cotton,0.960000000000,0.970000000000,cotton|maize|banana,cotton|banana|jute,False,0.940000000000,0.960000000000,0.010000000000,0
47,850,lentil,N,absolute,5.000000000000,13.000000000000,18.000000000000,False,lentil,lentil,0.900000000000,0.880000000000,lentil|mothbeans|blackgram,lentil|mothbeans|blackgram,False,0.840000000000,0.810000000000,0.020000000000,0
48,203,chickpea,N,absolute,5.000000000000,22.000000000000,27.000000000000,False,chickpea,chickpea,1.000000000000,1.000000000000,chickpea|apple|banana,chickpea|apple|banana,False,1.000000000000,1.000000000000,0.000000000000,0
49,696,mungbean,N,absolute,5.000000000000,4.000000000000,9.000000000000,False,mungbean,mungbean,1.000000000000,1.000000000000,mungbean|apple|banana,mungbean|apple|banana,False,1.000000000000,1.000000000000,0.000000000000,0
50,1737,papaya,N,absolute,5.000000000000,65.000000000000,70.000000000000,False,papaya,papaya,0.930000000000,0.930000000000,papaya|rice|apple,papaya|rice|apple,False,0.860000000000,0.860000000000,0.000000000000,0
51,961,pomegranate,N,absolute,5.000000000000,23.000000000000,28.000000000000,False,pomegranate,pomegranate,0.990000000000,0.990000000000,pomegranate|orange|apple,pomegranate|orange|apple,False,0.980000000000,0.980000000000,0.000000000000,0
52,405,pigeonpeas,N,absolute,5.000000000000,30.000000000000,35.000000000000,False,pigeonpeas,pigeonpeas,0.920000000000,0.930000000000,pigeonpeas|mango|coconut,pigeonpeas|mango|coconut,False,0.850000000000,0.870000000000,0.010000000000,0
53,1392,watermelon,N,absolute,5.000000000000,83.000000000000,88.000000000000,False,watermelon,watermelon,1.000000000000,1.000000000000,watermelon|apple|banana,watermelon|apple|banana,False,1.000000000000,1.000000000000,0.000000000000,0
54,1158,mango,N,absolute,5.000000000000,11.000000000000,16.000000000000,False,mango,mango,0.980000000000,0.980000000000,mango|mothbeans|orange,mango|mothbeans|orange,False,0.970000000000,0.970000000000,0.000000000000,0
55,768,blackgram,N,absolute,5.000000000000,23.000000000000,28.000000000000,False,blackgram,blackgram,0.680000000000,0.690000000000,blackgram|mothbeans|lentil,blackgram|mothbeans|lentil,False,0.440000000000,0.460000000000,0.010000000000,0
56,1763,papaya,N,absolute,5.000000000000,70.000000000000,75.000000000000,False,papaya,papaya,0.990000000000,0.930000000000,papaya|banana|apple,papaya|banana|muskmelon,False,0.980000000000,0.890000000000,0.060000000000,0
57,1798,papaya,N,absolute,5.000000000000,56.000000000000,61.000000000000,False,papaya,papaya,1.000000000000,0.990000000000,papaya|apple|banana,papaya|jute|apple,False,1.000000000000,0.980000000000,0.010000000000,0
58,2173,coffee,N,absolute,5.000000000000,119.000000000000,124.000000000000,False,coffee,coffee,0.980000000000,0.980000000000,coffee|coconut|apple,coffee|coconut|apple,False,0.960000000000,0.960000000000,0.000000000000,0
59,825,lentil,N,absolute,5.000000000000,18.000000000000,23.000000000000,False,lentil,lentil,0.990000000000,0.970000000000,lentil|blackgram|apple,lentil|blackgram|mothbeans,False,0.980000000000,0.950000000000,0.020000000000,0
60,813,lentil,N,absolute,5.000000000000,27.000000000000,32.000000000000,False,lentil,lentil,0.820000000000,0.830000000000,lentil|mothbeans|blackgram,lentil|mothbeans|blackgram,False,0.710000000000,0.710000000000,0.010000000000,0
61,539,mothbeans,N,absolute,5.000000000000,9.000000000000,14.000000000000,False,mothbeans,mothbeans,0.960000000000,0.950000000000,mothbeans|lentil|pigeonpeas,mothbeans|lentil|pigeonpeas,False,0.930000000000,0.910000000000,0.010000000000,0
62,2157,coffee,N,absolute,5.000000000000,115.000000000000,120.000000000000,False,coffee,coffee,1.000000000000,1.000000000000,coffee|apple|banana,coffee|apple|banana,False,1.000000000000,1.000000000000,0.000000000000,0
63,1032,banana,N,absolute,5.000000000000,105.000000000000,110.000000000000,False,banana,banana,0.970000000000,0.970000000000,banana|jute|apple,banana|jute|apple,False,0.940000000000,0.940000000000,0.000000000000,0
64,1707,papaya,N,absolute,5.000000000000,34.000000000000,39.000000000000,False,papaya,papaya,0.930000000000,0.960000000000,papaya|pomegranate|pigeonpeas,papaya|pigeonpeas|pomegranate,False,0.900000000000,0.940000000000,0.030000000000,0
65,54,rice,N,absolute,5.000000000000,95.000000000000,100.000000000000,False,rice,rice,0.980000000000,0.880000000000,rice|jute|apple,rice|jute|banana,False,0.960000000000,0.800000000000,0.100000000000,0
66,1630,orange,N,absolute,5.000000000000,29.000000000000,34.000000000000,False,orange,orange,0.980000000000,0.990000000000,orange|mango|pomegranate,orange|mango|apple,False,0.970000000000,0.980000000000,0.010000000000,0
67,1818,coconut,N,absolute,5.000000000000,22.000000000000,27.000000000000,False,coconut,coconut,1.000000000000,1.000000000000,coconut|apple|banana,coconut|apple|banana,False,1.000000000000,1.000000000000,0.000000000000,0
69,920,pomegranate,N,absolute,5.000000000000,9.000000000000,14.000000000000,False,pomegranate,pomegranate,0.970000000000,0.970000000000,pomegranate|orange|apple,pomegranate|orange|apple,False,0.940000000000,0.940000000000,0.000000000000,0
70,1033,banana,N,absolute,5.000000000000,102.000000000000,107.000000000000,False,banana,banana,1.000000000000,1.000000000000,banana|apple|blackgram,banana|apple|blackgram,False,1.000000000000,1.000000000000,0.000000000000,0
71,1458,muskmelon,N,absolute,5.000000000000,89.000000000000,94.000000000000,False,muskmelon,muskmelon,1.000000000000,1.000000000000,muskmelon|apple|banana,muskmelon|apple|banana,False,1.000000000000,1.000000000000,0.000000000000,0
72,1369,watermelon,N,absolute,5.000000000000,113.000000000000,118.000000000000,False,watermelon,watermelon,1.000000000000,1.000000000000,watermelon|apple|banana,watermelon|apple|banana,False,1.000000000000,1.000000000000,0.000000000000,0
73,859,lentil,N,absolute,5.000000000000,23.000000000000,28.000000000000,False,lentil,lentil,1.000000000000,1.000000000000,lentil|apple|banana,lentil|apple|banana,False,1.000000000000,1.000000000000,0.000000000000,0
75,1854,coconut,N,absolute,5.000000000000,39.000000000000,44.000000000000,False,coconut,coconut,1.000000000000,0.970000000000,coconut|apple|banana,coconut|papaya|watermelon,False,1.000000000000,0.950000000000,0.030000000000,0
76,575,mothbeans,N,absolute,5.000000000000,27.000000000000,32.000000000000,False,mothbeans,mothbeans,0.900000000000,0.900000000000,mothbeans|lentil|mungbean,mothbeans|lentil|mungbean,False,0.820000000000,0.820000000000,0.000000000000,0
77,606,mungbean,N,absolute,5.000000000000,34.000000000000,39.000000000000,False,mungbean,mungbean,0.980000000000,0.970000000000,mungbean|blackgram|apple,mungbean|blackgram|lentil,False,0.960000000000,0.950000000000,0.010000000000,0
78,614,mungbean,N,absolute,5.000000000000,21.000000000000,26.000000000000,False,mungbean,mungbean,0.970000000000,0.970000000000,mungbean|mothbeans|orange,mungbean|mothbeans|orange,False,0.950000000000,0.950000000000,0.000000000000,0
80,2182,coffee,N,absolute,5.000000000000,103.000000000000,108.000000000000,False,coffee,coffee,0.990000000000,0.990000000000,coffee|coconut|apple,coffee|coconut|apple,False,0.980000000000,0.980000000000,0.000000000000,0
82,1473,muskmelon,N,absolute,5.000000000000,94.000000000000,99.000000000000,False,muskmelon,muskmelon,1.000000000000,1.000000000000,muskmelon|apple|banana,muskmelon|apple|banana,False,1.000000000000,1.000000000000,0.000000000000,0
83,303,kidneybeans,N,absolute,5.000000000000,40.000000000000,45.000000000000,False,kidneybeans,kidneybeans,0.950000000000,0.890000000000,kidneybeans|chickpea|pigeonpeas,kidneybeans|chickpea|blackgram,False,0.910000000000,0.830000000000,0.060000000000,0
85,937,pomegranate,N,absolute,5.000000000000,36.000000000000,41.000000000000,False,pomegranate,pomegranate,0.910000000000,0.900000000000,pomegranate|papaya|orange,pomegranate|papaya|orange,False,0.870000000000,0.860000000000,0.010000000000,0
86,1697,orange,N,absolute,5.000000000000,6.000000000000,11.000000000000,False,orange,orange,0.980000000000,0.980000000000,orange|mango|pomegranate,orange|mango|pomegranate,False,0.970000000000,0.970000000000,0.000000000000,0
87,1987,cotton,N,absolute,5.000000000000,117.000000000000,122.000000000000,False,cotton,cotton,1.000000000000,1.000000000000,cotton|apple|banana,cotton|apple|banana,False,1.000000000000,1.000000000000,0.000000000000,0
88,1851,coconut,N,absolute,5.000000000000,18.000000000000,23.000000000000,False,coconut,coconut,0.990000000000,0.990000000000,coconut|coffee|apple,coconut|coffee|apple,False,0.980000000000,0.980000000000,0.000000000000,0
91,613,mungbean,N,absolute,5.000000000000,28.000000000000,33.000000000000,False,mungbean,mungbean,1.000000000000,1.000000000000,mungbean|apple|banana,mungbean|apple|banana,False,1.000000000000,1.000000000000,0.000000000000,0
93,1960,cotton,N,absolute,5.000000000000,131.000000000000,136.000000000000,False,cotton,cotton,1.000000000000,1.000000000000,cotton|apple|banana,cotton|apple|banana,False,1.000000000000,1.000000000000,0.000000000000,0
95,1225,grapes,N,absolute,5.000000000000,24.000000000000,29.000000000000,False,grapes,grapes,1.000000000000,1.000000000000,grapes|apple|banana,grapes|apple|banana,False,1.000000000000,1.000000000000,0.000000000000,0
96,1988,cotton,N,absolute,5.000000000000,126.000000000000,131.000000000000,False,cotton,cotton,1.000000000000,1.000000000000,cotton|apple|banana,cotton|apple|banana,False,1.000000000000,1.000000000000,0.000000000000,0
97,227,chickpea,N,absolute,5.000000000000,59.000000000000,64.000000000000,False,chickpea,chickpea,0.940000000000,0.710000000000,chickpea|kidneybeans|coffee,chickpea|coffee|maize,False,0.910000000000,0.630000000000,0.230000000000,0
100,1499,muskmelon,N,absolute,5.000000000000,106.000000000000,111.000000000000,False,muskmelon,muskmelon,1.000000000000,1.000000000000,muskmelon|apple|banana,muskmelon|apple|banana,False,1.000000000000,1.000000000000,0.000000000000,0
101,989,pomegranate,N,absolute,5.000000000000,3.000000000000,8.000000000000,False,pomegranate,pomegranate,0.990000000000,0.990000000000,pomegranate|orange|apple,pomegranate|orange|apple,False,0.980000000000,0.980000000000,0.000000000000,0
103,497,pigeonpeas,N,absolute,5.000000000000,20.000000000000,25.000000000000,False,pigeonpeas,pigeonpeas,0.980000000000,0.980000000000,pigeonpeas|blackgram|papaya,pigeonpeas|blackgram|papaya,False,0.970000000000,0.970000000000,0.000000000000,0
104,472,pigeonpeas,N,absolute,5.000000000000,5.000000000000,10.000000000000,False,pigeonpeas,pigeonpeas,0.940000000000,0.960000000000,pigeonpeas|lentil|mothbeans,pigeonpeas|lentil|mothbeans,False,0.900000000000,0.930000000000,0.020000000000,0
106,323,kidneybeans,N,absolute,5.000000000000,37.000000000000,42.000000000000,False,kidneybeans,kidneybeans,0.990000000000,0.880000000000,kidneybeans|chickpea|apple,kidneybeans|chickpea|blackgram,False,0.980000000000,0.800000000000,0.110000000000,0
108,44,rice,N,absolute,5.000000000000,85.000000000000,90.000000000000,False,rice,rice,0.900000000000,0.890000000000,rice|jute|papaya,rice|jute|papaya,False,0.830000000000,0.810000000000,0.010000000000,0
109,84,rice,N,absolute,5.000000000000,67.000000000000,72.000000000000,False,rice,rice,1.000000000000,1.000000000000,rice|apple|banana,rice|apple|banana,False,1.000000000000,1.000000000000,0.000000000000,0
110,1551,apple,N,absolute,5.000000000000,20.000000000000,25.000000000000,False,apple,apple,1.000000000000,1.000000000000,apple|banana|blackgram,apple|banana|blackgram,False,1.000000000000,1.000000000000,0.000000000000,0
111,647,mungbean,N,absolute,5.000000000000,35.000000000000,40.000000000000,False,mungbean,mungbean,1.000000000000,0.990000000000,mungbean|apple|banana,mungbean|lentil|apple,False,1.000000000000,0.980000000000,0.010000000000,0
115,1456,muskmelon,N,absolute,5.000000000000,118.000000000000,123.000000000000,False,muskmelon,muskmelon,1.000000000000,1.000000000000,muskmelon|apple|banana,muskmelon|apple|banana,False,1.000000000000,1.000000000000,0.000000000000,0
121,250,chickpea,N,absolute,5.000000000000,43.000000000000,48.000000000000,False,chickpea,chickpea,1.000000000000,1.000000000000,chickpea|apple|banana,chickpea|apple|banana,False,1.000000000000,1.000000000000,0.000000000000,0
122,199,maize,N,absolute,5.000000000000,83.000000000000,88.000000000000,False,maize,maize,0.940000000000,0.940000000000,maize|coffee|blackgram,maize|coffee|blackgram,False,0.920000000000,0.920000000000,0.000000000000,0
124,110,maize,N,absolute,5.000000000000,70.000000000000,75.000000000000,False,maize,maize,0.970000000000,0.970000000000,maize|cotton|mungbean,maize|cotton|mungbean,False,0.960000000000,0.960000000000,0.000000000000,0
128,1859,coconut,N,absolute,5.000000000000,37.000000000000,42.000000000000,False,coconut,coconut,1.000000000000,0.990000000000,coconut|apple|banana,coconut|papaya|apple,False,1.000000000000,0.980000000000,0.010000000000,0
131,226,chickpea,N,absolute,5.000000000000,36.000000000000,41.000000000000,False,chickpea,chickpea,0.920000000000,0.940000000000,chickpea|kidneybeans|apple,chickpea|kidneybeans|apple,False,0.840000000000,0.880000000000,0.020000000000,0
136,1552,apple,N,absolute,5.000000000000,28.000000000000,33.000000000000,False,apple,apple,1.000000000000,1.000000000000,apple|banana|blackgram,apple|banana|blackgram,False,1.000000000000,1.000000000000,0.000000000000,0
148,461,pigeonpeas,N,absolute,5.000000000000,20.000000000000,25.000000000000,False,pigeonpeas,pigeonpeas,0.990000000000,0.990000000000,pigeonpeas|lentil|apple,pigeonpeas|lentil|apple,False,0.980000000000,0.980000000000,0.000000000000,0
156,474,pigeonpeas,N,absolute,5.000000000000,9.000000000000,14.000000000000,False,pigeonpeas,pigeonpeas,0.970000000000,0.970000000000,pigeonpeas|coffee|kidneybeans,pigeonpeas|coffee|kidneybeans,False,0.960000000000,0.960000000000,0.000000000000,0
157,1419,muskmelon,N,absolute,5.000000000000,87.000000000000,92.000000000000,False,muskmelon,muskmelon,1.000000000000,1.000000000000,muskmelon|apple|banana,muskmelon|apple|banana,False,1.000000000000,1.000000000000,0.000000000000,0
164,305,kidneybeans,N,absolute,5.000000000000,26.000000000000,31.000000000000,False,kidneybeans,kidneybeans,0.990000000000,0.980000000000,kidneybeans|pigeonpeas|apple,kidneybeans|chickpea|pigeonpeas,False,0.980000000000,0.970000000000,0.010000000000,0
189,361,kidneybeans,N,absolute,5.000000000000,24.000000000000,29.000000000000,False,kidneybeans,kidneybeans,1.000000000000,1.000000000000,kidneybeans|apple|banana,kidneybeans|apple|banana,False,1.000000000000,1.000000000000,0.000000000000,0
0,1609,orange,N,absolute,10.000000000000,13.000000000000,23.000000000000,False,orange,orange,0.970000000000,0.960000000000,orange|pomegranate|apple,orange|pomegranate|apple,False,0.940000000000,0.920000000000,0.010000000000,0
1,1072,banana,N,absolute,10.000000000000,98.000000000000,108.000000000000,False,banana,banana,0.930000000000,0.940000000000,banana|papaya|cotton,banana|papaya|cotton,False,0.890000000000,0.910000000000,0.010000000000,0
2,1912,cotton,N,absolute,10.000000000000,140.000000000000,140.000000000000,True,cotton,cotton,1.000000000000,1.000000000000,cotton|apple|banana,cotton|apple|banana,False,1.000000000000,1.000000000000,0.000000000000,0
3,100,maize,N,absolute,10.000000000000,71.000000000000,81.000000000000,False,maize,maize,0.990000000000,0.990000000000,maize|mothbeans|apple,maize|mothbeans|apple,False,0.980000000000,0.980000000000,0.000000000000,0
4,1645,orange,N,absolute,10.000000000000,40.000000000000,50.000000000000,False,orange,orange,0.990000000000,0.930000000000,orange|pomegranate|apple,orange|papaya|blackgram,False,0.980000000000,0.890000000000,0.060000000000,0
5,221,chickpea,N,absolute,10.000000000000,25.000000000000,35.000000000000,False,chickpea,chickpea,1.000000000000,1.000000000000,chickpea|apple|banana,chickpea|apple|banana,False,1.000000000000,1.000000000000,0.000000000000,0
6,28,rice,N,absolute,10.000000000000,60.000000000000,70.000000000000,False,rice,rice,0.990000000000,0.980000000000,rice|jute|apple,rice|jute|apple,False,0.980000000000,0.960000000000,0.010000000000,0
7,701,blackgram,N,absolute,10.000000000000,25.000000000000,35.000000000000,False,blackgram,blackgram,0.970000000000,0.940000000000,blackgram|lentil|apple,blackgram|lentil|pigeonpeas,False,0.940000000000,0.900000000000,0.030000000000,0
8,1097,banana,N,absolute,10.000000000000,110.000000000000,120.000000000000,False,banana,banana,1.000000000000,1.000000000000,banana|apple|blackgram,banana|apple|blackgram,False,1.000000000000,1.000000000000,0.000000000000,0
9,1638,orange,N,absolute,10.000000000000,10.000000000000,20.000000000000,False,orange,orange,1.000000000000,1.000000000000,orange|apple|banana,orange|apple|banana,False,1.000000000000,1.000000000000,0.000000000000,0
10,1391,watermelon,N,absolute,10.000000000000,100.000000000000,110.000000000000,False,watermelon,watermelon,1.000000000000,1.000000000000,watermelon|apple|banana,watermelon|apple|banana,False,1.000000000000,1.000000000000,0.000000000000,0
11,901,pomegranate,N,absolute,10.000000000000,6.000000000000,16.000000000000,False,pomegranate,pomegranate,1.000000000000,0.990000000000,pomegranate|apple|banana,pomegranate|orange|apple,False,1.000000000000,0.980000000000,0.010000000000,0
12,1386,watermelon,N,absolute,10.000000000000,92.000000000000,102.000000000000,False,watermelon,watermelon,1.000000000000,1.000000000000,watermelon|apple|banana,watermelon|apple|banana,False,1.000000000000,1.000000000000,0.000000000000,0
13,171,maize,N,absolute,10.000000000000,62.000000000000,72.000000000000,False,maize,maize,1.000000000000,1.000000000000,maize|apple|banana,maize|apple|banana,False,1.000000000000,1.000000000000,0.000000000000,0
14,544,mothbeans,N,absolute,10.000000000000,32.000000000000,42.000000000000,False,mothbeans,mothbeans,0.810000000000,0.680000000000,mothbeans|blackgram|pigeonpeas,mothbeans|blackgram|maize,False,0.740000000000,0.510000000000,0.130000000000,0
15,1264,grapes,N,absolute,10.000000000000,15.000000000000,25.000000000000,False,grapes,grapes,1.000000000000,1.000000000000,grapes|apple|banana,grapes|apple|banana,False,1.000000000000,1.000000000000,0.000000000000,0
16,1220,grapes,N,absolute,10.000000000000,39.000000000000,49.000000000000,False,grapes,grapes,1.000000000000,0.990000000000,grapes|apple|banana,grapes|papaya|apple,False,1.000000000000,0.980000000000,0.010000000000,0
17,1154,mango,N,absolute,10.000000000000,36.000000000000,46.000000000000,False,mango,mango,1.000000000000,0.970000000000,mango|apple|banana,mango|papaya|apple,False,1.000000000000,0.940000000000,0.030000000000,0
18,1131,mango,N,absolute,10.000000000000,33.000000000000,43.000000000000,False,mango,mango,0.980000000000,0.950000000000,mango|mothbeans|papaya,mango|papaya|mothbeans,False,0.970000000000,0.910000000000,0.030000000000,0
19,1514,apple,N,absolute,10.000000000000,0.000000000000,10.000000000000,False,apple,apple,1.000000000000,1.000000000000,apple|banana|blackgram,apple|banana|blackgram,False,1.000000000000,1.000000000000,0.000000000000,0
20,795,blackgram,N,absolute,10.000000000000,58.000000000000,68.000000000000,False,blackgram,maize,0.990000000000,0.490000000000,blackgram|lentil|apple,maize|blackgram|banana,True,0.980000000000,0.180000000000,0.500000000000,1
21,1502,apple,N,absolute,10.000000000000,14.000000000000,24.000000000000,False,apple,apple,1.000000000000,1.000000000000,apple|banana|blackgram,apple|banana|blackgram,False,1.000000000000,1.000000000000,0.000000000000,0
22,585,mothbeans,N,absolute,10.000000000000,11.000000000000,21.000000000000,False,mothbeans,mothbeans,0.790000000000,0.810000000000,mothbeans|lentil|blackgram,mothbeans|lentil|blackgram,False,0.610000000000,0.670000000000,0.020000000000,0
23,387,kidneybeans,N,absolute,10.000000000000,13.000000000000,23.000000000000,False,kidneybeans,kidneybeans,0.990000000000,1.000000000000,kidneybeans|pigeonpeas|apple,kidneybeans|apple|banana,False,0.980000000000,1.000000000000,0.010000000000,0
24,1591,apple,N,absolute,10.000000000000,29.000000000000,39.000000000000,False,apple,apple,0.980000000000,0.990000000000,apple|grapes|banana,apple|grapes|banana,False,0.960000000000,0.980000000000,0.010000000000,0
25,2003,jute,N,absolute,10.000000000000,86.000000000000,96.000000000000,False,jute,jute,0.980000000000,0.880000000000,jute|rice|watermelon,jute|rice|coffee,False,0.970000000000,0.780000000000,0.100000000000,0
26,505,mothbeans,N,absolute,10.000000000000,32.000000000000,42.000000000000,False,mothbeans,mothbeans,0.890000000000,0.750000000000,mothbeans|blackgram|pigeonpeas,mothbeans|blackgram|pigeonpeas,False,0.840000000000,0.580000000000,0.140000000000,0
27,1342,watermelon,N,absolute,10.000000000000,86.000000000000,96.000000000000,False,watermelon,watermelon,1.000000000000,1.000000000000,watermelon|apple|banana,watermelon|apple|banana,False,1.000000000000,1.000000000000,0.000000000000,0
28,0,rice,N,absolute,10.000000000000,90.000000000000,100.000000000000,False,rice,rice,0.900000000000,0.820000000000,rice|jute|apple,rice|jute|banana,False,0.800000000000,0.680000000000,0.080000000000,0
29,2106,coffee,N,absolute,10.000000000000,109.000000000000,119.000000000000,False,coffee,coffee,1.000000000000,1.000000000000,coffee|apple|banana,coffee|apple|banana,False,1.000000000000,1.000000000000,0.000000000000,0
30,1102,mango,N,absolute,10.000000000000,21.000000000000,31.000000000000,False,mango,mango,0.920000000000,0.920000000000,mango|coconut|coffee,mango|coconut|coffee,False,0.900000000000,0.900000000000,0.000000000000,0
31,2086,jute,N,absolute,10.000000000000,72.000000000000,82.000000000000,False,jute,jute,0.930000000000,0.920000000000,jute|rice|banana,jute|rice|banana,False,0.870000000000,0.860000000000,0.010000000000,0
32,1036,banana,N,absolute,10.000000000000,117.000000000000,127.000000000000,False,banana,banana,1.000000000000,0.990000000000,banana|apple|blackgram,banana|cotton|apple,False,1.000000000000,0.980000000000,0.010000000000,0
33,2167,coffee,N,absolute,10.000000000000,89.000000000000,99.000000000000,False,coffee,coffee,1.000000000000,1.000000000000,coffee|apple|banana,coffee|apple|banana,False,1.000000000000,1.000000000000,0.000000000000,0
34,2050,jute,N,absolute,10.000000000000,75.000000000000,85.000000000000,False,jute,jute,0.990000000000,1.000000000000,jute|rice|apple,jute|apple|banana,False,0.980000000000,1.000000000000,0.010000000000,0
35,737,blackgram,N,absolute,10.000000000000,57.000000000000,67.000000000000,False,blackgram,maize,0.910000000000,0.740000000000,blackgram|maize|lentil,maize|blackgram|cotton,True,0.830000000000,0.590000000000,0.170000000000,1
36,1298,grapes,N,absolute,10.000000000000,37.000000000000,47.000000000000,False,grapes,grapes,1.000000000000,0.990000000000,grapes|apple|banana,grapes|papaya|apple,False,1.000000000000,0.980000000000,0.010000000000,0
37,1200,grapes,N,absolute,10.000000000000,24.000000000000,34.000000000000,False,grapes,grapes,1.000000000000,1.000000000000,grapes|apple|banana,grapes|apple|banana,False,1.000000000000,1.000000000000,0.000000000000,0
38,731,blackgram,N,absolute,10.000000000000,25.000000000000,35.000000000000,False,blackgram,blackgram,0.990000000000,0.990000000000,blackgram|mothbeans|apple,blackgram|mothbeans|apple,False,0.980000000000,0.980000000000,0.000000000000,0
39,2042,jute,N,absolute,10.000000000000,89.000000000000,99.000000000000,False,jute,jute,0.930000000000,0.830000000000,jute|rice|papaya,jute|rice|banana,False,0.890000000000,0.700000000000,0.100000000000,0
40,1829,coconut,N,absolute,10.000000000000,33.000000000000,43.000000000000,False,coconut,coconut,1.000000000000,0.980000000000,coconut|apple|banana,coconut|papaya|apple,False,1.000000000000,0.960000000000,0.020000000000,0
41,1716,papaya,N,absolute,10.000000000000,49.000000000000,59.000000000000,False,papaya,papaya,0.990000000000,0.990000000000,papaya|grapes|apple,papaya|grapes|apple,False,0.980000000000,0.980000000000,0.000000000000,0
42,1156,mango,N,absolute,10.000000000000,26.000000000000,36.000000000000,False,mango,mango,1.000000000000,1.000000000000,mango|apple|banana,mango|apple|banana,False,1.000000000000,1.000000000000,0.000000000000,0
43,185,maize,N,absolute,10.000000000000,88.000000000000,98.000000000000,False,maize,maize,0.970000000000,0.950000000000,maize|mothbeans|coffee,maize|coffee|mothbeans,False,0.950000000000,0.920000000000,0.020000000000,0
44,861,lentil,N,absolute,10.000000000000,19.000000000000,29.000000000000,False,lentil,lentil,0.980000000000,0.990000000000,lentil|blackgram|apple,lentil|blackgram|apple,False,0.960000000000,0.980000000000,0.010000000000,0
45,2022,jute,N,absolute,10.000000000000,84.000000000000,94.000000000000,False,jute,jute,0.940000000000,0.830000000000,jute|rice|watermelon,jute|rice|watermelon,False,0.890000000000,0.670000000000,0.110000000000,0
46,1973,cotton,N,absolute,10.000000000000,117.000000000000,127.000000000000,False,cotton,cotton,0.960000000000,0.970000000000,cotton|maize|banana,cotton|banana|jute,False,0.940000000000,0.960000000000,0.010000000000,0
47,850,lentil,N,absolute,10.000000000000,13.000000000000,23.000000000000,False,lentil,lentil,0.900000000000,0.890000000000,lentil|mothbeans|blackgram,lentil|mothbeans|blackgram,False,0.840000000000,0.830000000000,0.010000000000,0
48,203,chickpea,N,absolute,10.000000000000,22.000000000000,32.000000000000,False,chickpea,chickpea,1.000000000000,1.000000000000,chickpea|apple|banana,chickpea|apple|banana,False,1.000000000000,1.000000000000,0.000000000000,0
49,696,mungbean,N,absolute,10.000000000000,4.000000000000,14.000000000000,False,mungbean,mungbean,1.000000000000,1.000000000000,mungbean|apple|banana,mungbean|apple|banana,False,1.000000000000,1.000000000000,0.000000000000,0
50,1737,papaya,N,absolute,10.000000000000,65.000000000000,75.000000000000,False,papaya,papaya,0.930000000000,0.910000000000,papaya|rice|apple,papaya|rice|jute,False,0.860000000000,0.840000000000,0.020000000000,0
51,961,pomegranate,N,absolute,10.000000000000,23.000000000000,33.000000000000,False,pomegranate,pomegranate,0.990000000000,0.990000000000,pomegranate|orange|apple,pomegranate|orange|apple,False,0.980000000000,0.980000000000,0.000000000000,0
52,405,pigeonpeas,N,absolute,10.000000000000,30.000000000000,40.000000000000,False,pigeonpeas,pigeonpeas,0.920000000000,0.910000000000,pigeonpeas|mango|coconut,pigeonpeas|mango|blackgram,False,0.850000000000,0.850000000000,0.010000000000,0
53,1392,watermelon,N,absolute,10.000000000000,83.000000000000,93.000000000000,False,watermelon,watermelon,1.000000000000,1.000000000000,watermelon|apple|banana,watermelon|apple|banana,False,1.000000000000,1.000000000000,0.000000000000,0
54,1158,mango,N,absolute,10.000000000000,11.000000000000,21.000000000000,False,mango,mango,0.980000000000,0.980000000000,mango|mothbeans|orange,mango|mothbeans|orange,False,0.970000000000,0.970000000000,0.000000000000,0
55,768,blackgram,N,absolute,10.000000000000,23.000000000000,33.000000000000,False,blackgram,blackgram,0.680000000000,0.710000000000,blackgram|mothbeans|lentil,blackgram|mothbeans|pigeonpeas,False,0.440000000000,0.500000000000,0.030000000000,0
56,1763,papaya,N,absolute,10.000000000000,70.000000000000,80.000000000000,False,papaya,papaya,0.990000000000,0.720000000000,papaya|banana|apple,papaya|banana|muskmelon,False,0.980000000000,0.580000000000,0.270000000000,0
57,1798,papaya,N,absolute,10.000000000000,56.000000000000,66.000000000000,False,papaya,papaya,1.000000000000,0.990000000000,papaya|apple|banana,papaya|jute|apple,False,1.000000000000,0.980000000000,0.010000000000,0
58,2173,coffee,N,absolute,10.000000000000,119.000000000000,129.000000000000,False,coffee,coffee,0.980000000000,0.970000000000,coffee|coconut|apple,coffee|coconut|cotton,False,0.960000000000,0.950000000000,0.010000000000,0
59,825,lentil,N,absolute,10.000000000000,18.000000000000,28.000000000000,False,lentil,lentil,0.990000000000,0.970000000000,lentil|blackgram|apple,lentil|blackgram|mothbeans,False,0.980000000000,0.950000000000,0.020000000000,0
60,813,lentil,N,absolute,10.000000000000,27.000000000000,37.000000000000,False,lentil,lentil,0.820000000000,0.840000000000,lentil|mothbeans|blackgram,lentil|mothbeans|blackgram,False,0.710000000000,0.730000000000,0.020000000000,0
61,539,mothbeans,N,absolute,10.000000000000,9.000000000000,19.000000000000,False,mothbeans,mothbeans,0.960000000000,0.940000000000,mothbeans|lentil|pigeonpeas,mothbeans|lentil|blackgram,False,0.930000000000,0.900000000000,0.020000000000,0
62,2157,coffee,N,absolute,10.000000000000,115.000000000000,125.000000000000,False,coffee,coffee,1.000000000000,1.000000000000,coffee|apple|banana,coffee|apple|banana,False,1.000000000000,1.000000000000,0.000000000000,0
63,1032,banana,N,absolute,10.000000000000,105.000000000000,115.000000000000,False,banana,banana,0.970000000000,0.970000000000,banana|jute|apple,banana|jute|apple,False,0.940000000000,0.940000000000,0.000000000000,0
64,1707,papaya,N,absolute,10.000000000000,34.000000000000,44.000000000000,False,papaya,papaya,0.930000000000,0.990000000000,papaya|pomegranate|pigeonpeas,papaya|rice|apple,False,0.900000000000,0.980000000000,0.060000000000,0
65,54,rice,N,absolute,10.000000000000,95.000000000000,105.000000000000,False,rice,rice,0.980000000000,0.810000000000,rice|jute|apple,rice|jute|banana,False,0.960000000000,0.750000000000,0.170000000000,0
66,1630,orange,N,absolute,10.000000000000,29.000000000000,39.000000000000,False,orange,orange,0.980000000000,0.990000000000,orange|mango|pomegranate,orange|mango|apple,False,0.970000000000,0.980000000000,0.010000000000,0
67,1818,coconut,N,absolute,10.000000000000,22.000000000000,32.000000000000,False,coconut,coconut,1.000000000000,1.000000000000,coconut|apple|banana,coconut|apple|banana,False,1.000000000000,1.000000000000,0.000000000000,0
69,920,pomegranate,N,absolute,10.000000000000,9.000000000000,19.000000000000,False,pomegranate,pomegranate,0.970000000000,0.950000000000,pomegranate|orange|apple,pomegranate|orange|apple,False,0.940000000000,0.900000000000,0.020000000000,0
70,1033,banana,N,absolute,10.000000000000,102.000000000000,112.000000000000,False,banana,banana,1.000000000000,1.000000000000,banana|apple|blackgram,banana|apple|blackgram,False,1.000000000000,1.000000000000,0.000000000000,0
71,1458,muskmelon,N,absolute,10.000000000000,89.000000000000,99.000000000000,False,muskmelon,muskmelon,1.000000000000,1.000000000000,muskmelon|apple|banana,muskmelon|apple|banana,False,1.000000000000,1.000000000000,0.000000000000,0
72,1369,watermelon,N,absolute,10.000000000000,113.000000000000,123.000000000000,False,watermelon,watermelon,1.000000000000,1.000000000000,watermelon|apple|banana,watermelon|apple|banana,False,1.000000000000,1.000000000000,0.000000000000,0
73,859,lentil,N,absolute,10.000000000000,23.000000000000,33.000000000000,False,lentil,lentil,1.000000000000,1.000000000000,lentil|apple|banana,lentil|apple|banana,False,1.000000000000,1.000000000000,0.000000000000,0
75,1854,coconut,N,absolute,10.000000000000,39.000000000000,49.000000000000,False,coconut,coconut,1.000000000000,0.960000000000,coconut|apple|banana,coconut|papaya|coffee,False,1.000000000000,0.940000000000,0.040000000000,0
76,575,mothbeans,N,absolute,10.000000000000,27.000000000000,37.000000000000,False,mothbeans,mothbeans,0.900000000000,0.900000000000,mothbeans|lentil|mungbean,mothbeans|lentil|mungbean,False,0.820000000000,0.820000000000,0.000000000000,0
77,606,mungbean,N,absolute,10.000000000000,34.000000000000,44.000000000000,False,mungbean,mungbean,0.980000000000,0.900000000000,mungbean|blackgram|apple,mungbean|blackgram|papaya,False,0.960000000000,0.830000000000,0.080000000000,0
78,614,mungbean,N,absolute,10.000000000000,21.000000000000,31.000000000000,False,mungbean,mungbean,0.970000000000,0.970000000000,mungbean|mothbeans|orange,mungbean|mothbeans|orange,False,0.950000000000,0.950000000000,0.000000000000,0
80,2182,coffee,N,absolute,10.000000000000,103.000000000000,113.000000000000,False,coffee,coffee,0.990000000000,0.990000000000,coffee|coconut|apple,coffee|coconut|apple,False,0.980000000000,0.980000000000,0.000000000000,0
82,1473,muskmelon,N,absolute,10.000000000000,94.000000000000,104.000000000000,False,muskmelon,muskmelon,1.000000000000,1.000000000000,muskmelon|apple|banana,muskmelon|apple|banana,False,1.000000000000,1.000000000000,0.000000000000,0
83,303,kidneybeans,N,absolute,10.000000000000,40.000000000000,50.000000000000,False,kidneybeans,kidneybeans,0.950000000000,0.890000000000,kidneybeans|chickpea|pigeonpeas,kidneybeans|chickpea|blackgram,False,0.910000000000,0.830000000000,0.060000000000,0
85,937,pomegranate,N,absolute,10.000000000000,36.000000000000,46.000000000000,False,pomegranate,pomegranate,0.910000000000,0.830000000000,pomegranate|papaya|orange,pomegranate|papaya|orange,False,0.870000000000,0.730000000000,0.080000000000,0
86,1697,orange,N,absolute,10.000000000000,6.000000000000,16.000000000000,False,orange,orange,0.980000000000,0.980000000000,orange|mango|pomegranate,orange|mango|pomegranate,False,0.970000000000,0.970000000000,0.000000000000,0
87,1987,cotton,N,absolute,10.000000000000,117.000000000000,127.000000000000,False,cotton,cotton,1.000000000000,1.000000000000,cotton|apple|banana,cotton|apple|banana,False,1.000000000000,1.000000000000,0.000000000000,0
88,1851,coconut,N,absolute,10.000000000000,18.000000000000,28.000000000000,False,coconut,coconut,0.990000000000,0.990000000000,coconut|coffee|apple,coconut|coffee|apple,False,0.980000000000,0.980000000000,0.000000000000,0
91,613,mungbean,N,absolute,10.000000000000,28.000000000000,38.000000000000,False,mungbean,mungbean,1.000000000000,1.000000000000,mungbean|apple|banana,mungbean|apple|banana,False,1.000000000000,1.000000000000,0.000000000000,0
93,1960,cotton,N,absolute,10.000000000000,131.000000000000,140.000000000000,True,cotton,cotton,1.000000000000,1.000000000000,cotton|apple|banana,cotton|apple|banana,False,1.000000000000,1.000000000000,0.000000000000,0
95,1225,grapes,N,absolute,10.000000000000,24.000000000000,34.000000000000,False,grapes,grapes,1.000000000000,1.000000000000,grapes|apple|banana,grapes|apple|banana,False,1.000000000000,1.000000000000,0.000000000000,0
96,1988,cotton,N,absolute,10.000000000000,126.000000000000,136.000000000000,False,cotton,cotton,1.000000000000,1.000000000000,cotton|apple|banana,cotton|apple|banana,False,1.000000000000,1.000000000000,0.000000000000,0
97,227,chickpea,N,absolute,10.000000000000,59.000000000000,69.000000000000,False,chickpea,chickpea,0.940000000000,0.710000000000,chickpea|kidneybeans|coffee,chickpea|coffee|maize,False,0.910000000000,0.630000000000,0.230000000000,0
100,1499,muskmelon,N,absolute,10.000000000000,106.000000000000,116.000000000000,False,muskmelon,muskmelon,1.000000000000,1.000000000000,muskmelon|apple|banana,muskmelon|apple|banana,False,1.000000000000,1.000000000000,0.000000000000,0
101,989,pomegranate,N,absolute,10.000000000000,3.000000000000,13.000000000000,False,pomegranate,pomegranate,0.990000000000,0.990000000000,pomegranate|orange|apple,pomegranate|orange|apple,False,0.980000000000,0.980000000000,0.000000000000,0
103,497,pigeonpeas,N,absolute,10.000000000000,20.000000000000,30.000000000000,False,pigeonpeas,pigeonpeas,0.980000000000,0.970000000000,pigeonpeas|blackgram|papaya,pigeonpeas|papaya|blackgram,False,0.970000000000,0.950000000000,0.010000000000,0
104,472,pigeonpeas,N,absolute,10.000000000000,5.000000000000,15.000000000000,False,pigeonpeas,pigeonpeas,0.940000000000,0.950000000000,pigeonpeas|lentil|mothbeans,pigeonpeas|lentil|mothbeans,False,0.900000000000,0.910000000000,0.010000000000,0
106,323,kidneybeans,N,absolute,10.000000000000,37.000000000000,47.000000000000,False,kidneybeans,kidneybeans,0.990000000000,0.880000000000,kidneybeans|chickpea|apple,kidneybeans|chickpea|blackgram,False,0.980000000000,0.800000000000,0.110000000000,0
108,44,rice,N,absolute,10.000000000000,85.000000000000,95.000000000000,False,rice,rice,0.900000000000,0.900000000000,rice|jute|papaya,rice|jute|banana,False,0.830000000000,0.840000000000,0.000000000000,0
109,84,rice,N,absolute,10.000000000000,67.000000000000,77.000000000000,False,rice,rice,1.000000000000,1.000000000000,rice|apple|banana,rice|apple|banana,False,1.000000000000,1.000000000000,0.000000000000,0
110,1551,apple,N,absolute,10.000000000000,20.000000000000,30.000000000000,False,apple,apple,1.000000000000,1.000000000000,apple|banana|blackgram,apple|banana|blackgram,False,1.000000000000,1.000000000000,0.000000000000,0
111,647,mungbean,N,absolute,10.000000000000,35.000000000000,45.000000000000,False,mungbean,mungbean,1.000000000000,0.900000000000,mungbean|apple|banana,mungbean|blackgram|papaya,False,1.000000000000,0.840000000000,0.100000000000,0
115,1456,muskmelon,N,absolute,10.000000000000,118.000000000000,128.000000000000,False,muskmelon,muskmelon,1.000000000000,1.000000000000,muskmelon|apple|banana,muskmelon|apple|banana,False,1.000000000000,1.000000000000,0.000000000000,0
121,250,chickpea,N,absolute,10.000000000000,43.000000000000,53.000000000000,False,chickpea,chickpea,1.000000000000,1.000000000000,chickpea|apple|banana,chickpea|apple|banana,False,1.000000000000,1.000000000000,0.000000000000,0
122,199,maize,N,absolute,10.000000000000,83.000000000000,93.000000000000,False,maize,maize,0.940000000000,0.940000000000,maize|coffee|blackgram,maize|coffee|blackgram,False,0.920000000000,0.920000000000,0.000000000000,0
124,110,maize,N,absolute,10.000000000000,70.000000000000,80.000000000000,False,maize,maize,0.970000000000,0.980000000000,maize|cotton|mungbean,maize|cotton|mungbean,False,0.960000000000,0.970000000000,0.010000000000,0
128,1859,coconut,N,absolute,10.000000000000,37.000000000000,47.000000000000,False,coconut,coconut,1.000000000000,0.990000000000,coconut|apple|banana,coconut|papaya|apple,False,1.000000000000,0.980000000000,0.010000000000,0
131,226,chickpea,N,absolute,10.000000000000,36.000000000000,46.000000000000,False,chickpea,chickpea,0.920000000000,0.940000000000,chickpea|kidneybeans|apple,chickpea|kidneybeans|apple,False,0.840000000000,0.880000000000,0.020000000000,0
136,1552,apple,N,absolute,10.000000000000,28.000000000000,38.000000000000,False,apple,apple,1.000000000000,1.000000000000,apple|banana|blackgram,apple|banana|blackgram,False,1.000000000000,1.000000000000,0.000000000000,0
148,461,pigeonpeas,N,absolute,10.000000000000,20.000000000000,30.000000000000,False,pigeonpeas,pigeonpeas,0.990000000000,0.990000000000,pigeonpeas|lentil|apple,pigeonpeas|lentil|apple,False,0.980000000000,0.980000000000,0.000000000000,0
156,474,pigeonpeas,N,absolute,10.000000000000,9.000000000000,19.000000000000,False,pigeonpeas,pigeonpeas,0.970000000000,0.980000000000,pigeonpeas|coffee|kidneybeans,pigeonpeas|coffee|kidneybeans,False,0.960000000000,0.970000000000,0.010000000000,0
157,1419,muskmelon,N,absolute,10.000000000000,87.000000000000,97.000000000000,False,muskmelon,muskmelon,1.000000000000,1.000000000000,muskmelon|apple|banana,muskmelon|apple|banana,False,1.000000000000,1.000000000000,0.000000000000,0
164,305,kidneybeans,N,absolute,10.000000000000,26.000000000000,36.000000000000,False,kidneybeans,kidneybeans,0.990000000000,0.980000000000,kidneybeans|pigeonpeas|apple,kidneybeans|chickpea|pigeonpeas,False,0.980000000000,0.970000000000,0.010000000000,0
189,361,kidneybeans,N,absolute,10.000000000000,24.000000000000,34.000000000000,False,kidneybeans,kidneybeans,1.000000000000,1.000000000000,kidneybeans|apple|banana,kidneybeans|apple|banana,False,1.000000000000,1.000000000000,0.000000000000,0
0,1609,orange,P,absolute,-10.000000000000,23.000000000000,13.000000000000,False,orange,orange,0.970000000000,0.960000000000,orange|pomegranate|apple,orange|pomegranate|apple,False,0.940000000000,0.920000000000,0.010000000000,0
1,1072,banana,P,absolute,-10.000000000000,79.000000000000,69.000000000000,False,banana,banana,0.930000000000,0.560000000000,banana|papaya|cotton,banana|papaya|jute,False,0.890000000000,0.280000000000,0.370000000000,0
2,1912,cotton,P,absolute,-10.000000000000,38.000000000000,28.000000000000,False,cotton,cotton,1.000000000000,0.670000000000,cotton|apple|banana,cotton|watermelon|orange,False,1.000000000000,0.510000000000,0.330000000000,0
3,100,maize,P,absolute,-10.000000000000,54.000000000000,44.000000000000,False,maize,maize,0.990000000000,1.000000000000,maize|mothbeans|apple,maize|apple|banana,False,0.980000000000,1.000000000000,0.010000000000,0
4,1645,orange,P,absolute,-10.000000000000,22.000000000000,12.000000000000,False,orange,orange,0.990000000000,0.990000000000,orange|pomegranate|apple,orange|pomegranate|apple,False,0.980000000000,0.980000000000,0.000000000000,0
5,221,chickpea,P,absolute,-10.000000000000,68.000000000000,58.000000000000,False,chickpea,chickpea,1.000000000000,1.000000000000,chickpea|apple|banana,chickpea|apple|banana,False,1.000000000000,1.000000000000,0.000000000000,0
6,28,rice,P,absolute,-10.000000000000,49.000000000000,39.000000000000,False,rice,rice,0.990000000000,0.980000000000,rice|jute|apple,rice|jute|apple,False,0.980000000000,0.960000000000,0.010000000000,0
7,701,blackgram,P,absolute,-10.000000000000,62.000000000000,52.000000000000,False,blackgram,mothbeans,0.970000000000,0.490000000000,blackgram|lentil|apple,mothbeans|blackgram|maize,True,0.940000000000,0.030000000000,0.480000000000,1
8,1097,banana,P,absolute,-10.000000000000,71.000000000000,61.000000000000,False,banana,banana,1.000000000000,0.490000000000,banana|apple|blackgram,banana|papaya|rice,False,1.000000000000,0.290000000000,0.510000000000,0
9,1638,orange,P,absolute,-10.000000000000,5.000000000000,5.000000000000,True,orange,orange,1.000000000000,1.000000000000,orange|apple|banana,orange|apple|banana,False,1.000000000000,1.000000000000,0.000000000000,0
10,1391,watermelon,P,absolute,-10.000000000000,10.000000000000,5.000000000000,True,watermelon,watermelon,1.000000000000,1.000000000000,watermelon|apple|banana,watermelon|apple|banana,False,1.000000000000,1.000000000000,0.000000000000,0
11,901,pomegranate,P,absolute,-10.000000000000,18.000000000000,8.000000000000,False,pomegranate,pomegranate,1.000000000000,0.990000000000,pomegranate|apple|banana,pomegranate|orange|apple,False,1.000000000000,0.980000000000,0.010000000000,0
12,1386,watermelon,P,absolute,-10.000000000000,7.000000000000,5.000000000000,True,watermelon,watermelon,1.000000000000,1.000000000000,watermelon|apple|banana,watermelon|apple|banana,False,1.000000000000,1.000000000000,0.000000000000,0
13,171,maize,P,absolute,-10.000000000000,48.000000000000,38.000000000000,False,maize,maize,1.000000000000,0.980000000000,maize|apple|banana,maize|coffee|mango,False,1.000000000000,0.970000000000,0.020000000000,0
14,544,mothbeans,P,absolute,-10.000000000000,48.000000000000,38.000000000000,False,mothbeans,mothbeans,0.810000000000,0.780000000000,mothbeans|blackgram|pigeonpeas,mothbeans|maize|blackgram,False,0.740000000000,0.710000000000,0.030000000000,0
15,1264,grapes,P,absolute,-10.000000000000,140.000000000000,130.000000000000,False,grapes,grapes,1.000000000000,1.000000000000,grapes|apple|banana,grapes|apple|banana,False,1.000000000000,1.000000000000,0.000000000000,0
16,1220,grapes,P,absolute,-10.000000000000,145.000000000000,135.000000000000,False,grapes,grapes,1.000000000000,1.000000000000,grapes|apple|banana,grapes|apple|banana,False,1.000000000000,1.000000000000,0.000000000000,0
17,1154,mango,P,absolute,-10.000000000000,26.000000000000,16.000000000000,False,mango,mango,1.000000000000,1.000000000000,mango|apple|banana,mango|apple|banana,False,1.000000000000,1.000000000000,0.000000000000,0
18,1131,mango,P,absolute,-10.000000000000,29.000000000000,19.000000000000,False,mango,mango,0.980000000000,0.990000000000,mango|mothbeans|papaya,mango|mothbeans|apple,False,0.970000000000,0.980000000000,0.010000000000,0
19,1514,apple,P,absolute,-10.000000000000,133.000000000000,123.000000000000,False,apple,apple,1.000000000000,1.000000000000,apple|banana|blackgram,apple|banana|blackgram,False,1.000000000000,1.000000000000,0.000000000000,0
20,795,blackgram,P,absolute,-10.000000000000,73.000000000000,63.000000000000,False,blackgram,blackgram,0.990000000000,1.000000000000,blackgram|lentil|apple,blackgram|apple|banana,False,0.980000000000,1.000000000000,0.010000000000,0
21,1502,apple,P,absolute,-10.000000000000,128.000000000000,118.000000000000,False,apple,apple,1.000000000000,0.990000000000,apple|banana|blackgram,apple|grapes|banana,False,1.000000000000,0.980000000000,0.010000000000,0
22,585,mothbeans,P,absolute,-10.000000000000,40.000000000000,30.000000000000,False,mothbeans,mothbeans,0.790000000000,0.590000000000,mothbeans|lentil|blackgram,mothbeans|mango|lentil,False,0.610000000000,0.410000000000,0.200000000000,0
23,387,kidneybeans,P,absolute,-10.000000000000,69.000000000000,59.000000000000,False,kidneybeans,kidneybeans,0.990000000000,0.990000000000,kidneybeans|pigeonpeas|apple,kidneybeans|pigeonpeas|apple,False,0.980000000000,0.980000000000,0.000000000000,0
24,1591,apple,P,absolute,-10.000000000000,140.000000000000,130.000000000000,False,apple,apple,0.980000000000,0.990000000000,apple|grapes|banana,apple|grapes|banana,False,0.960000000000,0.980000000000,0.010000000000,0
25,2003,jute,P,absolute,-10.000000000000,40.000000000000,30.000000000000,False,jute,jute,0.980000000000,0.360000000000,jute|rice|watermelon,jute|coffee|coconut,False,0.970000000000,0.190000000000,0.620000000000,0
26,505,mothbeans,P,absolute,-10.000000000000,43.000000000000,33.000000000000,False,mothbeans,mothbeans,0.890000000000,0.700000000000,mothbeans|blackgram|pigeonpeas,mothbeans|mango|blackgram,False,0.840000000000,0.460000000000,0.190000000000,0
27,1342,watermelon,P,absolute,-10.000000000000,6.000000000000,5.000000000000,True,watermelon,watermelon,1.000000000000,1.000000000000,watermelon|apple|banana,watermelon|apple|banana,False,1.000000000000,1.000000000000,0.000000000000,0
28,0,rice,P,absolute,-10.000000000000,42.000000000000,32.000000000000,False,rice,rice,0.900000000000,0.490000000000,rice|jute|apple,rice|coffee|watermelon,False,0.800000000000,0.330000000000,0.410000000000,0
29,2106,coffee,P,absolute,-10.000000000000,31.000000000000,21.000000000000,False,coffee,coffee,1.000000000000,1.000000000000,coffee|apple|banana,coffee|apple|banana,False,1.000000000000,1.000000000000,0.000000000000,0
30,1102,mango,P,absolute,-10.000000000000,26.000000000000,16.000000000000,False,mango,mango,0.920000000000,0.920000000000,mango|coconut|coffee,mango|coconut|coffee,False,0.900000000000,0.900000000000,0.000000000000,0
31,2086,jute,P,absolute,-10.000000000000,41.000000000000,31.000000000000,False,jute,jute,0.930000000000,0.310000000000,jute|rice|banana,jute|rice|coconut,False,0.870000000000,0.120000000000,0.620000000000,0
32,1036,banana,P,absolute,-10.000000000000,79.000000000000,69.000000000000,False,banana,banana,1.000000000000,0.640000000000,banana|apple|blackgram,banana|papaya|jute,False,1.000000000000,0.450000000000,0.360000000000,0
33,2167,coffee,P,absolute,-10.000000000000,28.000000000000,18.000000000000,False,coffee,coffee,1.000000000000,1.000000000000,coffee|apple|banana,coffee|apple|banana,False,1.000000000000,1.000000000000,0.000000000000,0
34,2050,jute,P,absolute,-10.000000000000,56.000000000000,46.000000000000,False,jute,jute,0.990000000000,1.000000000000,jute|rice|apple,jute|apple|banana,False,0.980000000000,1.000000000000,0.010000000000,0
35,737,blackgram,P,absolute,-10.000000000000,60.000000000000,50.000000000000,False,blackgram,blackgram,0.910000000000,0.560000000000,blackgram|maize|lentil,blackgram|mothbeans|maize,False,0.830000000000,0.270000000000,0.350000000000,0
36,1298,grapes,P,absolute,-10.000000000000,124.000000000000,114.000000000000,False,grapes,grapes,1.000000000000,1.000000000000,grapes|apple|banana,grapes|apple|banana,False,1.000000000000,1.000000000000,0.000000000000,0
37,1200,grapes,P,absolute,-10.000000000000,130.000000000000,120.000000000000,False,grapes,grapes,1.000000000000,1.000000000000,grapes|apple|banana,grapes|apple|banana,False,1.000000000000,1.000000000000,0.000000000000,0
38,731,blackgram,P,absolute,-10.000000000000,65.000000000000,55.000000000000,False,blackgram,blackgram,0.990000000000,0.640000000000,blackgram|mothbeans|apple,blackgram|mothbeans|pigeonpeas,False,0.980000000000,0.370000000000,0.350000000000,0
39,2042,jute,P,absolute,-10.000000000000,52.000000000000,42.000000000000,False,jute,jute,0.930000000000,0.950000000000,jute|rice|papaya,jute|rice|banana,False,0.890000000000,0.910000000000,0.020000000000,0
40,1829,coconut,P,absolute,-10.000000000000,14.000000000000,5.000000000000,True,coconut,coconut,1.000000000000,1.000000000000,coconut|apple|banana,coconut|apple|banana,False,1.000000000000,1.000000000000,0.000000000000,0
41,1716,papaya,P,absolute,-10.000000000000,55.000000000000,45.000000000000,False,papaya,papaya,0.990000000000,0.970000000000,papaya|grapes|apple,papaya|cotton|grapes,False,0.980000000000,0.960000000000,0.020000000000,0
42,1156,mango,P,absolute,-10.000000000000,18.000000000000,8.000000000000,False,mango,mango,1.000000000000,0.970000000000,mango|apple|banana,mango|coconut|pomegranate,False,1.000000000000,0.950000000000,0.030000000000,0
43,185,maize,P,absolute,-10.000000000000,38.000000000000,28.000000000000,False,maize,maize,0.970000000000,0.750000000000,maize|mothbeans|coffee,maize|coffee|watermelon,False,0.950000000000,0.620000000000,0.220000000000,0
44,861,lentil,P,absolute,-10.000000000000,79.000000000000,69.000000000000,False,lentil,lentil,0.980000000000,0.980000000000,lentil|blackgram|apple,lentil|blackgram|apple,False,0.960000000000,0.960000000000,0.000000000000,0
45,2022,jute,P,absolute,-10.000000000000,55.000000000000,45.000000000000,False,jute,jute,0.940000000000,0.940000000000,jute|rice|watermelon,jute|rice|watermelon,False,0.890000000000,0.890000000000,0.000000000000,0
46,1973,cotton,P,absolute,-10.000000000000,51.000000000000,41.000000000000,False,cotton,cotton,0.960000000000,0.960000000000,cotton|maize|banana,cotton|maize|banana,False,0.940000000000,0.940000000000,0.000000000000,0
47,850,lentil,P,absolute,-10.000000000000,74.000000000000,64.000000000000,False,lentil,lentil,0.900000000000,0.900000000000,lentil|mothbeans|blackgram,lentil|mothbeans|blackgram,False,0.840000000000,0.840000000000,0.000000000000,0
48,203,chickpea,P,absolute,-10.000000000000,72.000000000000,62.000000000000,False,chickpea,chickpea,1.000000000000,1.000000000000,chickpea|apple|banana,chickpea|apple|banana,False,1.000000000000,1.000000000000,0.000000000000,0
49,696,mungbean,P,absolute,-10.000000000000,44.000000000000,34.000000000000,False,mungbean,mungbean,1.000000000000,0.820000000000,mungbean|apple|banana,mungbean|orange|mango,False,1.000000000000,0.730000000000,0.180000000000,0
50,1737,papaya,P,absolute,-10.000000000000,62.000000000000,52.000000000000,False,papaya,papaya,0.930000000000,0.910000000000,papaya|rice|apple,papaya|rice|apple,False,0.860000000000,0.820000000000,0.020000000000,0
51,961,pomegranate,P,absolute,-10.000000000000,30.000000000000,20.000000000000,False,pomegranate,pomegranate,0.990000000000,0.990000000000,pomegranate|orange|apple,pomegranate|orange|apple,False,0.980000000000,0.980000000000,0.000000000000,0
52,405,pigeonpeas,P,absolute,-10.000000000000,75.000000000000,65.000000000000,False,pigeonpeas,pigeonpeas,0.920000000000,0.910000000000,pigeonpeas|mango|coconut,pigeonpeas|mango|blackgram,False,0.850000000000,0.840000000000,0.010000000000,0
53,1392,watermelon,P,absolute,-10.000000000000,22.000000000000,12.000000000000,False,watermelon,watermelon,1.000000000000,1.000000000000,watermelon|apple|banana,watermelon|apple|banana,False,1.000000000000,1.000000000000,0.000000000000,0
54,1158,mango,P,absolute,-10.000000000000,34.000000000000,24.000000000000,False,mango,mango,0.980000000000,0.980000000000,mango|mothbeans|orange,mango|mothbeans|orange,False,0.970000000000,0.970000000000,0.000000000000,0
55,768,blackgram,P,absolute,-10.000000000000,57.000000000000,47.000000000000,False,blackgram,mothbeans,0.680000000000,0.550000000000,blackgram|mothbeans|lentil,mothbeans|blackgram|lentil,True,0.440000000000,0.180000000000,0.130000000000,1
56,1763,papaya,P,absolute,-10.000000000000,65.000000000000,55.000000000000,False,papaya,papaya,0.990000000000,0.990000000000,papaya|banana|apple,papaya|banana|apple,False,0.980000000000,0.980000000000,0.000000000000,0
57,1798,papaya,P,absolute,-10.000000000000,59.000000000000,49.000000000000,False,papaya,papaya,1.000000000000,1.000000000000,papaya|apple|banana,papaya|apple|banana,False,1.000000000000,1.000000000000,0.000000000000,0
58,2173,coffee,P,absolute,-10.000000000000,30.000000000000,20.000000000000,False,coffee,coffee,0.980000000000,0.980000000000,coffee|coconut|apple,coffee|coconut|apple,False,0.960000000000,0.960000000000,0.000000000000,0
59,825,lentil,P,absolute,-10.000000000000,66.000000000000,56.000000000000,False,lentil,lentil,0.990000000000,0.910000000000,lentil|blackgram|apple,lentil|mothbeans|blackgram,False,0.980000000000,0.830000000000,0.080000000000,0
60,813,lentil,P,absolute,-10.000000000000,80.000000000000,70.000000000000,False,lentil,lentil,0.820000000000,0.830000000000,lentil|mothbeans|blackgram,lentil|mothbeans|blackgram,False,0.710000000000,0.720000000000,0.010000000000,0
61,539,mothbeans,P,absolute,-10.000000000000,49.000000000000,39.000000000000,False,mothbeans,mothbeans,0.960000000000,0.970000000000,mothbeans|lentil|pigeonpeas,mothbeans|lentil|mungbean,False,0.930000000000,0.950000000000,0.010000000000,0
62,2157,coffee,P,absolute,-10.000000000000,31.000000000000,21.000000000000,False,coffee,coffee,1.000000000000,1.000000000000,coffee|apple|banana,coffee|apple|banana,False,1.000000000000,1.000000000000,0.000000000000,0
63,1032,banana,P,absolute,-10.000000000000,74.000000000000,64.000000000000,False,banana,banana,0.970000000000,0.430000000000,banana|jute|apple,banana|jute|papaya,False,0.940000000000,0.140000000000,0.540000000000,0
64,1707,papaya,P,absolute,-10.000000000000,65.000000000000,55.000000000000,False,papaya,papaya,0.930000000000,0.930000000000,papaya|pomegranate|pigeonpeas,papaya|pomegranate|pigeonpeas,False,0.900000000000,0.900000000000,0.000000000000,0
65,54,rice,P,absolute,-10.000000000000,52.000000000000,42.000000000000,False,rice,rice,0.980000000000,0.990000000000,rice|jute|apple,rice|jute|apple,False,0.960000000000,0.980000000000,0.010000000000,0
66,1630,orange,P,absolute,-10.000000000000,25.000000000000,15.000000000000,False,orange,orange,0.980000000000,0.980000000000,orange|mango|pomegranate,orange|mango|pomegranate,False,0.970000000000,0.970000000000,0.000000000000,0
67,1818,coconut,P,absolute,-10.000000000000,11.000000000000,5.000000000000,True,coconut,coconut,1.000000000000,1.000000000000,coconut|apple|banana,coconut|apple|banana,False,1.000000000000,1.000000000000,0.000000000000,0
69,920,pomegranate,P,absolute,-10.000000000000,8.000000000000,5.000000000000,True,pomegranate,pomegranate,0.970000000000,0.980000000000,pomegranate|orange|apple,pomegranate|orange|apple,False,0.940000000000,0.960000000000,0.010000000000,0
70,1033,banana,P,absolute,-10.000000000000,71.000000000000,61.000000000000,False,banana,banana,1.000000000000,0.490000000000,banana|apple|blackgram,banana|papaya|cotton,False,1.000000000000,0.300000000000,0.510000000000,0
71,1458,muskmelon,P,absolute,-10.000000000000,9.000000000000,5.000000000000,True,muskmelon,muskmelon,1.000000000000,1.000000000000,muskmelon|apple|banana,muskmelon|apple|banana,False,1.000000000000,1.000000000000,0.000000000000,0
72,1369,watermelon,P,absolute,-10.000000000000,19.000000000000,9.000000000000,False,watermelon,watermelon,1.000000000000,1.000000000000,watermelon|apple|banana,watermelon|apple|banana,False,1.000000000000,1.000000000000,0.000000000000,0
73,859,lentil,P,absolute,-10.000000000000,75.000000000000,65.000000000000,False,lentil,lentil,1.000000000000,0.990000000000,lentil|apple|banana,lentil|blackgram|apple,False,1.000000000000,0.980000000000,0.010000000000,0
75,1854,coconut,P,absolute,-10.000000000000,29.000000000000,19.000000000000,False,coconut,coconut,1.000000000000,1.000000000000,coconut|apple|banana,coconut|apple|banana,False,1.000000000000,1.000000000000,0.000000000000,0
76,575,mothbeans,P,absolute,-10.000000000000,59.000000000000,49.000000000000,False,mothbeans,mothbeans,0.900000000000,0.990000000000,mothbeans|lentil|mungbean,mothbeans|lentil|apple,False,0.820000000000,0.980000000000,0.090000000000,0
77,606,mungbean,P,absolute,-10.000000000000,59.000000000000,49.000000000000,False,mungbean,mungbean,0.980000000000,1.000000000000,mungbean|blackgram|apple,mungbean|apple|banana,False,0.960000000000,1.000000000000,0.020000000000,0
78,614,mungbean,P,absolute,-10.000000000000,38.000000000000,28.000000000000,False,mungbean,mungbean,0.970000000000,0.600000000000,mungbean|mothbeans|orange,mungbean|orange|mango,False,0.950000000000,0.470000000000,0.370000000000,0
80,2182,coffee,P,absolute,-10.000000000000,33.000000000000,23.000000000000,False,coffee,coffee,0.990000000000,0.990000000000,coffee|coconut|apple,coffee|coconut|apple,False,0.980000000000,0.980000000000,0.000000000000,0
82,1473,muskmelon,P,absolute,-10.000000000000,5.000000000000,5.000000000000,True,muskmelon,muskmelon,1.000000000000,1.000000000000,muskmelon|apple|banana,muskmelon|apple|banana,False,1.000000000000,1.000000000000,0.000000000000,0
83,303,kidneybeans,P,absolute,-10.000000000000,64.000000000000,54.000000000000,False,kidneybeans,kidneybeans,0.950000000000,0.890000000000,kidneybeans|chickpea|pigeonpeas,kidneybeans|chickpea|mothbeans,False,0.910000000000,0.850000000000,0.060000000000,0
85,937,pomegranate,P,absolute,-10.000000000000,24.000000000000,14.000000000000,False,pomegranate,pomegranate,0.910000000000,0.890000000000,pomegranate|papaya|orange,pomegranate|orange|papaya,False,0.870000000000,0.840000000000,0.020000000000,0
86,1697,orange,P,absolute,-10.000000000000,7.000000000000,5.000000000000,True,orange,orange,0.980000000000,0.970000000000,orange|mango|pomegranate,orange|coconut|mango,False,0.970000000000,0.960000000000,0.010000000000,0
87,1987,cotton,P,absolute,-10.000000000000,43.000000000000,33.000000000000,False,cotton,cotton,1.000000000000,0.840000000000,cotton|apple|banana,cotton|watermelon|coffee,False,1.000000000000,0.740000000000,0.160000000000,0
88,1851,coconut,P,absolute,-10.000000000000,19.000000000000,9.000000000000,False,coconut,coconut,0.990000000000,0.990000000000,coconut|coffee|apple,coconut|coffee|apple,False,0.980000000000,0.980000000000,0.000000000000,0
91,613,mungbean,P,absolute,-10.000000000000,46.000000000000,36.000000000000,False,mungbean,mungbean,1.000000000000,0.990000000000,mungbean|apple|banana,mungbean|mothbeans|apple,False,1.000000000000,0.980000000000,0.010000000000,0
93,1960,cotton,P,absolute,-10.000000000000,60.000000000000,50.000000000000,False,cotton,cotton,1.000000000000,1.000000000000,cotton|apple|banana,cotton|apple|banana,False,1.000000000000,1.000000000000,0.000000000000,0
95,1225,grapes,P,absolute,-10.000000000000,140.000000000000,130.000000000000,False,grapes,grapes,1.000000000000,0.990000000000,grapes|apple|banana,grapes|apple|banana,False,1.000000000000,0.980000000000,0.010000000000,0
96,1988,cotton,P,absolute,-10.000000000000,37.000000000000,27.000000000000,False,cotton,cotton,1.000000000000,0.670000000000,cotton|apple|banana,cotton|watermelon|orange,False,1.000000000000,0.500000000000,0.330000000000,0
97,227,chickpea,P,absolute,-10.000000000000,60.000000000000,50.000000000000,False,chickpea,chickpea,0.940000000000,0.940000000000,chickpea|kidneybeans|coffee,chickpea|coffee|kidneybeans,False,0.910000000000,0.920000000000,0.000000000000,0
100,1499,muskmelon,P,absolute,-10.000000000000,16.000000000000,6.000000000000,False,muskmelon,muskmelon,1.000000000000,1.000000000000,muskmelon|apple|banana,muskmelon|apple|banana,False,1.000000000000,1.000000000000,0.000000000000,0
101,989,pomegranate,P,absolute,-10.000000000000,26.000000000000,16.000000000000,False,pomegranate,pomegranate,0.990000000000,0.960000000000,pomegranate|orange|apple,pomegranate|orange|apple,False,0.980000000000,0.920000000000,0.030000000000,0
103,497,pigeonpeas,P,absolute,-10.000000000000,60.000000000000,50.000000000000,False,pigeonpeas,pigeonpeas,0.980000000000,0.800000000000,pigeonpeas|blackgram|papaya,pigeonpeas|mothbeans|jute,False,0.970000000000,0.670000000000,0.180000000000,0
104,472,pigeonpeas,P,absolute,-10.000000000000,68.000000000000,58.000000000000,False,pigeonpeas,pigeonpeas,0.940000000000,0.890000000000,pigeonpeas|lentil|mothbeans,pigeonpeas|mothbeans|lentil,False,0.900000000000,0.850000000000,0.050000000000,0
106,323,kidneybeans,P,absolute,-10.000000000000,64.000000000000,54.000000000000,False,kidneybeans,kidneybeans,0.990000000000,0.930000000000,kidneybeans|chickpea|apple,kidneybeans|mothbeans|chickpea,False,0.980000000000,0.910000000000,0.060000000000,0
108,44,rice,P,absolute,-10.000000000000,52.000000000000,42.000000000000,False,rice,rice,0.900000000000,0.890000000000,rice|jute|papaya,rice|jute|banana,False,0.830000000000,0.790000000000,0.010000000000,0
109,84,rice,P,absolute,-10.000000000000,58.000000000000,48.000000000000,False,rice,rice,1.000000000000,1.000000000000,rice|apple|banana,rice|apple|banana,False,1.000000000000,1.000000000000,0.000000000000,0
110,1551,apple,P,absolute,-10.000000000000,139.000000000000,129.000000000000,False,apple,apple,1.000000000000,1.000000000000,apple|banana|blackgram,apple|banana|blackgram,False,1.000000000000,1.000000000000,0.000000000000,0
111,647,mungbean,P,absolute,-10.000000000000,48.000000000000,38.000000000000,False,mungbean,mungbean,1.000000000000,0.990000000000,mungbean|apple|banana,mungbean|mothbeans|apple,False,1.000000000000,0.980000000000,0.010000000000,0
115,1456,muskmelon,P,absolute,-10.000000000000,12.000000000000,5.000000000000,True,muskmelon,muskmelon,1.000000000000,1.000000000000,muskmelon|apple|banana,muskmelon|apple|banana,False,1.000000000000,1.000000000000,0.000000000000,0
121,250,chickpea,P,absolute,-10.000000000000,79.000000000000,69.000000000000,False,chickpea,chickpea,1.000000000000,1.000000000000,chickpea|apple|banana,chickpea|apple|banana,False,1.000000000000,1.000000000000,0.000000000000,0
122,199,maize,P,absolute,-10.000000000000,57.000000000000,47.000000000000,False,maize,maize,0.940000000000,0.970000000000,maize|coffee|blackgram,maize|coffee|cotton,False,0.920000000000,0.950000000000,0.030000000000,0
124,110,maize,P,absolute,-10.000000000000,44.000000000000,34.000000000000,False,maize,maize,0.970000000000,0.800000000000,maize|cotton|mungbean,maize|coffee|orange,False,0.960000000000,0.690000000000,0.170000000000,0
128,1859,coconut,P,absolute,-10.000000000000,10.000000000000,5.000000000000,True,coconut,coconut,1.000000000000,1.000000000000,coconut|apple|banana,coconut|apple|banana,False,1.000000000000,1.000000000000,0.000000000000,0
131,226,chickpea,P,absolute,-10.000000000000,65.000000000000,55.000000000000,False,chickpea,chickpea,0.920000000000,0.920000000000,chickpea|kidneybeans|apple,chickpea|kidneybeans|apple,False,0.840000000000,0.840000000000,0.000000000000,0
136,1552,apple,P,absolute,-10.000000000000,123.000000000000,113.000000000000,False,apple,apple,1.000000000000,1.000000000000,apple|banana|blackgram,apple|banana|blackgram,False,1.000000000000,1.000000000000,0.000000000000,0
148,461,pigeonpeas,P,absolute,-10.000000000000,77.000000000000,67.000000000000,False,pigeonpeas,pigeonpeas,0.990000000000,1.000000000000,pigeonpeas|lentil|apple,pigeonpeas|apple|banana,False,0.980000000000,1.000000000000,0.010000000000,0
156,474,pigeonpeas,P,absolute,-10.000000000000,59.000000000000,49.000000000000,False,pigeonpeas,pigeonpeas,0.970000000000,0.800000000000,pigeonpeas|coffee|kidneybeans,pigeonpeas|mothbeans|coffee,False,0.960000000000,0.700000000000,0.170000000000,0
157,1419,muskmelon,P,absolute,-10.000000000000,14.000000000000,5.000000000000,True,muskmelon,muskmelon,1.000000000000,1.000000000000,muskmelon|apple|banana,muskmelon|apple|banana,False,1.000000000000,1.000000000000,0.000000000000,0
164,305,kidneybeans,P,absolute,-10.000000000000,65.000000000000,55.000000000000,False,kidneybeans,kidneybeans,0.990000000000,0.960000000000,kidneybeans|pigeonpeas|apple,kidneybeans|pigeonpeas|mothbeans,False,0.980000000000,0.930000000000,0.030000000000,0
189,361,kidneybeans,P,absolute,-10.000000000000,67.000000000000,57.000000000000,False,kidneybeans,kidneybeans,1.000000000000,1.000000000000,kidneybeans|apple|banana,kidneybeans|apple|banana,False,1.000000000000,1.000000000000,0.000000000000,0
0,1609,orange,P,absolute,-5.000000000000,23.000000000000,18.000000000000,False,orange,orange,0.970000000000,0.970000000000,orange|pomegranate|apple,orange|pomegranate|apple,False,0.940000000000,0.940000000000,0.000000000000,0
1,1072,banana,P,absolute,-5.000000000000,79.000000000000,74.000000000000,False,banana,banana,0.930000000000,0.930000000000,banana|papaya|cotton,banana|papaya|cotton,False,0.890000000000,0.890000000000,0.000000000000,0
2,1912,cotton,P,absolute,-5.000000000000,38.000000000000,33.000000000000,False,cotton,cotton,1.000000000000,0.860000000000,cotton|apple|banana,cotton|watermelon|orange,False,1.000000000000,0.790000000000,0.140000000000,0
3,100,maize,P,absolute,-5.000000000000,54.000000000000,49.000000000000,False,maize,maize,0.990000000000,1.000000000000,maize|mothbeans|apple,maize|apple|banana,False,0.980000000000,1.000000000000,0.010000000000,0
4,1645,orange,P,absolute,-5.000000000000,22.000000000000,17.000000000000,False,orange,orange,0.990000000000,0.990000000000,orange|pomegranate|apple,orange|pomegranate|apple,False,0.980000000000,0.980000000000,0.000000000000,0
5,221,chickpea,P,absolute,-5.000000000000,68.000000000000,63.000000000000,False,chickpea,chickpea,1.000000000000,1.000000000000,chickpea|apple|banana,chickpea|apple|banana,False,1.000000000000,1.000000000000,0.000000000000,0
6,28,rice,P,absolute,-5.000000000000,49.000000000000,44.000000000000,False,rice,rice,0.990000000000,1.000000000000,rice|jute|apple,rice|apple|banana,False,0.980000000000,1.000000000000,0.010000000000,0
7,701,blackgram,P,absolute,-5.000000000000,62.000000000000,57.000000000000,False,blackgram,blackgram,0.970000000000,0.700000000000,blackgram|lentil|apple,blackgram|mothbeans|lentil,False,0.940000000000,0.460000000000,0.270000000000,0
8,1097,banana,P,absolute,-5.000000000000,71.000000000000,66.000000000000,False,banana,banana,1.000000000000,0.620000000000,banana|apple|blackgram,banana|papaya|rice,False,1.000000000000,0.410000000000,0.380000000000,0
9,1638,orange,P,absolute,-5.000000000000,5.000000000000,5.000000000000,True,orange,orange,1.000000000000,1.000000000000,orange|apple|banana,orange|apple|banana,False,1.000000000000,1.000000000000,0.000000000000,0
10,1391,watermelon,P,absolute,-5.000000000000,10.000000000000,5.000000000000,False,watermelon,watermelon,1.000000000000,1.000000000000,watermelon|apple|banana,watermelon|apple|banana,False,1.000000000000,1.000000000000,0.000000000000,0
11,901,pomegranate,P,absolute,-5.000000000000,18.000000000000,13.000000000000,False,pomegranate,pomegranate,1.000000000000,1.000000000000,pomegranate|apple|banana,pomegranate|apple|banana,False,1.000000000000,1.000000000000,0.000000000000,0
12,1386,watermelon,P,absolute,-5.000000000000,7.000000000000,5.000000000000,True,watermelon,watermelon,1.000000000000,1.000000000000,watermelon|apple|banana,watermelon|apple|banana,False,1.000000000000,1.000000000000,0.000000000000,0
13,171,maize,P,absolute,-5.000000000000,48.000000000000,43.000000000000,False,maize,maize,1.000000000000,1.000000000000,maize|apple|banana,maize|apple|banana,False,1.000000000000,1.000000000000,0.000000000000,0
14,544,mothbeans,P,absolute,-5.000000000000,48.000000000000,43.000000000000,False,mothbeans,mothbeans,0.810000000000,0.800000000000,mothbeans|blackgram|pigeonpeas,mothbeans|blackgram|maize,False,0.740000000000,0.730000000000,0.010000000000,0
15,1264,grapes,P,absolute,-5.000000000000,140.000000000000,135.000000000000,False,grapes,grapes,1.000000000000,1.000000000000,grapes|apple|banana,grapes|apple|banana,False,1.000000000000,1.000000000000,0.000000000000,0
16,1220,grapes,P,absolute,-5.000000000000,145.000000000000,140.000000000000,False,grapes,grapes,1.000000000000,1.000000000000,grapes|apple|banana,grapes|apple|banana,False,1.000000000000,1.000000000000,0.000000000000,0
17,1154,mango,P,absolute,-5.000000000000,26.000000000000,21.000000000000,False,mango,mango,1.000000000000,1.000000000000,mango|apple|banana,mango|apple|banana,False,1.000000000000,1.000000000000,0.000000000000,0
18,1131,mango,P,absolute,-5.000000000000,29.000000000000,24.000000000000,False,mango,mango,0.980000000000,0.990000000000,mango|mothbeans|papaya,mango|mothbeans|apple,False,0.970000000000,0.980000000000,0.010000000000,0
19,1514,apple,P,absolute,-5.000000000000,133.000000000000,128.000000000000,False,apple,apple,1.000000000000,1.000000000000,apple|banana|blackgram,apple|banana|blackgram,False,1.000000000000,1.000000000000,0.000000000000,0
20,795,blackgram,P,absolute,-5.000000000000,73.000000000000,68.000000000000,False,blackgram,blackgram,0.990000000000,1.000000000000,blackgram|lentil|apple,blackgram|apple|banana,False,0.980000000000,1.000000000000,0.010000000000,0
21,1502,apple,P,absolute,-5.000000000000,128.000000000000,123.000000000000,False,apple,apple,1.000000000000,1.000000000000,apple|banana|blackgram,apple|banana|blackgram,False,1.000000000000,1.000000000000,0.000000000000,0
22,585,mothbeans,P,absolute,-5.000000000000,40.000000000000,35.000000000000,False,mothbeans,mothbeans,0.790000000000,0.770000000000,mothbeans|lentil|blackgram,mothbeans|lentil|mungbean,False,0.610000000000,0.590000000000,0.020000000000,0
23,387,kidneybeans,P,absolute,-5.000000000000,69.000000000000,64.000000000000,False,kidneybeans,kidneybeans,0.990000000000,0.990000000000,kidneybeans|pigeonpeas|apple,kidneybeans|pigeonpeas|apple,False,0.980000000000,0.980000000000,0.000000000000,0
24,1591,apple,P,absolute,-5.000000000000,140.000000000000,135.000000000000,False,apple,apple,0.980000000000,0.990000000000,apple|grapes|banana,apple|grapes|banana,False,0.960000000000,0.980000000000,0.010000000000,0
25,2003,jute,P,absolute,-5.000000000000,40.000000000000,35.000000000000,False,jute,jute,0.980000000000,0.820000000000,jute|rice|watermelon,jute|rice|watermelon,False,0.970000000000,0.650000000000,0.160000000000,0
26,505,mothbeans,P,absolute,-5.000000000000,43.000000000000,38.000000000000,False,mothbeans,mothbeans,0.890000000000,0.870000000000,mothbeans|blackgram|pigeonpeas,mothbeans|mango|blackgram,False,0.840000000000,0.810000000000,0.020000000000,0
27,1342,watermelon,P,absolute,-5.000000000000,6.000000000000,5.000000000000,True,watermelon,watermelon,1.000000000000,1.000000000000,watermelon|apple|banana,watermelon|apple|banana,False,1.000000000000,1.000000000000,0.000000000000,0
28,0,rice,P,absolute,-5.000000000000,42.000000000000,37.000000000000,False,rice,rice,0.900000000000,0.910000000000,rice|jute|apple,rice|jute|apple,False,0.800000000000,0.820000000000,0.010000000000,0
29,2106,coffee,P,absolute,-5.000000000000,31.000000000000,26.000000000000,False,coffee,coffee,1.000000000000,1.000000000000,coffee|apple|banana,coffee|apple|banana,False,1.000000000000,1.000000000000,0.000000000000,0
30,1102,mango,P,absolute,-5.000000000000,26.000000000000,21.000000000000,False,mango,mango,0.920000000000,0.920000000000,mango|coconut|coffee,mango|coconut|coffee,False,0.900000000000,0.900000000000,0.000000000000,0
31,2086,jute,P,absolute,-5.000000000000,41.000000000000,36.000000000000,False,jute,jute,0.930000000000,0.720000000000,jute|rice|banana,jute|rice|banana,False,0.870000000000,0.460000000000,0.210000000000,0
32,1036,banana,P,absolute,-5.000000000000,79.000000000000,74.000000000000,False,banana,banana,1.000000000000,1.000000000000,banana|apple|blackgram,banana|apple|blackgram,False,1.000000000000,1.000000000000,0.000000000000,0
33,2167,coffee,P,absolute,-5.000000000000,28.000000000000,23.000000000000,False,coffee,coffee,1.000000000000,1.000000000000,coffee|apple|banana,coffee|apple|banana,False,1.000000000000,1.000000000000,0.000000000000,0
34,2050,jute,P,absolute,-5.000000000000,56.000000000000,51.000000000000,False,jute,jute,0.990000000000,1.000000000000,jute|rice|apple,jute|apple|banana,False,0.980000000000,1.000000000000,0.010000000000,0
35,737,blackgram,P,absolute,-5.000000000000,60.000000000000,55.000000000000,False,blackgram,blackgram,0.910000000000,0.830000000000,blackgram|maize|lentil,blackgram|maize|mothbeans,False,0.830000000000,0.720000000000,0.080000000000,0
36,1298,grapes,P,absolute,-5.000000000000,124.000000000000,119.000000000000,False,grapes,grapes,1.000000000000,1.000000000000,grapes|apple|banana,grapes|apple|banana,False,1.000000000000,1.000000000000,0.000000000000,0
37,1200,grapes,P,absolute,-5.000000000000,130.000000000000,125.000000000000,False,grapes,grapes,1.000000000000,1.000000000000,grapes|apple|banana,grapes|apple|banana,False,1.000000000000,1.000000000000,0.000000000000,0
38,731,blackgram,P,absolute,-5.000000000000,65.000000000000,60.000000000000,False,blackgram,blackgram,0.990000000000,0.930000000000,blackgram|mothbeans|apple,blackgram|mothbeans|pigeonpeas,False,0.980000000000,0.900000000000,0.060000000000,0
39,2042,jute,P,absolute,-5.000000000000,52.000000000000,47.000000000000,False,jute,jute,0.930000000000,0.950000000000,jute|rice|papaya,jute|rice|banana,False,0.890000000000,0.920000000000,0.020000000000,0
40,1829,coconut,P,absolute,-5.000000000000,14.000000000000,9.000000000000,False,coconut,coconut,1.000000000000,1.000000000000,coconut|apple|banana,coconut|apple|banana,False,1.000000000000,1.000000000000,0.000000000000,0
41,1716,papaya,P,absolute,-5.000000000000,55.000000000000,50.000000000000,False,papaya,papaya,0.990000000000,0.990000000000,papaya|grapes|apple,papaya|grapes|apple,False,0.980000000000,0.980000000000,0.000000000000,0
42,1156,mango,P,absolute,-5.000000000000,18.000000000000,13.000000000000,False,mango,mango,1.000000000000,0.970000000000,mango|apple|banana,mango|coconut|pomegranate,False,1.000000000000,0.950000000000,0.030000000000,0
43,185,maize,P,absolute,-5.000000000000,38.000000000000,33.000000000000,False,maize,maize,0.970000000000,0.790000000000,maize|mothbeans|coffee,maize|coffee|orange,False,0.950000000000,0.670000000000,0.180000000000,0
44,861,lentil,P,absolute,-5.000000000000,79.000000000000,74.000000000000,False,lentil,lentil,0.980000000000,0.980000000000,lentil|blackgram|apple,lentil|blackgram|apple,False,0.960000000000,0.960000000000,0.000000000000,0
45,2022,jute,P,absolute,-5.000000000000,55.000000000000,50.000000000000,False,jute,jute,0.940000000000,0.940000000000,jute|rice|watermelon,jute|rice|watermelon,False,0.890000000000,0.890000000000,0.000000000000,0
46,1973,cotton,P,absolute,-5.000000000000,51.000000000000,46.000000000000,False,cotton,cotton,0.960000000000,0.960000000000,cotton|maize|banana,cotton|maize|banana,False,0.940000000000,0.940000000000,0.000000000000,0
47,850,lentil,P,absolute,-5.000000000000,74.000000000000,69.000000000000,False,lentil,lentil,0.900000000000,0.910000000000,lentil|mothbeans|blackgram,lentil|mothbeans|blackgram,False,0.840000000000,0.850000000000,0.010000000000,0
48,203,chickpea,P,absolute,-5.000000000000,72.000000000000,67.000000000000,False,chickpea,chickpea,1.000000000000,1.000000000000,chickpea|apple|banana,chickpea|apple|banana,False,1.000000000000,1.000000000000,0.000000000000,0
49,696,mungbean,P,absolute,-5.000000000000,44.000000000000,39.000000000000,False,mungbean,mungbean,1.000000000000,1.000000000000,mungbean|apple|banana,mungbean|apple|banana,False,1.000000000000,1.000000000000,0.000000000000,0
50,1737,papaya,P,absolute,-5.000000000000,62.000000000000,57.000000000000,False,papaya,papaya,0.930000000000,0.910000000000,papaya|rice|apple,papaya|rice|apple,False,0.860000000000,0.820000000000,0.020000000000,0
51,961,pomegranate,P,absolute,-5.000000000000,30.000000000000,25.000000000000,False,pomegranate,pomegranate,0.990000000000,0.990000000000,pomegranate|orange|apple,pomegranate|orange|apple,False,0.980000000000,0.980000000000,0.000000000000,0
52,405,pigeonpeas,P,absolute,-5.000000000000,75.000000000000,70.000000000000,False,pigeonpeas,pigeonpeas,0.920000000000,0.920000000000,pigeonpeas|mango|coconut,pigeonpeas|mango|coconut,False,0.850000000000,0.850000000000,0.000000000000,0
53,1392,watermelon,P,absolute,-5.000000000000,22.000000000000,17.000000000000,False,watermelon,watermelon,1.000000000000,1.000000000000,watermelon|apple|banana,watermelon|apple|banana,False,1.000000000000,1.000000000000,0.000000000000,0
54,1158,mango,P,absolute,-5.000000000000,34.000000000000,29.000000000000,False,mango,mango,0.980000000000,0.980000000000,mango|mothbeans|orange,mango|mothbeans|orange,False,0.970000000000,0.970000000000,0.000000000000,0
55,768,blackgram,P,absolute,-5.000000000000,57.000000000000,52.000000000000,False,blackgram,mothbeans,0.680000000000,0.520000000000,blackgram|mothbeans|lentil,mothbeans|blackgram|lentil,True,0.440000000000,0.110000000000,0.160000000000,1
56,1763,papaya,P,absolute,-5.000000000000,65.000000000000,60.000000000000,False,papaya,papaya,0.990000000000,0.990000000000,papaya|banana|apple,papaya|banana|apple,False,0.980000000000,0.980000000000,0.000000000000,0
57,1798,papaya,P,absolute,-5.000000000000,59.000000000000,54.000000000000,False,papaya,papaya,1.000000000000,1.000000000000,papaya|apple|banana,papaya|apple|banana,False,1.000000000000,1.000000000000,0.000000000000,0
58,2173,coffee,P,absolute,-5.000000000000,30.000000000000,25.000000000000,False,coffee,coffee,0.980000000000,0.980000000000,coffee|coconut|apple,coffee|coconut|apple,False,0.960000000000,0.960000000000,0.000000000000,0
59,825,lentil,P,absolute,-5.000000000000,66.000000000000,61.000000000000,False,lentil,lentil,0.990000000000,0.990000000000,lentil|blackgram|apple,lentil|blackgram|apple,False,0.980000000000,0.980000000000,0.000000000000,0
60,813,lentil,P,absolute,-5.000000000000,80.000000000000,75.000000000000,False,lentil,lentil,0.820000000000,0.820000000000,lentil|mothbeans|blackgram,lentil|mothbeans|blackgram,False,0.710000000000,0.710000000000,0.000000000000,0
61,539,mothbeans,P,absolute,-5.000000000000,49.000000000000,44.000000000000,False,mothbeans,mothbeans,0.960000000000,0.960000000000,mothbeans|lentil|pigeonpeas,mothbeans|lentil|pigeonpeas,False,0.930000000000,0.930000000000,0.000000000000,0
62,2157,coffee,P,absolute,-5.000000000000,31.000000000000,26.000000000000,False,coffee,coffee,1.000000000000,1.000000000000,coffee|apple|banana,coffee|apple|banana,False,1.000000000000,1.000000000000,0.000000000000,0
63,1032,banana,P,absolute,-5.000000000000,74.000000000000,69.000000000000,False,banana,banana,0.970000000000,0.620000000000,banana|jute|apple,banana|jute|papaya,False,0.940000000000,0.430000000000,0.350000000000,0
64,1707,papaya,P,absolute,-5.000000000000,65.000000000000,60.000000000000,False,papaya,papaya,0.930000000000,0.930000000000,papaya|pomegranate|pigeonpeas,papaya|pomegranate|pigeonpeas,False,0.900000000000,0.900000000000,0.000000000000,0
65,54,rice,P,absolute,-5.000000000000,52.000000000000,47.000000000000,False,rice,rice,0.980000000000,0.990000000000,rice|jute|apple,rice|jute|apple,False,0.960000000000,0.980000000000,0.010000000000,0
66,1630,orange,P,absolute,-5.000000000000,25.000000000000,20.000000000000,False,orange,orange,0.980000000000,0.980000000000,orange|mango|pomegranate,orange|mango|pomegranate,False,0.970000000000,0.970000000000,0.000000000000,0
67,1818,coconut,P,absolute,-5.000000000000,11.000000000000,6.000000000000,False,coconut,coconut,1.000000000000,1.000000000000,coconut|apple|banana,coconut|apple|banana,False,1.000000000000,1.000000000000,0.000000000000,0
69,920,pomegranate,P,absolute,-5.000000000000,8.000000000000,5.000000000000,True,pomegranate,pomegranate,0.970000000000,0.980000000000,pomegranate|orange|apple,pomegranate|orange|apple,False,0.940000000000,0.960000000000,0.010000000000,0
70,1033,banana,P,absolute,-5.000000000000,71.000000000000,66.000000000000,False,banana,banana,1.000000000000,0.630000000000,banana|apple|blackgram,banana|papaya|rice,False,1.000000000000,0.430000000000,0.370000000000,0
71,1458,muskmelon,P,absolute,-5.000000000000,9.000000000000,5.000000000000,True,muskmelon,muskmelon,1.000000000000,1.000000000000,muskmelon|apple|banana,muskmelon|apple|banana,False,1.000000000000,1.000000000000,0.000000000000,0
72,1369,watermelon,P,absolute,-5.000000000000,19.000000000000,14.000000000000,False,watermelon,watermelon,1.000000000000,1.000000000000,watermelon|apple|banana,watermelon|apple|banana,False,1.000000000000,1.000000000000,0.000000000000,0
73,859,lentil,P,absolute,-5.000000000000,75.000000000000,70.000000000000,False,lentil,lentil,1.000000000000,1.000000000000,lentil|apple|banana,lentil|apple|banana,False,1.000000000000,1.000000000000,0.000000000000,0
75,1854,coconut,P,absolute,-5.000000000000,29.000000000000,24.000000000000,False,coconut,coconut,1.000000000000,1.000000000000,coconut|apple|banana,coconut|apple|banana,False,1.000000000000,1.000000000000,0.000000000000,0
76,575,mothbeans,P,absolute,-5.000000000000,59.000000000000,54.000000000000,False,mothbeans,mothbeans,0.900000000000,0.990000000000,mothbeans|lentil|mungbean,mothbeans|lentil|apple,False,0.820000000000,0.980000000000,0.090000000000,0
77,606,mungbean,P,absolute,-5.000000000000,59.000000000000,54.000000000000,False,mungbean,mungbean,0.980000000000,1.000000000000,mungbean|blackgram|apple,mungbean|apple|banana,False,0.960000000000,1.000000000000,0.020000000000,0
78,614,mungbean,P,absolute,-5.000000000000,38.000000000000,33.000000000000,False,mungbean,mungbean,0.970000000000,0.810000000000,mungbean|mothbeans|orange,mungbean|mango|orange,False,0.950000000000,0.750000000000,0.160000000000,0
80,2182,coffee,P,absolute,-5.000000000000,33.000000000000,28.000000000000,False,coffee,coffee,0.990000000000,0.990000000000,coffee|coconut|apple,coffee|coconut|apple,False,0.980000000000,0.980000000000,0.000000000000,0
82,1473,muskmelon,P,absolute,-5.000000000000,5.000000000000,5.000000000000,True,muskmelon,muskmelon,1.000000000000,1.000000000000,muskmelon|apple|banana,muskmelon|apple|banana,False,1.000000000000,1.000000000000,0.000000000000,0
83,303,kidneybeans,P,absolute,-5.000000000000,64.000000000000,59.000000000000,False,kidneybeans,kidneybeans,0.950000000000,0.950000000000,kidneybeans|chickpea|pigeonpeas,kidneybeans|chickpea|pigeonpeas,False,0.910000000000,0.910000000000,0.000000000000,0
85,937,pomegranate,P,absolute,-5.000000000000,24.000000000000,19.000000000000,False,pomegranate,pomegranate,0.910000000000,0.910000000000,pomegranate|papaya|orange,pomegranate|papaya|orange,False,0.870000000000,0.870000000000,0.000000000000,0
86,1697,orange,P,absolute,-5.000000000000,7.000000000000,5.000000000000,True,orange,orange,0.980000000000,0.970000000000,orange|mango|pomegranate,orange|coconut|mango,False,0.970000000000,0.960000000000,0.010000000000,0
87,1987,cotton,P,absolute,-5.000000000000,43.000000000000,38.000000000000,False,cotton,cotton,1.000000000000,1.000000000000,cotton|apple|banana,cotton|apple|banana,False,1.000000000000,1.000000000000,0.000000000000,0
88,1851,coconut,P,absolute,-5.000000000000,19.000000000000,14.000000000000,False,coconut,coconut,0.990000000000,0.990000000000,coconut|coffee|apple,coconut|coffee|apple,False,0.980000000000,0.980000000000,0.000000000000,0
91,613,mungbean,P,absolute,-5.000000000000,46.000000000000,41.000000000000,False,mungbean,mungbean,1.000000000000,1.000000000000,mungbean|apple|banana,mungbean|apple|banana,False,1.000000000000,1.000000000000,0.000000000000,0
93,1960,cotton,P,absolute,-5.000000000000,60.000000000000,55.000000000000,False,cotton,cotton,1.000000000000,1.000000000000,cotton|apple|banana,cotton|apple|banana,False,1.000000000000,1.000000000000,0.000000000000,0
95,1225,grapes,P,absolute,-5.000000000000,140.000000000000,135.000000000000,False,grapes,grapes,1.000000000000,1.000000000000,grapes|apple|banana,grapes|apple|banana,False,1.000000000000,1.000000000000,0.000000000000,0
96,1988,cotton,P,absolute,-5.000000000000,37.000000000000,32.000000000000,False,cotton,cotton,1.000000000000,0.680000000000,cotton|apple|banana,cotton|watermelon|orange,False,1.000000000000,0.510000000000,0.320000000000,0
97,227,chickpea,P,absolute,-5.000000000000,60.000000000000,55.000000000000,False,chickpea,chickpea,0.940000000000,0.940000000000,chickpea|kidneybeans|coffee,chickpea|coffee|kidneybeans,False,0.910000000000,0.920000000000,0.000000000000,0
100,1499,muskmelon,P,absolute,-5.000000000000,16.000000000000,11.000000000000,False,muskmelon,muskmelon,1.000000000000,1.000000000000,muskmelon|apple|banana,muskmelon|apple|banana,False,1.000000000000,1.000000000000,0.000000000000,0
101,989,pomegranate,P,absolute,-5.000000000000,26.000000000000,21.000000000000,False,pomegranate,pomegranate,0.990000000000,0.980000000000,pomegranate|orange|apple,pomegranate|orange|apple,False,0.980000000000,0.960000000000,0.010000000000,0
103,497,pigeonpeas,P,absolute,-5.000000000000,60.000000000000,55.000000000000,False,pigeonpeas,pigeonpeas,0.980000000000,0.930000000000,pigeonpeas|blackgram|papaya,pigeonpeas|mothbeans|blackgram,False,0.970000000000,0.890000000000,0.050000000000,0
104,472,pigeonpeas,P,absolute,-5.000000000000,68.000000000000,63.000000000000,False,pigeonpeas,pigeonpeas,0.940000000000,0.930000000000,pigeonpeas|lentil|mothbeans,pigeonpeas|lentil|mothbeans,False,0.900000000000,0.880000000000,0.010000000000,0
106,323,kidneybeans,P,absolute,-5.000000000000,64.000000000000,59.000000000000,False,kidneybeans,kidneybeans,0.990000000000,0.990000000000,kidneybeans|chickpea|apple,kidneybeans|chickpea|apple,False,0.980000000000,0.980000000000,0.000000000000,0
108,44,rice,P,absolute,-5.000000000000,52.000000000000,47.000000000000,False,rice,rice,0.900000000000,0.910000000000,rice|jute|papaya,rice|jute|banana,False,0.830000000000,0.840000000000,0.010000000000,0
109,84,rice,P,absolute,-5.000000000000,58.000000000000,53.000000000000,False,rice,rice,1.000000000000,1.000000000000,rice|apple|banana,rice|apple|banana,False,1.000000000000,1.000000000000,0.000000000000,0
110,1551,apple,P,absolute,-5.000000000000,139.000000000000,134.000000000000,False,apple,apple,1.000000000000,1.000000000000,apple|banana|blackgram,apple|banana|blackgram,False,1.000000000000,1.000000000000,0.000000000000,0
111,647,mungbean,P,absolute,-5.000000000000,48.000000000000,43.000000000000,False,mungbean,mungbean,1.000000000000,1.000000000000,mungbean|apple|banana,mungbean|apple|banana,False,1.000000000000,1.000000000000,0.000000000000,0
115,1456,muskmelon,P,absolute,-5.000000000000,12.000000000000,7.000000000000,False,muskmelon,muskmelon,1.000000000000,1.000000000000,muskmelon|apple|banana,muskmelon|apple|banana,False,1.000000000000,1.000000000000,0.000000000000,0
121,250,chickpea,P,absolute,-5.000000000000,79.000000000000,74.000000000000,False,chickpea,chickpea,1.000000000000,1.000000000000,chickpea|apple|banana,chickpea|apple|banana,False,1.000000000000,1.000000000000,0.000000000000,0
122,199,maize,P,absolute,-5.000000000000,57.000000000000,52.000000000000,False,maize,maize,0.940000000000,0.960000000000,maize|coffee|blackgram,maize|coffee|cotton,False,0.920000000000,0.940000000000,0.020000000000,0
124,110,maize,P,absolute,-5.000000000000,44.000000000000,39.000000000000,False,maize,maize,0.970000000000,0.970000000000,maize|cotton|mungbean,maize|cotton|mungbean,False,0.960000000000,0.960000000000,0.000000000000,0
128,1859,coconut,P,absolute,-5.000000000000,10.000000000000,5.000000000000,False,coconut,coconut,1.000000000000,1.000000000000,coconut|apple|banana,coconut|apple|banana,False,1.000000000000,1.000000000000,0.000000000000,0
131,226,chickpea,P,absolute,-5.000000000000,65.000000000000,60.000000000000,False,chickpea,chickpea,0.920000000000,0.920000000000,chickpea|kidneybeans|apple,chickpea|kidneybeans|apple,False,0.840000000000,0.840000000000,0.000000000000,0
136,1552,apple,P,absolute,-5.000000000000,123.000000000000,118.000000000000,False,apple,apple,1.000000000000,1.000000000000,apple|banana|blackgram,apple|banana|blackgram,False,1.000000000000,1.000000000000,0.000000000000,0
148,461,pigeonpeas,P,absolute,-5.000000000000,77.000000000000,72.000000000000,False,pigeonpeas,pigeonpeas,0.990000000000,1.000000000000,pigeonpeas|lentil|apple,pigeonpeas|apple|banana,False,0.980000000000,1.000000000000,0.010000000000,0
156,474,pigeonpeas,P,absolute,-5.000000000000,59.000000000000,54.000000000000,False,pigeonpeas,pigeonpeas,0.970000000000,0.850000000000,pigeonpeas|coffee|kidneybeans,pigeonpeas|mothbeans|mango,False,0.960000000000,0.770000000000,0.120000000000,0
157,1419,muskmelon,P,absolute,-5.000000000000,14.000000000000,9.000000000000,False,muskmelon,muskmelon,1.000000000000,1.000000000000,muskmelon|apple|banana,muskmelon|apple|banana,False,1.000000000000,1.000000000000,0.000000000000,0
164,305,kidneybeans,P,absolute,-5.000000000000,65.000000000000,60.000000000000,False,kidneybeans,kidneybeans,0.990000000000,0.990000000000,kidneybeans|pigeonpeas|apple,kidneybeans|pigeonpeas|apple,False,0.980000000000,0.980000000000,0.000000000000,0
189,361,kidneybeans,P,absolute,-5.000000000000,67.000000000000,62.000000000000,False,kidneybeans,kidneybeans,1.000000000000,1.000000000000,kidneybeans|apple|banana,kidneybeans|apple|banana,False,1.000000000000,1.000000000000,0.000000000000,0
0,1609,orange,P,absolute,0.000000000000,23.000000000000,23.000000000000,False,orange,orange,0.970000000000,0.970000000000,orange|pomegranate|apple,orange|pomegranate|apple,False,0.940000000000,0.940000000000,0.000000000000,0
1,1072,banana,P,absolute,0.000000000000,79.000000000000,79.000000000000,False,banana,banana,0.930000000000,0.930000000000,banana|papaya|cotton,banana|papaya|cotton,False,0.890000000000,0.890000000000,0.000000000000,0
2,1912,cotton,P,absolute,0.000000000000,38.000000000000,38.000000000000,False,cotton,cotton,1.000000000000,1.000000000000,cotton|apple|banana,cotton|apple|banana,False,1.000000000000,1.000000000000,0.000000000000,0
3,100,maize,P,absolute,0.000000000000,54.000000000000,54.000000000000,False,maize,maize,0.990000000000,0.990000000000,maize|mothbeans|apple,maize|mothbeans|apple,False,0.980000000000,0.980000000000,0.000000000000,0
4,1645,orange,P,absolute,0.000000000000,22.000000000000,22.000000000000,False,orange,orange,0.990000000000,0.990000000000,orange|pomegranate|apple,orange|pomegranate|apple,False,0.980000000000,0.980000000000,0.000000000000,0
5,221,chickpea,P,absolute,0.000000000000,68.000000000000,68.000000000000,False,chickpea,chickpea,1.000000000000,1.000000000000,chickpea|apple|banana,chickpea|apple|banana,False,1.000000000000,1.000000000000,0.000000000000,0
6,28,rice,P,absolute,0.000000000000,49.000000000000,49.000000000000,False,rice,rice,0.990000000000,0.990000000000,rice|jute|apple,rice|jute|apple,False,0.980000000000,0.980000000000,0.000000000000,0
7,701,blackgram,P,absolute,0.000000000000,62.000000000000,62.000000000000,False,blackgram,blackgram,0.970000000000,0.970000000000,blackgram|lentil|apple,blackgram|lentil|apple,False,0.940000000000,0.940000000000,0.000000000000,0
8,1097,banana,P,absolute,0.000000000000,71.000000000000,71.000000000000,False,banana,banana,1.000000000000,1.000000000000,banana|apple|blackgram,banana|apple|blackgram,False,1.000000000000,1.000000000000,0.000000000000,0
9,1638,orange,P,absolute,0.000000000000,5.000000000000,5.000000000000,False,orange,orange,1.000000000000,1.000000000000,orange|apple|banana,orange|apple|banana,False,1.000000000000,1.000000000000,0.000000000000,0
10,1391,watermelon,P,absolute,0.000000000000,10.000000000000,10.000000000000,False,watermelon,watermelon,1.000000000000,1.000000000000,watermelon|apple|banana,watermelon|apple|banana,False,1.000000000000,1.000000000000,0.000000000000,0
11,901,pomegranate,P,absolute,0.000000000000,18.000000000000,18.000000000000,False,pomegranate,pomegranate,1.000000000000,1.000000000000,pomegranate|apple|banana,pomegranate|apple|banana,False,1.000000000000,1.000000000000,0.000000000000,0
12,1386,watermelon,P,absolute,0.000000000000,7.000000000000,7.000000000000,False,watermelon,watermelon,1.000000000000,1.000000000000,watermelon|apple|banana,watermelon|apple|banana,False,1.000000000000,1.000000000000,0.000000000000,0
13,171,maize,P,absolute,0.000000000000,48.000000000000,48.000000000000,False,maize,maize,1.000000000000,1.000000000000,maize|apple|banana,maize|apple|banana,False,1.000000000000,1.000000000000,0.000000000000,0
14,544,mothbeans,P,absolute,0.000000000000,48.000000000000,48.000000000000,False,mothbeans,mothbeans,0.810000000000,0.810000000000,mothbeans|blackgram|pigeonpeas,mothbeans|blackgram|pigeonpeas,False,0.740000000000,0.740000000000,0.000000000000,0
15,1264,grapes,P,absolute,0.000000000000,140.000000000000,140.000000000000,False,grapes,grapes,1.000000000000,1.000000000000,grapes|apple|banana,grapes|apple|banana,False,1.000000000000,1.000000000000,0.000000000000,0
16,1220,grapes,P,absolute,0.000000000000,145.000000000000,145.000000000000,False,grapes,grapes,1.000000000000,1.000000000000,grapes|apple|banana,grapes|apple|banana,False,1.000000000000,1.000000000000,0.000000000000,0
17,1154,mango,P,absolute,0.000000000000,26.000000000000,26.000000000000,False,mango,mango,1.000000000000,1.000000000000,mango|apple|banana,mango|apple|banana,False,1.000000000000,1.000000000000,0.000000000000,0
18,1131,mango,P,absolute,0.000000000000,29.000000000000,29.000000000000,False,mango,mango,0.980000000000,0.980000000000,mango|mothbeans|papaya,mango|mothbeans|papaya,False,0.970000000000,0.970000000000,0.000000000000,0
19,1514,apple,P,absolute,0.000000000000,133.000000000000,133.000000000000,False,apple,apple,1.000000000000,1.000000000000,apple|banana|blackgram,apple|banana|blackgram,False,1.000000000000,1.000000000000,0.000000000000,0
20,795,blackgram,P,absolute,0.000000000000,73.000000000000,73.000000000000,False,blackgram,blackgram,0.990000000000,0.990000000000,blackgram|lentil|apple,blackgram|lentil|apple,False,0.980000000000,0.980000000000,0.000000000000,0
21,1502,apple,P,absolute,0.000000000000,128.000000000000,128.000000000000,False,apple,apple,1.000000000000,1.000000000000,apple|banana|blackgram,apple|banana|blackgram,False,1.000000000000,1.000000000000,0.000000000000,0
22,585,mothbeans,P,absolute,0.000000000000,40.000000000000,40.000000000000,False,mothbeans,mothbeans,0.790000000000,0.790000000000,mothbeans|lentil|blackgram,mothbeans|lentil|blackgram,False,0.610000000000,0.610000000000,0.000000000000,0
23,387,kidneybeans,P,absolute,0.000000000000,69.000000000000,69.000000000000,False,kidneybeans,kidneybeans,0.990000000000,0.990000000000,kidneybeans|pigeonpeas|apple,kidneybeans|pigeonpeas|apple,False,0.980000000000,0.980000000000,0.000000000000,0
24,1591,apple,P,absolute,0.000000000000,140.000000000000,140.000000000000,False,apple,apple,0.980000000000,0.980000000000,apple|grapes|banana,apple|grapes|banana,False,0.960000000000,0.960000000000,0.000000000000,0
25,2003,jute,P,absolute,0.000000000000,40.000000000000,40.000000000000,False,jute,jute,0.980000000000,0.980000000000,jute|rice|watermelon,jute|rice|watermelon,False,0.970000000000,0.970000000000,0.000000000000,0
26,505,mothbeans,P,absolute,0.000000000000,43.000000000000,43.000000000000,False,mothbeans,mothbeans,0.890000000000,0.890000000000,mothbeans|blackgram|pigeonpeas,mothbeans|blackgram|pigeonpeas,False,0.840000000000,0.840000000000,0.000000000000,0
27,1342,watermelon,P,absolute,0.000000000000,6.000000000000,6.000000000000,False,watermelon,watermelon,1.000000000000,1.000000000000,watermelon|apple|banana,watermelon|apple|banana,False,1.000000000000,1.000000000000,0.000000000000,0
28,0,rice,P,absolute,0.000000000000,42.000000000000,42.000000000000,False,rice,rice,0.900000000000,0.900000000000,rice|jute|apple,rice|jute|apple,False,0.800000000000,0.800000000000,0.000000000000,0
29,2106,coffee,P,absolute,0.000000000000,31.000000000000,31.000000000000,False,coffee,coffee,1.000000000000,1.000000000000,coffee|apple|banana,coffee|apple|banana,False,1.000000000000,1.000000000000,0.000000000000,0
30,1102,mango,P,absolute,0.000000000000,26.000000000000,26.000000000000,False,mango,mango,0.920000000000,0.920000000000,mango|coconut|coffee,mango|coconut|coffee,False,0.900000000000,0.900000000000,0.000000000000,0
31,2086,jute,P,absolute,0.000000000000,41.000000000000,41.000000000000,False,jute,jute,0.930000000000,0.930000000000,jute|rice|banana,jute|rice|banana,False,0.870000000000,0.870000000000,0.000000000000,0
32,1036,banana,P,absolute,0.000000000000,79.000000000000,79.000000000000,False,banana,banana,1.000000000000,1.000000000000,banana|apple|blackgram,banana|apple|blackgram,False,1.000000000000,1.000000000000,0.000000000000,0
33,2167,coffee,P,absolute,0.000000000000,28.000000000000,28.000000000000,False,coffee,coffee,1.000000000000,1.000000000000,coffee|apple|banana,coffee|apple|banana,False,1.000000000000,1.000000000000,0.000000000000,0
34,2050,jute,P,absolute,0.000000000000,56.000000000000,56.000000000000,False,jute,jute,0.990000000000,0.990000000000,jute|rice|apple,jute|rice|apple,False,0.980000000000,0.980000000000,0.000000000000,0
35,737,blackgram,P,absolute,0.000000000000,60.000000000000,60.000000000000,False,blackgram,blackgram,0.910000000000,0.910000000000,blackgram|maize|lentil,blackgram|maize|lentil,False,0.830000000000,0.830000000000,0.000000000000,0
36,1298,grapes,P,absolute,0.000000000000,124.000000000000,124.000000000000,False,grapes,grapes,1.000000000000,1.000000000000,grapes|apple|banana,grapes|apple|banana,False,1.000000000000,1.000000000000,0.000000000000,0
37,1200,grapes,P,absolute,0.000000000000,130.000000000000,130.000000000000,False,grapes,grapes,1.000000000000,1.000000000000,grapes|apple|banana,grapes|apple|banana,False,1.000000000000,1.000000000000,0.000000000000,0
38,731,blackgram,P,absolute,0.000000000000,65.000000000000,65.000000000000,False,blackgram,blackgram,0.990000000000,0.990000000000,blackgram|mothbeans|apple,blackgram|mothbeans|apple,False,0.980000000000,0.980000000000,0.000000000000,0
39,2042,jute,P,absolute,0.000000000000,52.000000000000,52.000000000000,False,jute,jute,0.930000000000,0.930000000000,jute|rice|papaya,jute|rice|papaya,False,0.890000000000,0.890000000000,0.000000000000,0
40,1829,coconut,P,absolute,0.000000000000,14.000000000000,14.000000000000,False,coconut,coconut,1.000000000000,1.000000000000,coconut|apple|banana,coconut|apple|banana,False,1.000000000000,1.000000000000,0.000000000000,0
41,1716,papaya,P,absolute,0.000000000000,55.000000000000,55.000000000000,False,papaya,papaya,0.990000000000,0.990000000000,papaya|grapes|apple,papaya|grapes|apple,False,0.980000000000,0.980000000000,0.000000000000,0
42,1156,mango,P,absolute,0.000000000000,18.000000000000,18.000000000000,False,mango,mango,1.000000000000,1.000000000000,mango|apple|banana,mango|apple|banana,False,1.000000000000,1.000000000000,0.000000000000,0
43,185,maize,P,absolute,0.000000000000,38.000000000000,38.000000000000,False,maize,maize,0.970000000000,0.970000000000,maize|mothbeans|coffee,maize|mothbeans|coffee,False,0.950000000000,0.950000000000,0.000000000000,0
44,861,lentil,P,absolute,0.000000000000,79.000000000000,79.000000000000,False,lentil,lentil,0.980000000000,0.980000000000,lentil|blackgram|apple,lentil|blackgram|apple,False,0.960000000000,0.960000000000,0.000000000000,0
45,2022,jute,P,absolute,0.000000000000,55.000000000000,55.000000000000,False,jute,jute,0.940000000000,0.940000000000,jute|rice|watermelon,jute|rice|watermelon,False,0.890000000000,0.890000000000,0.000000000000,0
46,1973,cotton,P,absolute,0.000000000000,51.000000000000,51.000000000000,False,cotton,cotton,0.960000000000,0.960000000000,cotton|maize|banana,cotton|maize|banana,False,0.940000000000,0.940000000000,0.000000000000,0
47,850,lentil,P,absolute,0.000000000000,74.000000000000,74.000000000000,False,lentil,lentil,0.900000000000,0.900000000000,lentil|mothbeans|blackgram,lentil|mothbeans|blackgram,False,0.840000000000,0.840000000000,0.000000000000,0
48,203,chickpea,P,absolute,0.000000000000,72.000000000000,72.000000000000,False,chickpea,chickpea,1.000000000000,1.000000000000,chickpea|apple|banana,chickpea|apple|banana,False,1.000000000000,1.000000000000,0.000000000000,0
49,696,mungbean,P,absolute,0.000000000000,44.000000000000,44.000000000000,False,mungbean,mungbean,1.000000000000,1.000000000000,mungbean|apple|banana,mungbean|apple|banana,False,1.000000000000,1.000000000000,0.000000000000,0
50,1737,papaya,P,absolute,0.000000000000,62.000000000000,62.000000000000,False,papaya,papaya,0.930000000000,0.930000000000,papaya|rice|apple,papaya|rice|apple,False,0.860000000000,0.860000000000,0.000000000000,0
51,961,pomegranate,P,absolute,0.000000000000,30.000000000000,30.000000000000,False,pomegranate,pomegranate,0.990000000000,0.990000000000,pomegranate|orange|apple,pomegranate|orange|apple,False,0.980000000000,0.980000000000,0.000000000000,0
52,405,pigeonpeas,P,absolute,0.000000000000,75.000000000000,75.000000000000,False,pigeonpeas,pigeonpeas,0.920000000000,0.920000000000,pigeonpeas|mango|coconut,pigeonpeas|mango|coconut,False,0.850000000000,0.850000000000,0.000000000000,0
53,1392,watermelon,P,absolute,0.000000000000,22.000000000000,22.000000000000,False,watermelon,watermelon,1.000000000000,1.000000000000,watermelon|apple|banana,watermelon|apple|banana,False,1.000000000000,1.000000000000,0.000000000000,0
54,1158,mango,P,absolute,0.000000000000,34.000000000000,34.000000000000,False,mango,mango,0.980000000000,0.980000000000,mango|mothbeans|orange,mango|mothbeans|orange,False,0.970000000000,0.970000000000,0.000000000000,0
55,768,blackgram,P,absolute,0.000000000000,57.000000000000,57.000000000000,False,blackgram,blackgram,0.680000000000,0.680000000000,blackgram|mothbeans|lentil,blackgram|mothbeans|lentil,False,0.440000000000,0.440000000000,0.000000000000,0
56,1763,papaya,P,absolute,0.000000000000,65.000000000000,65.000000000000,False,papaya,papaya,0.990000000000,0.990000000000,papaya|banana|apple,papaya|banana|apple,False,0.980000000000,0.980000000000,0.000000000000,0
57,1798,papaya,P,absolute,0.000000000000,59.000000000000,59.000000000000,False,papaya,papaya,1.000000000000,1.000000000000,papaya|apple|banana,papaya|apple|banana,False,1.000000000000,1.000000000000,0.000000000000,0
58,2173,coffee,P,absolute,0.000000000000,30.000000000000,30.000000000000,False,coffee,coffee,0.980000000000,0.980000000000,coffee|coconut|apple,coffee|coconut|apple,False,0.960000000000,0.960000000000,0.000000000000,0
59,825,lentil,P,absolute,0.000000000000,66.000000000000,66.000000000000,False,lentil,lentil,0.990000000000,0.990000000000,lentil|blackgram|apple,lentil|blackgram|apple,False,0.980000000000,0.980000000000,0.000000000000,0
60,813,lentil,P,absolute,0.000000000000,80.000000000000,80.000000000000,False,lentil,lentil,0.820000000000,0.820000000000,lentil|mothbeans|blackgram,lentil|mothbeans|blackgram,False,0.710000000000,0.710000000000,0.000000000000,0
61,539,mothbeans,P,absolute,0.000000000000,49.000000000000,49.000000000000,False,mothbeans,mothbeans,0.960000000000,0.960000000000,mothbeans|lentil|pigeonpeas,mothbeans|lentil|pigeonpeas,False,0.930000000000,0.930000000000,0.000000000000,0
62,2157,coffee,P,absolute,0.000000000000,31.000000000000,31.000000000000,False,coffee,coffee,1.000000000000,1.000000000000,coffee|apple|banana,coffee|apple|banana,False,1.000000000000,1.000000000000,0.000000000000,0
63,1032,banana,P,absolute,0.000000000000,74.000000000000,74.000000000000,False,banana,banana,0.970000000000,0.970000000000,banana|jute|apple,banana|jute|apple,False,0.940000000000,0.940000000000,0.000000000000,0
64,1707,papaya,P,absolute,0.000000000000,65.000000000000,65.000000000000,False,papaya,papaya,0.930000000000,0.930000000000,papaya|pomegranate|pigeonpeas,papaya|pomegranate|pigeonpeas,False,0.900000000000,0.900000000000,0.000000000000,0
65,54,rice,P,absolute,0.000000000000,52.000000000000,52.000000000000,False,rice,rice,0.980000000000,0.980000000000,rice|jute|apple,rice|jute|apple,False,0.960000000000,0.960000000000,0.000000000000,0
66,1630,orange,P,absolute,0.000000000000,25.000000000000,25.000000000000,False,orange,orange,0.980000000000,0.980000000000,orange|mango|pomegranate,orange|mango|pomegranate,False,0.970000000000,0.970000000000,0.000000000000,0
67,1818,coconut,P,absolute,0.000000000000,11.000000000000,11.000000000000,False,coconut,coconut,1.000000000000,1.000000000000,coconut|apple|banana,coconut|apple|banana,False,1.000000000000,1.000000000000,0.000000000000,0
69,920,pomegranate,P,absolute,0.000000000000,8.000000000000,8.000000000000,False,pomegranate,pomegranate,0.970000000000,0.970000000000,pomegranate|orange|apple,pomegranate|orange|apple,False,0.940000000000,0.940000000000,0.000000000000,0
70,1033,banana,P,absolute,0.000000000000,71.000000000000,71.000000000000,False,banana,banana,1.000000000000,1.000000000000,banana|apple|blackgram,banana|apple|blackgram,False,1.000000000000,1.000000000000,0.000000000000,0
71,1458,muskmelon,P,absolute,0.000000000000,9.000000000000,9.000000000000,False,muskmelon,muskmelon,1.000000000000,1.000000000000,muskmelon|apple|banana,muskmelon|apple|banana,False,1.000000000000,1.000000000000,0.000000000000,0
72,1369,watermelon,P,absolute,0.000000000000,19.000000000000,19.000000000000,False,watermelon,watermelon,1.000000000000,1.000000000000,watermelon|apple|banana,watermelon|apple|banana,False,1.000000000000,1.000000000000,0.000000000000,0
73,859,lentil,P,absolute,0.000000000000,75.000000000000,75.000000000000,False,lentil,lentil,1.000000000000,1.000000000000,lentil|apple|banana,lentil|apple|banana,False,1.000000000000,1.000000000000,0.000000000000,0
75,1854,coconut,P,absolute,0.000000000000,29.000000000000,29.000000000000,False,coconut,coconut,1.000000000000,1.000000000000,coconut|apple|banana,coconut|apple|banana,False,1.000000000000,1.000000000000,0.000000000000,0
76,575,mothbeans,P,absolute,0.000000000000,59.000000000000,59.000000000000,False,mothbeans,mothbeans,0.900000000000,0.900000000000,mothbeans|lentil|mungbean,mothbeans|lentil|mungbean,False,0.820000000000,0.820000000000,0.000000000000,0
77,606,mungbean,P,absolute,0.000000000000,59.000000000000,59.000000000000,False,mungbean,mungbean,0.980000000000,0.980000000000,mungbean|blackgram|apple,mungbean|blackgram|apple,False,0.960000000000,0.960000000000,0.000000000000,0
78,614,mungbean,P,absolute,0.000000000000,38.000000000000,38.000000000000,False,mungbean,mungbean,0.970000000000,0.970000000000,mungbean|mothbeans|orange,mungbean|mothbeans|orange,False,0.950000000000,0.950000000000,0.000000000000,0
80,2182,coffee,P,absolute,0.000000000000,33.000000000000,33.000000000000,False,coffee,coffee,0.990000000000,0.990000000000,coffee|coconut|apple,coffee|coconut|apple,False,0.980000000000,0.980000000000,0.000000000000,0
82,1473,muskmelon,P,absolute,0.000000000000,5.000000000000,5.000000000000,False,muskmelon,muskmelon,1.000000000000,1.000000000000,muskmelon|apple|banana,muskmelon|apple|banana,False,1.000000000000,1.000000000000,0.000000000000,0
83,303,kidneybeans,P,absolute,0.000000000000,64.000000000000,64.000000000000,False,kidneybeans,kidneybeans,0.950000000000,0.950000000000,kidneybeans|chickpea|pigeonpeas,kidneybeans|chickpea|pigeonpeas,False,0.910000000000,0.910000000000,0.000000000000,0
85,937,pomegranate,P,absolute,0.000000000000,24.000000000000,24.000000000000,False,pomegranate,pomegranate,0.910000000000,0.910000000000,pomegranate|papaya|orange,pomegranate|papaya|orange,False,0.870000000000,0.870000000000,0.000000000000,0
86,1697,orange,P,absolute,0.000000000000,7.000000000000,7.000000000000,False,orange,orange,0.980000000000,0.980000000000,orange|mango|pomegranate,orange|mango|pomegranate,False,0.970000000000,0.970000000000,0.000000000000,0
87,1987,cotton,P,absolute,0.000000000000,43.000000000000,43.000000000000,False,cotton,cotton,1.000000000000,1.000000000000,cotton|apple|banana,cotton|apple|banana,False,1.000000000000,1.000000000000,0.000000000000,0
88,1851,coconut,P,absolute,0.000000000000,19.000000000000,19.000000000000,False,coconut,coconut,0.990000000000,0.990000000000,coconut|coffee|apple,coconut|coffee|apple,False,0.980000000000,0.980000000000,0.000000000000,0
91,613,mungbean,P,absolute,0.000000000000,46.000000000000,46.000000000000,False,mungbean,mungbean,1.000000000000,1.000000000000,mungbean|apple|banana,mungbean|apple|banana,False,1.000000000000,1.000000000000,0.000000000000,0
93,1960,cotton,P,absolute,0.000000000000,60.000000000000,60.000000000000,False,cotton,cotton,1.000000000000,1.000000000000,cotton|apple|banana,cotton|apple|banana,False,1.000000000000,1.000000000000,0.000000000000,0
95,1225,grapes,P,absolute,0.000000000000,140.000000000000,140.000000000000,False,grapes,grapes,1.000000000000,1.000000000000,grapes|apple|banana,grapes|apple|banana,False,1.000000000000,1.000000000000,0.000000000000,0
96,1988,cotton,P,absolute,0.000000000000,37.000000000000,37.000000000000,False,cotton,cotton,1.000000000000,1.000000000000,cotton|apple|banana,cotton|apple|banana,False,1.000000000000,1.000000000000,0.000000000000,0
97,227,chickpea,P,absolute,0.000000000000,60.000000000000,60.000000000000,False,chickpea,chickpea,0.940000000000,0.940000000000,chickpea|kidneybeans|coffee,chickpea|kidneybeans|coffee,False,0.910000000000,0.910000000000,0.000000000000,0
100,1499,muskmelon,P,absolute,0.000000000000,16.000000000000,16.000000000000,False,muskmelon,muskmelon,1.000000000000,1.000000000000,muskmelon|apple|banana,muskmelon|apple|banana,False,1.000000000000,1.000000000000,0.000000000000,0
101,989,pomegranate,P,absolute,0.000000000000,26.000000000000,26.000000000000,False,pomegranate,pomegranate,0.990000000000,0.990000000000,pomegranate|orange|apple,pomegranate|orange|apple,False,0.980000000000,0.980000000000,0.000000000000,0
103,497,pigeonpeas,P,absolute,0.000000000000,60.000000000000,60.000000000000,False,pigeonpeas,pigeonpeas,0.980000000000,0.980000000000,pigeonpeas|blackgram|papaya,pigeonpeas|blackgram|papaya,False,0.970000000000,0.970000000000,0.000000000000,0
104,472,pigeonpeas,P,absolute,0.000000000000,68.000000000000,68.000000000000,False,pigeonpeas,pigeonpeas,0.940000000000,0.940000000000,pigeonpeas|lentil|mothbeans,pigeonpeas|lentil|mothbeans,False,0.900000000000,0.900000000000,0.000000000000,0
106,323,kidneybeans,P,absolute,0.000000000000,64.000000000000,64.000000000000,False,kidneybeans,kidneybeans,0.990000000000,0.990000000000,kidneybeans|chickpea|apple,kidneybeans|chickpea|apple,False,0.980000000000,0.980000000000,0.000000000000,0
108,44,rice,P,absolute,0.000000000000,52.000000000000,52.000000000000,False,rice,rice,0.900000000000,0.900000000000,rice|jute|papaya,rice|jute|papaya,False,0.830000000000,0.830000000000,0.000000000000,0
109,84,rice,P,absolute,0.000000000000,58.000000000000,58.000000000000,False,rice,rice,1.000000000000,1.000000000000,rice|apple|banana,rice|apple|banana,False,1.000000000000,1.000000000000,0.000000000000,0
110,1551,apple,P,absolute,0.000000000000,139.000000000000,139.000000000000,False,apple,apple,1.000000000000,1.000000000000,apple|banana|blackgram,apple|banana|blackgram,False,1.000000000000,1.000000000000,0.000000000000,0
111,647,mungbean,P,absolute,0.000000000000,48.000000000000,48.000000000000,False,mungbean,mungbean,1.000000000000,1.000000000000,mungbean|apple|banana,mungbean|apple|banana,False,1.000000000000,1.000000000000,0.000000000000,0
115,1456,muskmelon,P,absolute,0.000000000000,12.000000000000,12.000000000000,False,muskmelon,muskmelon,1.000000000000,1.000000000000,muskmelon|apple|banana,muskmelon|apple|banana,False,1.000000000000,1.000000000000,0.000000000000,0
121,250,chickpea,P,absolute,0.000000000000,79.000000000000,79.000000000000,False,chickpea,chickpea,1.000000000000,1.000000000000,chickpea|apple|banana,chickpea|apple|banana,False,1.000000000000,1.000000000000,0.000000000000,0
122,199,maize,P,absolute,0.000000000000,57.000000000000,57.000000000000,False,maize,maize,0.940000000000,0.940000000000,maize|coffee|blackgram,maize|coffee|blackgram,False,0.920000000000,0.920000000000,0.000000000000,0
124,110,maize,P,absolute,0.000000000000,44.000000000000,44.000000000000,False,maize,maize,0.970000000000,0.970000000000,maize|cotton|mungbean,maize|cotton|mungbean,False,0.960000000000,0.960000000000,0.000000000000,0
128,1859,coconut,P,absolute,0.000000000000,10.000000000000,10.000000000000,False,coconut,coconut,1.000000000000,1.000000000000,coconut|apple|banana,coconut|apple|banana,False,1.000000000000,1.000000000000,0.000000000000,0
131,226,chickpea,P,absolute,0.000000000000,65.000000000000,65.000000000000,False,chickpea,chickpea,0.920000000000,0.920000000000,chickpea|kidneybeans|apple,chickpea|kidneybeans|apple,False,0.840000000000,0.840000000000,0.000000000000,0
136,1552,apple,P,absolute,0.000000000000,123.000000000000,123.000000000000,False,apple,apple,1.000000000000,1.000000000000,apple|banana|blackgram,apple|banana|blackgram,False,1.000000000000,1.000000000000,0.000000000000,0
148,461,pigeonpeas,P,absolute,0.000000000000,77.000000000000,77.000000000000,False,pigeonpeas,pigeonpeas,0.990000000000,0.990000000000,pigeonpeas|lentil|apple,pigeonpeas|lentil|apple,False,0.980000000000,0.980000000000,0.000000000000,0
156,474,pigeonpeas,P,absolute,0.000000000000,59.000000000000,59.000000000000,False,pigeonpeas,pigeonpeas,0.970000000000,0.970000000000,pigeonpeas|coffee|kidneybeans,pigeonpeas|coffee|kidneybeans,False,0.960000000000,0.960000000000,0.000000000000,0
157,1419,muskmelon,P,absolute,0.000000000000,14.000000000000,14.000000000000,False,muskmelon,muskmelon,1.000000000000,1.000000000000,muskmelon|apple|banana,muskmelon|apple|banana,False,1.000000000000,1.000000000000,0.000000000000,0
164,305,kidneybeans,P,absolute,0.000000000000,65.000000000000,65.000000000000,False,kidneybeans,kidneybeans,0.990000000000,0.990000000000,kidneybeans|pigeonpeas|apple,kidneybeans|pigeonpeas|apple,False,0.980000000000,0.980000000000,0.000000000000,0
189,361,kidneybeans,P,absolute,0.000000000000,67.000000000000,67.000000000000,False,kidneybeans,kidneybeans,1.000000000000,1.000000000000,kidneybeans|apple|banana,kidneybeans|apple|banana,False,1.000000000000,1.000000000000,0.000000000000,0
0,1609,orange,P,absolute,5.000000000000,23.000000000000,28.000000000000,False,orange,orange,0.970000000000,0.950000000000,orange|pomegranate|apple,orange|pomegranate|apple,False,0.940000000000,0.900000000000,0.020000000000,0
1,1072,banana,P,absolute,5.000000000000,79.000000000000,84.000000000000,False,banana,banana,0.930000000000,0.930000000000,banana|papaya|cotton,banana|papaya|cotton,False,0.890000000000,0.890000000000,0.000000000000,0
2,1912,cotton,P,absolute,5.000000000000,38.000000000000,43.000000000000,False,cotton,cotton,1.000000000000,1.000000000000,cotton|apple|banana,cotton|apple|banana,False,1.000000000000,1.000000000000,0.000000000000,0
3,100,maize,P,absolute,5.000000000000,54.000000000000,59.000000000000,False,maize,maize,0.990000000000,0.990000000000,maize|mothbeans|apple,maize|cotton|apple,False,0.980000000000,0.980000000000,0.000000000000,0
4,1645,orange,P,absolute,5.000000000000,22.000000000000,27.000000000000,False,orange,orange,0.990000000000,0.980000000000,orange|pomegranate|apple,orange|pomegranate|apple,False,0.980000000000,0.960000000000,0.010000000000,0
5,221,chickpea,P,absolute,5.000000000000,68.000000000000,73.000000000000,False,chickpea,chickpea,1.000000000000,1.000000000000,chickpea|apple|banana,chickpea|apple|banana,False,1.000000000000,1.000000000000,0.000000000000,0
6,28,rice,P,absolute,5.000000000000,49.000000000000,54.000000000000,False,rice,rice,0.990000000000,1.000000000000,rice|jute|apple,rice|apple|banana,False,0.980000000000,1.000000000000,0.010000000000,0
7,701,blackgram,P,absolute,5.000000000000,62.000000000000,67.000000000000,False,blackgram,blackgram,0.970000000000,0.960000000000,blackgram|lentil|apple,blackgram|lentil|apple,False,0.940000000000,0.920000000000,0.010000000000,0
8,1097,banana,P,absolute,5.000000000000,71.000000000000,76.000000000000,False,banana,banana,1.000000000000,1.000000000000,banana|apple|blackgram,banana|apple|blackgram,False,1.000000000000,1.000000000000,0.000000000000,0
9,1638,orange,P,absolute,5.000000000000,5.000000000000,10.000000000000,False,orange,orange,1.000000000000,1.000000000000,orange|apple|banana,orange|apple|banana,False,1.000000000000,1.000000000000,0.000000000000,0
10,1391,watermelon,P,absolute,5.000000000000,10.000000000000,15.000000000000,False,watermelon,watermelon,1.000000000000,1.000000000000,watermelon|apple|banana,watermelon|apple|banana,False,1.000000000000,1.000000000000,0.000000000000,0
11,901,pomegranate,P,absolute,5.000000000000,18.000000000000,23.000000000000,False,pomegranate,pomegranate,1.000000000000,1.000000000000,pomegranate|apple|banana,pomegranate|apple|banana,False,1.000000000000,1.000000000000,0.000000000000,0
12,1386,watermelon,P,absolute,5.000000000000,7.000000000000,12.000000000000,False,watermelon,watermelon,1.000000000000,1.000000000000,watermelon|apple|banana,watermelon|apple|banana,False,1.000000000000,1.000000000000,0.000000000000,0
13,171,maize,P,absolute,5.000000000000,48.000000000000,53.000000000000,False,maize,maize,1.000000000000,1.000000000000,maize|apple|banana,maize|apple|banana,False,1.000000000000,1.000000000000,0.000000000000,0
14,544,mothbeans,P,absolute,5.000000000000,48.000000000000,53.000000000000,False,mothbeans,mothbeans,0.810000000000,0.800000000000,mothbeans|blackgram|pigeonpeas,mothbeans|blackgram|maize,False,0.740000000000,0.730000000000,0.010000000000,0
15,1264,grapes,P,absolute,5.000000000000,140.000000000000,145.000000000000,False,grapes,grapes,1.000000000000,0.970000000000,grapes|apple|banana,grapes|apple|banana,False,1.000000000000,0.940000000000,0.030000000000,0
16,1220,grapes,P,absolute,5.000000000000,145.000000000000,145.000000000000,True,grapes,grapes,1.000000000000,1.000000000000,grapes|apple|banana,grapes|apple|banana,False,1.000000000000,1.000000000000,0.000000000000,0
17,1154,mango,P,absolute,5.000000000000,26.000000000000,31.000000000000,False,mango,mango,1.000000000000,0.990000000000,mango|apple|banana,mango|papaya|apple,False,1.000000000000,0.980000000000,0.010000000000,0
18,1131,mango,P,absolute,5.000000000000,29.000000000000,34.000000000000,False,mango,mango,0.980000000000,0.980000000000,mango|mothbeans|papaya,mango|mothbeans|papaya,False,0.970000000000,0.970000000000,0.000000000000,0
19,1514,apple,P,absolute,5.000000000000,133.000000000000,138.000000000000,False,apple,apple,1.000000000000,1.000000000000,apple|banana|blackgram,apple|banana|blackgram,False,1.000000000000,1.000000000000,0.000000000000,0
20,795,blackgram,P,absolute,5.000000000000,73.000000000000,78.000000000000,False,blackgram,blackgram,0.990000000000,0.980000000000,blackgram|lentil|apple,blackgram|lentil|apple,False,0.980000000000,0.960000000000,0.010000000000,0
21,1502,apple,P,absolute,5.000000000000,128.000000000000,133.000000000000,False,apple,apple,1.000000000000,1.000000000000,apple|banana|blackgram,apple|banana|blackgram,False,1.000000000000,1.000000000000,0.000000000000,0
22,585,mothbeans,P,absolute,5.000000000000,40.000000000000,45.000000000000,False,mothbeans,mothbeans,0.790000000000,0.780000000000,mothbeans|lentil|blackgram,mothbeans|lentil|blackgram,False,0.610000000000,0.580000000000,0.010000000000,0
23,387,kidneybeans,P,absolute,5.000000000000,69.000000000000,74.000000000000,False,kidneybeans,kidneybeans,0.990000000000,0.990000000000,kidneybeans|pigeonpeas|apple,kidneybeans|pigeonpeas|apple,False,0.980000000000,0.980000000000,0.000000000000,0
24,1591,apple,P,absolute,5.000000000000,140.000000000000,145.000000000000,False,apple,apple,0.980000000000,0.970000000000,apple|grapes|banana,apple|grapes|banana,False,0.960000000000,0.940000000000,0.010000000000,0
25,2003,jute,P,absolute,5.000000000000,40.000000000000,45.000000000000,False,jute,jute,0.980000000000,0.970000000000,jute|rice|watermelon,jute|rice|watermelon,False,0.970000000000,0.950000000000,0.010000000000,0
26,505,mothbeans,P,absolute,5.000000000000,43.000000000000,48.000000000000,False,mothbeans,mothbeans,0.890000000000,0.890000000000,mothbeans|blackgram|pigeonpeas,mothbeans|blackgram|pigeonpeas,False,0.840000000000,0.840000000000,0.000000000000,0
27,1342,watermelon,P,absolute,5.000000000000,6.000000000000,11.000000000000,False,watermelon,watermelon,1.000000000000,1.000000000000,watermelon|apple|banana,watermelon|apple|banana,False,1.000000000000,1.000000000000,0.000000000000,0
28,0,rice,P,absolute,5.000000000000,42.000000000000,47.000000000000,False,rice,rice,0.900000000000,0.920000000000,rice|jute|apple,rice|jute|apple,False,0.800000000000,0.840000000000,0.020000000000,0
29,2106,coffee,P,absolute,5.000000000000,31.000000000000,36.000000000000,False,coffee,coffee,1.000000000000,0.970000000000,coffee|apple|banana,coffee|cotton|jute,False,1.000000000000,0.960000000000,0.030000000000,0
30,1102,mango,P,absolute,5.000000000000,26.000000000000,31.000000000000,False,mango,mango,0.920000000000,0.930000000000,mango|coconut|coffee,mango|coconut|coffee,False,0.900000000000,0.910000000000,0.010000000000,0
31,2086,jute,P,absolute,5.000000000000,41.000000000000,46.000000000000,False,jute,jute,0.930000000000,0.930000000000,jute|rice|banana,jute|rice|banana,False,0.870000000000,0.870000000000,0.000000000000,0
32,1036,banana,P,absolute,5.000000000000,79.000000000000,84.000000000000,False,banana,banana,1.000000000000,1.000000000000,banana|apple|blackgram,banana|apple|blackgram,False,1.000000000000,1.000000000000,0.000000000000,0
33,2167,coffee,P,absolute,5.000000000000,28.000000000000,33.000000000000,False,coffee,coffee,1.000000000000,1.000000000000,coffee|apple|banana,coffee|apple|banana,False,1.000000000000,1.000000000000,0.000000000000,0
34,2050,jute,P,absolute,5.000000000000,56.000000000000,61.000000000000,False,jute,jute,0.990000000000,0.910000000000,jute|rice|apple,jute|banana|papaya,False,0.980000000000,0.870000000000,0.080000000000,0
35,737,blackgram,P,absolute,5.000000000000,60.000000000000,65.000000000000,False,blackgram,blackgram,0.910000000000,0.980000000000,blackgram|maize|lentil,blackgram|maize|apple,False,0.830000000000,0.960000000000,0.070000000000,0
36,1298,grapes,P,absolute,5.000000000000,124.000000000000,129.000000000000,False,grapes,grapes,1.000000000000,1.000000000000,grapes|apple|banana,grapes|apple|banana,False,1.000000000000,1.000000000000,0.000000000000,0
37,1200,grapes,P,absolute,5.000000000000,130.000000000000,135.000000000000,False,grapes,grapes,1.000000000000,1.000000000000,grapes|apple|banana,grapes|apple|banana,False,1.000000000000,1.000000000000,0.000000000000,0
38,731,blackgram,P,absolute,5.000000000000,65.000000000000,70.000000000000,False,blackgram,blackgram,0.990000000000,0.990000000000,blackgram|mothbeans|apple,blackgram|mothbeans|apple,False,0.980000000000,0.980000000000,0.000000000000,0
39,2042,jute,P,absolute,5.000000000000,52.000000000000,57.000000000000,False,jute,jute,0.930000000000,0.930000000000,jute|rice|papaya,jute|rice|papaya,False,0.890000000000,0.890000000000,0.000000000000,0
40,1829,coconut,P,absolute,5.000000000000,14.000000000000,19.000000000000,False,coconut,coconut,1.000000000000,1.000000000000,coconut|apple|banana,coconut|apple|banana,False,1.000000000000,1.000000000000,0.000000000000,0
41,1716,papaya,P,absolute,5.000000000000,55.000000000000,60.000000000000,False,papaya,papaya,0.990000000000,0.990000000000,papaya|grapes|apple,papaya|grapes|apple,False,0.980000000000,0.980000000000,0.000000000000,0
42,1156,mango,P,absolute,5.000000000000,18.000000000000,23.000000000000,False,mango,mango,1.000000000000,1.000000000000,mango|apple|banana,mango|apple|banana,False,1.000000000000,1.000000000000,0.000000000000,0
43,185,maize,P,absolute,5.000000000000,38.000000000000,43.000000000000,False,maize,maize,0.970000000000,0.980000000000,maize|mothbeans|coffee,maize|mothbeans|apple,False,0.950000000000,0.960000000000,0.010000000000,0
44,861,lentil,P,absolute,5.000000000000,79.000000000000,84.000000000000,False,lentil,lentil,0.980000000000,0.970000000000,lentil|blackgram|apple,lentil|blackgram|apple,False,0.960000000000,0.940000000000,0.010000000000,0
45,2022,jute,P,absolute,5.000000000000,55.000000000000,60.000000000000,False,jute,jute,0.940000000000,0.910000000000,jute|rice|watermelon,jute|rice|watermelon,False,0.890000000000,0.830000000000,0.030000000000,0
46,1973,cotton,P,absolute,5.000000000000,51.000000000000,56.000000000000,False,cotton,cotton,0.960000000000,0.950000000000,cotton|maize|banana,cotton|maize|banana,False,0.940000000000,0.920000000000,0.010000000000,0
47,850,lentil,P,absolute,5.000000000000,74.000000000000,79.000000000000,False,lentil,lentil,0.900000000000,0.890000000000,lentil|mothbeans|blackgram,lentil|mothbeans|blackgram,False,0.840000000000,0.830000000000,0.010000000000,0
48,203,chickpea,P,absolute,5.000000000000,72.000000000000,77.000000000000,False,chickpea,chickpea,1.000000000000,1.000000000000,chickpea|apple|banana,chickpea|apple|banana,False,1.000000000000,1.000000000000,0.000000000000,0
49,696,mungbean,P,absolute,5.000000000000,44.000000000000,49.000000000000,False,mungbean,mungbean,1.000000000000,1.000000000000,mungbean|apple|banana,mungbean|apple|banana,False,1.000000000000,1.000000000000,0.000000000000,0
50,1737,papaya,P,absolute,5.000000000000,62.000000000000,67.000000000000,False,papaya,papaya,0.930000000000,0.960000000000,papaya|rice|apple,papaya|rice|apple,False,0.860000000000,0.920000000000,0.030000000000,0
51,961,pomegranate,P,absolute,5.000000000000,30.000000000000,35.000000000000,False,pomegranate,pomegranate,0.990000000000,0.590000000000,pomegranate|orange|apple,pomegranate|papaya|rice,False,0.980000000000,0.480000000000,0.400000000000,0
52,405,pigeonpeas,P,absolute,5.000000000000,75.000000000000,80.000000000000,False,pigeonpeas,pigeonpeas,0.920000000000,0.910000000000,pigeonpeas|mango|coconut,pigeonpeas|mango|blackgram,False,0.850000000000,0.840000000000,0.010000000000,0
53,1392,watermelon,P,absolute,5.000000000000,22.000000000000,27.000000000000,False,watermelon,watermelon,1.000000000000,1.000000000000,watermelon|apple|banana,watermelon|apple|banana,False,1.000000000000,1.000000000000,0.000000000000,0
54,1158,mango,P,absolute,5.000000000000,34.000000000000,39.000000000000,False,mango,mango,0.980000000000,0.950000000000,mango|mothbeans|orange,mango|pigeonpeas|mothbeans,False,0.970000000000,0.920000000000,0.030000000000,0
55,768,blackgram,P,absolute,5.000000000000,57.000000000000,62.000000000000,False,blackgram,blackgram,0.680000000000,0.980000000000,blackgram|mothbeans|lentil,blackgram|mothbeans|apple,False,0.440000000000,0.960000000000,0.300000000000,0
56,1763,papaya,P,absolute,5.000000000000,65.000000000000,70.000000000000,False,papaya,papaya,0.990000000000,0.710000000000,papaya|banana|apple,papaya|banana|pigeonpeas,False,0.980000000000,0.430000000000,0.280000000000,0
57,1798,papaya,P,absolute,5.000000000000,59.000000000000,64.000000000000,False,papaya,papaya,1.000000000000,1.000000000000,papaya|apple|banana,papaya|apple|banana,False,1.000000000000,1.000000000000,0.000000000000,0
58,2173,coffee,P,absolute,5.000000000000,30.000000000000,35.000000000000,False,coffee,coffee,0.980000000000,1.000000000000,coffee|coconut|apple,coffee|apple|banana,False,0.960000000000,1.000000000000,0.020000000000,0
59,825,lentil,P,absolute,5.000000000000,66.000000000000,71.000000000000,False,lentil,lentil,0.990000000000,1.000000000000,lentil|blackgram|apple,lentil|apple|banana,False,0.980000000000,1.000000000000,0.010000000000,0
60,813,lentil,P,absolute,5.000000000000,80.000000000000,85.000000000000,False,lentil,lentil,0.820000000000,0.820000000000,lentil|mothbeans|blackgram,lentil|mothbeans|blackgram,False,0.710000000000,0.710000000000,0.000000000000,0
61,539,mothbeans,P,absolute,5.000000000000,49.000000000000,54.000000000000,False,mothbeans,mothbeans,0.960000000000,0.960000000000,mothbeans|lentil|pigeonpeas,mothbeans|lentil|pigeonpeas,False,0.930000000000,0.930000000000,0.000000000000,0
62,2157,coffee,P,absolute,5.000000000000,31.000000000000,36.000000000000,False,coffee,coffee,1.000000000000,0.990000000000,coffee|apple|banana,coffee|maize|apple,False,1.000000000000,0.980000000000,0.010000000000,0
63,1032,banana,P,absolute,5.000000000000,74.000000000000,79.000000000000,False,banana,banana,0.970000000000,0.970000000000,banana|jute|apple,banana|jute|apple,False,0.940000000000,0.940000000000,0.000000000000,0
64,1707,papaya,P,absolute,5.000000000000,65.000000000000,70.000000000000,False,papaya,papaya,0.930000000000,0.860000000000,papaya|pomegranate|pigeonpeas,papaya|banana|pigeonpeas,False,0.900000000000,0.800000000000,0.070000000000,0
65,54,rice,P,absolute,5.000000000000,52.000000000000,57.000000000000,False,rice,rice,0.980000000000,0.990000000000,rice|jute|apple,rice|jute|apple,False,0.960000000000,0.980000000000,0.010000000000,0
66,1630,orange,P,absolute,5.000000000000,25.000000000000,30.000000000000,False,orange,orange,0.980000000000,0.980000000000,orange|mango|pomegranate,orange|mango|pomegranate,False,0.970000000000,0.970000000000,0.000000000000,0
67,1818,coconut,P,absolute,5.000000000000,11.000000000000,16.000000000000,False,coconut,coconut,1.000000000000,1.000000000000,coconut|apple|banana,coconut|apple|banana,False,1.000000000000,1.000000000000,0.000000000000,0
69,920,pomegranate,P,absolute,5.000000000000,8.000000000000,13.000000000000,False,pomegranate,pomegranate,0.970000000000,0.980000000000,pomegranate|orange|apple,pomegranate|orange|apple,False,0.940000000000,0.960000000000,0.010000000000,0
70,1033,banana,P,absolute,5.000000000000,71.000000000000,76.000000000000,False,banana,banana,1.000000000000,1.000000000000,banana|apple|blackgram,banana|apple|blackgram,False,1.000000000000,1.000000000000,0.000000000000,0
71,1458,muskmelon,P,absolute,5.000000000000,9.000000000000,14.000000000000,False,muskmelon,muskmelon,1.000000000000,1.000000000000,muskmelon|apple|banana,muskmelon|apple|banana,False,1.000000000000,1.000000000000,0.000000000000,0
72,1369,watermelon,P,absolute,5.000000000000,19.000000000000,24.000000000000,False,watermelon,watermelon,1.000000000000,1.000000000000,watermelon|apple|banana,watermelon|apple|banana,False,1.000000000000,1.000000000000,0.000000000000,0
73,859,lentil,P,absolute,5.000000000000,75.000000000000,80.000000000000,False,lentil,lentil,1.000000000000,0.990000000000,lentil|apple|banana,lentil|blackgram|apple,False,1.000000000000,0.980000000000,0.010000000000,0
75,1854,coconut,P,absolute,5.000000000000,29.000000000000,34.000000000000,False,coconut,coconut,1.000000000000,0.840000000000,coconut|apple|banana,coconut|papaya|jute,False,1.000000000000,0.750000000000,0.160000000000,0
76,575,mothbeans,P,absolute,5.000000000000,59.000000000000,64.000000000000,False,mothbeans,mothbeans,0.900000000000,0.570000000000,mothbeans|lentil|mungbean,mothbeans|lentil|pigeonpeas,False,0.820000000000,0.240000000000,0.330000000000,0
77,606,mungbean,P,absolute,5.000000000000,59.000000000000,64.000000000000,False,mungbean,mungbean,0.980000000000,0.760000000000,mungbean|blackgram|apple,mungbean|lentil|papaya,False,0.960000000000,0.660000000000,0.220000000000,0
78,614,mungbean,P,absolute,5.000000000000,38.000000000000,43.000000000000,False,mungbean,mungbean,0.970000000000,0.990000000000,mungbean|mothbeans|orange,mungbean|mothbeans|apple,False,0.950000000000,0.980000000000,0.020000000000,0
80,2182,coffee,P,absolute,5.000000000000,33.000000000000,38.000000000000,False,coffee,coffee,0.990000000000,0.990000000000,coffee|coconut|apple,coffee|mango|apple,False,0.980000000000,0.980000000000,0.000000000000,0
82,1473,muskmelon,P,absolute,5.000000000000,5.000000000000,10.000000000000,False,muskmelon,muskmelon,1.000000000000,1.000000000000,muskmelon|apple|banana,muskmelon|apple|banana,False,1.000000000000,1.000000000000,0.000000000000,0
83,303,kidneybeans,P,absolute,5.000000000000,64.000000000000,69.000000000000,False,kidneybeans,kidneybeans,0.950000000000,0.950000000000,kidneybeans|chickpea|pigeonpeas,kidneybeans|chickpea|pigeonpeas,False,0.910000000000,0.910000000000,0.000000000000,0
85,937,pomegranate,P,absolute,5.000000000000,24.000000000000,29.000000000000,False,pomegranate,pomegranate,0.910000000000,0.910000000000,pomegranate|papaya|orange,pomegranate|papaya|coconut,False,0.870000000000,0.860000000000,0.000000000000,0
86,1697,orange,P,absolute,5.000000000000,7.000000000000,12.000000000000,False,orange,orange,0.980000000000,0.980000000000,orange|mango|pomegranate,orange|mango|pomegranate,False,0.970000000000,0.970000000000,0.000000000000,0
87,1987,cotton,P,absolute,5.000000000000,43.000000000000,48.000000000000,False,cotton,cotton,1.000000000000,1.000000000000,cotton|apple|banana,cotton|apple|banana,False,1.000000000000,1.000000000000,0.000000000000,0
88,1851,coconut,P,absolute,5.000000000000,19.000000000000,24.000000000000,False,coconut,coconut,0.990000000000,0.990000000000,coconut|coffee|apple,coconut|coffee|apple,False,0.980000000000,0.980000000000,0.000000000000,0
91,613,mungbean,P,absolute,5.000000000000,46.000000000000,51.000000000000,False,mungbean,mungbean,1.000000000000,0.990000000000,mungbean|apple|banana,mungbean|lentil|apple,False,1.000000000000,0.980000000000,0.010000000000,0
93,1960,cotton,P,absolute,5.000000000000,60.000000000000,65.000000000000,False,cotton,cotton,1.000000000000,0.920000000000,cotton|apple|banana,cotton|banana|papaya,False,1.000000000000,0.890000000000,0.080000000000,0
95,1225,grapes,P,absolute,5.000000000000,140.000000000000,145.000000000000,False,grapes,grapes,1.000000000000,0.990000000000,grapes|apple|banana,grapes|apple|banana,False,1.000000000000,0.980000000000,0.010000000000,0
96,1988,cotton,P,absolute,5.000000000000,37.000000000000,42.000000000000,False,cotton,cotton,1.000000000000,1.000000000000,cotton|apple|banana,cotton|apple|banana,False,1.000000000000,1.000000000000,0.000000000000,0
97,227,chickpea,P,absolute,5.000000000000,60.000000000000,65.000000000000,False,chickpea,chickpea,0.940000000000,0.960000000000,chickpea|kidneybeans|coffee,chickpea|kidneybeans|rice,False,0.910000000000,0.930000000000,0.020000000000,0
100,1499,muskmelon,P,absolute,5.000000000000,16.000000000000,21.000000000000,False,muskmelon,muskmelon,1.000000000000,1.000000000000,muskmelon|apple|banana,muskmelon|apple|banana,False,1.000000000000,1.000000000000,0.000000000000,0
101,989,pomegranate,P,absolute,5.000000000000,26.000000000000,31.000000000000,False,pomegranate,pomegranate,0.990000000000,0.970000000000,pomegranate|orange|apple,pomegranate|mango|orange,False,0.980000000000,0.950000000000,0.020000000000,0
103,497,pigeonpeas,P,absolute,5.000000000000,60.000000000000,65.000000000000,False,pigeonpeas,pigeonpeas,0.980000000000,0.980000000000,pigeonpeas|blackgram|papaya,pigeonpeas|blackgram|papaya,False,0.970000000000,0.970000000000,0.000000000000,0
104,472,pigeonpeas,P,absolute,5.000000000000,68.000000000000,73.000000000000,False,pigeonpeas,pigeonpeas,0.940000000000,0.940000000000,pigeonpeas|lentil|mothbeans,pigeonpeas|lentil|mothbeans,False,0.900000000000,0.900000000000,0.000000000000,0
106,323,kidneybeans,P,absolute,5.000000000000,64.000000000000,69.000000000000,False,kidneybeans,kidneybeans,0.990000000000,0.990000000000,kidneybeans|chickpea|apple,kidneybeans|chickpea|apple,False,0.980000000000,0.980000000000,0.000000000000,0
108,44,rice,P,absolute,5.000000000000,52.000000000000,57.000000000000,False,rice,rice,0.900000000000,0.930000000000,rice|jute|papaya,rice|jute|papaya,False,0.830000000000,0.890000000000,0.030000000000,0
109,84,rice,P,absolute,5.000000000000,58.000000000000,63.000000000000,False,rice,rice,1.000000000000,0.910000000000,rice|apple|banana,rice|papaya|banana,False,1.000000000000,0.870000000000,0.090000000000,0
110,1551,apple,P,absolute,5.000000000000,139.000000000000,144.000000000000,False,apple,apple,1.000000000000,0.990000000000,apple|banana|blackgram,apple|grapes|banana,False,1.000000000000,0.980000000000,0.010000000000,0
111,647,mungbean,P,absolute,5.000000000000,48.000000000000,53.000000000000,False,mungbean,mungbean,1.000000000000,1.000000000000,mungbean|apple|banana,mungbean|apple|banana,False,1.000000000000,1.000000000000,0.000000000000,0
115,1456,muskmelon,P,absolute,5.000000000000,12.000000000000,17.000000000000,False,muskmelon,muskmelon,1.000000000000,1.000000000000,muskmelon|apple|banana,muskmelon|apple|banana,False,1.000000000000,1.000000000000,0.000000000000,0
121,250,chickpea,P,absolute,5.000000000000,79.000000000000,84.000000000000,False,chickpea,chickpea,1.000000000000,1.000000000000,chickpea|apple|banana,chickpea|apple|banana,False,1.000000000000,1.000000000000,0.000000000000,0
122,199,maize,P,absolute,5.000000000000,57.000000000000,62.000000000000,False,maize,maize,0.940000000000,0.790000000000,maize|coffee|blackgram,maize|pigeonpeas|blackgram,False,0.920000000000,0.710000000000,0.150000000000,0
124,110,maize,P,absolute,5.000000000000,44.000000000000,49.000000000000,False,maize,maize,0.970000000000,0.970000000000,maize|cotton|mungbean,maize|cotton|mungbean,False,0.960000000000,0.960000000000,0.000000000000,0
128,1859,coconut,P,absolute,5.000000000000,10.000000000000,15.000000000000,False,coconut,coconut,1.000000000000,1.000000000000,coconut|apple|banana,coconut|apple|banana,False,1.000000000000,1.000000000000,0.000000000000,0
131,226,chickpea,P,absolute,5.000000000000,65.000000000000,70.000000000000,False,chickpea,chickpea,0.920000000000,0.920000000000,chickpea|kidneybeans|apple,chickpea|kidneybeans|apple,False,0.840000000000,0.840000000000,0.000000000000,0
136,1552,apple,P,absolute,5.000000000000,123.000000000000,128.000000000000,False,apple,apple,1.000000000000,1.000000000000,apple|banana|blackgram,apple|banana|blackgram,False,1.000000000000,1.000000000000,0.000000000000,0
148,461,pigeonpeas,P,absolute,5.000000000000,77.000000000000,82.000000000000,False,pigeonpeas,pigeonpeas,0.990000000000,0.990000000000,pigeonpeas|lentil|apple,pigeonpeas|lentil|apple,False,0.980000000000,0.980000000000,0.000000000000,0
156,474,pigeonpeas,P,absolute,5.000000000000,59.000000000000,64.000000000000,False,pigeonpeas,pigeonpeas,0.970000000000,1.000000000000,pigeonpeas|coffee|kidneybeans,pigeonpeas|apple|banana,False,0.960000000000,1.000000000000,0.030000000000,0
157,1419,muskmelon,P,absolute,5.000000000000,14.000000000000,19.000000000000,False,muskmelon,muskmelon,1.000000000000,1.000000000000,muskmelon|apple|banana,muskmelon|apple|banana,False,1.000000000000,1.000000000000,0.000000000000,0
164,305,kidneybeans,P,absolute,5.000000000000,65.000000000000,70.000000000000,False,kidneybeans,kidneybeans,0.990000000000,0.990000000000,kidneybeans|pigeonpeas|apple,kidneybeans|pigeonpeas|apple,False,0.980000000000,0.980000000000,0.000000000000,0
189,361,kidneybeans,P,absolute,5.000000000000,67.000000000000,72.000000000000,False,kidneybeans,kidneybeans,1.000000000000,1.000000000000,kidneybeans|apple|banana,kidneybeans|apple|banana,False,1.000000000000,1.000000000000,0.000000000000,0
0,1609,orange,P,absolute,10.000000000000,23.000000000000,33.000000000000,False,orange,orange,0.970000000000,0.780000000000,orange|pomegranate|apple,orange|cotton|papaya,False,0.940000000000,0.730000000000,0.190000000000,0
1,1072,banana,P,absolute,10.000000000000,79.000000000000,89.000000000000,False,banana,banana,0.930000000000,0.930000000000,banana|papaya|cotton,banana|papaya|cotton,False,0.890000000000,0.890000000000,0.000000000000,0
2,1912,cotton,P,absolute,10.000000000000,38.000000000000,48.000000000000,False,cotton,cotton,1.000000000000,1.000000000000,cotton|apple|banana,cotton|apple|banana,False,1.000000000000,1.000000000000,0.000000000000,0
3,100,maize,P,absolute,10.000000000000,54.000000000000,64.000000000000,False,maize,maize,0.990000000000,0.800000000000,maize|mothbeans|apple,maize|pigeonpeas|blackgram,False,0.980000000000,0.670000000000,0.190000000000,0
4,1645,orange,P,absolute,10.000000000000,22.000000000000,32.000000000000,False,orange,orange,0.990000000000,0.960000000000,orange|pomegranate|apple,orange|pomegranate|mango,False,0.980000000000,0.940000000000,0.030000000000,0
5,221,chickpea,P,absolute,10.000000000000,68.000000000000,78.000000000000,False,chickpea,chickpea,1.000000000000,1.000000000000,chickpea|apple|banana,chickpea|apple|banana,False,1.000000000000,1.000000000000,0.000000000000,0
6,28,rice,P,absolute,10.000000000000,49.000000000000,59.000000000000,False,rice,rice,0.990000000000,0.980000000000,rice|jute|apple,rice|banana|papaya,False,0.980000000000,0.970000000000,0.010000000000,0
7,701,blackgram,P,absolute,10.000000000000,62.000000000000,72.000000000000,False,blackgram,blackgram,0.970000000000,0.950000000000,blackgram|lentil|apple,blackgram|lentil|apple,False,0.940000000000,0.900000000000,0.020000000000,0
8,1097,banana,P,absolute,10.000000000000,71.000000000000,81.000000000000,False,banana,banana,1.000000000000,1.000000000000,banana|apple|blackgram,banana|apple|blackgram,False,1.000000000000,1.000000000000,0.000000000000,0
9,1638,orange,P,absolute,10.000000000000,5.000000000000,15.000000000000,False,orange,orange,1.000000000000,1.000000000000,orange|apple|banana,orange|apple|banana,False,1.000000000000,1.000000000000,0.000000000000,0
10,1391,watermelon,P,absolute,10.000000000000,10.000000000000,20.000000000000,False,watermelon,watermelon,1.000000000000,1.000000000000,watermelon|apple|banana,watermelon|apple|banana,False,1.000000000000,1.000000000000,0.000000000000,0
11,901,pomegranate,P,absolute,10.000000000000,18.000000000000,28.000000000000,False,pomegranate,pomegranate,1.000000000000,1.000000000000,pomegranate|apple|banana,pomegranate|apple|banana,False,1.000000000000,1.000000000000,0.000000000000,0
12,1386,watermelon,P,absolute,10.000000000000,7.000000000000,17.000000000000,False,watermelon,watermelon,1.000000000000,1.000000000000,watermelon|apple|banana,watermelon|apple|banana,False,1.000000000000,1.000000000000,0.000000000000,0
13,171,maize,P,absolute,10.000000000000,48.000000000000,58.000000000000,False,maize,maize,1.000000000000,0.980000000000,maize|apple|banana,maize|blackgram|pigeonpeas,False,1.000000000000,0.970000000000,0.020000000000,0
14,544,mothbeans,P,absolute,10.000000000000,48.000000000000,58.000000000000,False,mothbeans,mothbeans,0.810000000000,0.710000000000,mothbeans|blackgram|pigeonpeas,mothbeans|blackgram|pigeonpeas,False,0.740000000000,0.580000000000,0.100000000000,0
15,1264,grapes,P,absolute,10.000000000000,140.000000000000,145.000000000000,True,grapes,grapes,1.000000000000,0.970000000000,grapes|apple|banana,grapes|apple|banana,False,1.000000000000,0.940000000000,0.030000000000,0
16,1220,grapes,P,absolute,10.000000000000,145.000000000000,145.000000000000,True,grapes,grapes,1.000000000000,1.000000000000,grapes|apple|banana,grapes|apple|banana,False,1.000000000000,1.000000000000,0.000000000000,0
17,1154,mango,P,absolute,10.000000000000,26.000000000000,36.000000000000,False,mango,mango,1.000000000000,0.970000000000,mango|apple|banana,mango|maize|papaya,False,1.000000000000,0.960000000000,0.030000000000,0
18,1131,mango,P,absolute,10.000000000000,29.000000000000,39.000000000000,False,mango,mango,0.980000000000,0.950000000000,mango|mothbeans|papaya,mango|mothbeans|pigeonpeas,False,0.970000000000,0.930000000000,0.030000000000,0
19,1514,apple,P,absolute,10.000000000000,133.000000000000,143.000000000000,False,apple,apple,1.000000000000,1.000000000000,apple|banana|blackgram,apple|banana|blackgram,False,1.000000000000,1.000000000000,0.000000000000,0
20,795,blackgram,P,absolute,10.000000000000,73.000000000000,83.000000000000,False,blackgram,blackgram,0.990000000000,0.990000000000,blackgram|lentil|apple,blackgram|lentil|apple,False,0.980000000000,0.980000000000,0.000000000000,0
21,1502,apple,P,absolute,10.000000000000,128.000000000000,138.000000000000,False,apple,apple,1.000000000000,1.000000000000,apple|banana|blackgram,apple|banana|blackgram,False,1.000000000000,1.000000000000,0.000000000000,0
22,585,mothbeans,P,absolute,10.000000000000,40.000000000000,50.000000000000,False,mothbeans,mothbeans,0.790000000000,0.770000000000,mothbeans|lentil|blackgram,mothbeans|lentil|blackgram,False,0.610000000000,0.570000000000,0.020000000000,0
23,387,kidneybeans,P,absolute,10.000000000000,69.000000000000,79.000000000000,False,kidneybeans,kidneybeans,0.990000000000,0.990000000000,kidneybeans|pigeonpeas|apple,kidneybeans|pigeonpeas|apple,False,0.980000000000,0.980000000000,0.000000000000,0
24,1591,apple,P,absolute,10.000000000000,140.000000000000,145.000000000000,True,apple,apple,0.980000000000,0.970000000000,apple|grapes|banana,apple|grapes|banana,False,0.960000000000,0.940000000000,0.010000000000,0
25,2003,jute,P,absolute,10.000000000000,40.000000000000,50.000000000000,False,jute,jute,0.980000000000,0.980000000000,jute|rice|watermelon,jute|rice|watermelon,False,0.970000000000,0.970000000000,0.000000000000,0
26,505,mothbeans,P,absolute,10.000000000000,43.000000000000,53.000000000000,False,mothbeans,mothbeans,0.890000000000,0.880000000000,mothbeans|blackgram|pigeonpeas,mothbeans|blackgram|pigeonpeas,False,0.840000000000,0.820000000000,0.010000000000,0
27,1342,watermelon,P,absolute,10.000000000000,6.000000000000,16.000000000000,False,watermelon,watermelon,1.000000000000,1.000000000000,watermelon|apple|banana,watermelon|apple|banana,False,1.000000000000,1.000000000000,0.000000000000,0
28,0,rice,P,absolute,10.000000000000,42.000000000000,52.000000000000,False,rice,rice,0.900000000000,0.900000000000,rice|jute|apple,rice|jute|apple,False,0.800000000000,0.800000000000,0.000000000000,0
29,2106,coffee,P,absolute,10.000000000000,31.000000000000,41.000000000000,False,coffee,coffee,1.000000000000,0.790000000000,coffee|apple|banana,coffee|maize|jute,False,1.000000000000,0.710000000000,0.210000000000,0
30,1102,mango,P,absolute,10.000000000000,26.000000000000,36.000000000000,False,mango,mango,0.920000000000,0.920000000000,mango|coconut|coffee,mango|coconut|mothbeans,False,0.900000000000,0.900000000000,0.000000000000,0
31,2086,jute,P,absolute,10.000000000000,41.000000000000,51.000000000000,False,jute,jute,0.930000000000,0.920000000000,jute|rice|banana,jute|rice|banana,False,0.870000000000,0.850000000000,0.010000000000,0
32,1036,banana,P,absolute,10.000000000000,79.000000000000,89.000000000000,False,banana,banana,1.000000000000,1.000000000000,banana|apple|blackgram,banana|apple|blackgram,False,1.000000000000,1.000000000000,0.000000000000,0
33,2167,coffee,P,absolute,10.000000000000,28.000000000000,38.000000000000,False,coffee,coffee,1.000000000000,0.950000000000,coffee|apple|banana,coffee|jute|mango,False,1.000000000000,0.920000000000,0.050000000000,0
34,2050,jute,P,absolute,10.000000000000,56.000000000000,66.000000000000,False,jute,jute,0.990000000000,0.790000000000,jute|rice|apple,jute|banana|papaya,False,0.980000000000,0.670000000000,0.200000000000,0
35,737,blackgram,P,absolute,10.000000000000,60.000000000000,70.000000000000,False,blackgram,blackgram,0.910000000000,0.980000000000,blackgram|maize|lentil,blackgram|maize|apple,False,0.830000000000,0.960000000000,0.070000000000,0
36,1298,grapes,P,absolute,10.000000000000,124.000000000000,134.000000000000,False,grapes,grapes,1.000000000000,1.000000000000,grapes|apple|banana,grapes|apple|banana,False,1.000000000000,1.000000000000,0.000000000000,0
37,1200,grapes,P,absolute,10.000000000000,130.000000000000,140.000000000000,False,grapes,grapes,1.000000000000,1.000000000000,grapes|apple|banana,grapes|apple|banana,False,1.000000000000,1.000000000000,0.000000000000,0
38,731,blackgram,P,absolute,10.000000000000,65.000000000000,75.000000000000,False,blackgram,blackgram,0.990000000000,0.990000000000,blackgram|mothbeans|apple,blackgram|mothbeans|apple,False,0.980000000000,0.980000000000,0.000000000000,0
39,2042,jute,P,absolute,10.000000000000,52.000000000000,62.000000000000,False,jute,jute,0.930000000000,0.830000000000,jute|rice|papaya,jute|papaya|banana,False,0.890000000000,0.740000000000,0.100000000000,0
40,1829,coconut,P,absolute,10.000000000000,14.000000000000,24.000000000000,False,coconut,coconut,1.000000000000,1.000000000000,coconut|apple|banana,coconut|apple|banana,False,1.000000000000,1.000000000000,0.000000000000,0
41,1716,papaya,P,absolute,10.000000000000,55.000000000000,65.000000000000,False,papaya,papaya,0.990000000000,0.980000000000,papaya|grapes|apple,papaya|blackgram|grapes,False,0.980000000000,0.970000000000,0.010000000000,0
42,1156,mango,P,absolute,10.000000000000,18.000000000000,28.000000000000,False,mango,mango,1.000000000000,1.000000000000,mango|apple|banana,mango|apple|banana,False,1.000000000000,1.000000000000,0.000000000000,0
43,185,maize,P,absolute,10.000000000000,38.000000000000,48.000000000000,False,maize,maize,0.970000000000,0.980000000000,maize|mothbeans|coffee,maize|mothbeans|apple,False,0.950000000000,0.960000000000,0.010000000000,0
44,861,lentil,P,absolute,10.000000000000,79.000000000000,89.000000000000,False,lentil,lentil,0.980000000000,0.970000000000,lentil|blackgram|apple,lentil|blackgram|apple,False,0.960000000000,0.940000000000,0.010000000000,0
45,2022,jute,P,absolute,10.000000000000,55.000000000000,65.000000000000,False,jute,jute,0.940000000000,0.810000000000,jute|rice|watermelon,jute|papaya|rice,False,0.890000000000,0.730000000000,0.130000000000,0
46,1973,cotton,P,absolute,10.000000000000,51.000000000000,61.000000000000,False,cotton,cotton,0.960000000000,0.870000000000,cotton|maize|banana,cotton|banana|maize,False,0.940000000000,0.810000000000,0.090000000000,0
47,850,lentil,P,absolute,10.000000000000,74.000000000000,84.000000000000,False,lentil,lentil,0.900000000000,0.880000000000,lentil|mothbeans|blackgram,lentil|mothbeans|blackgram,False,0.840000000000,0.820000000000,0.020000000000,0
48,203,chickpea,P,absolute,10.000000000000,72.000000000000,82.000000000000,False,chickpea,chickpea,1.000000000000,1.000000000000,chickpea|apple|banana,chickpea|apple|banana,False,1.000000000000,1.000000000000,0.000000000000,0
49,696,mungbean,P,absolute,10.000000000000,44.000000000000,54.000000000000,False,mungbean,mungbean,1.000000000000,1.000000000000,mungbean|apple|banana,mungbean|apple|banana,False,1.000000000000,1.000000000000,0.000000000000,0
50,1737,papaya,P,absolute,10.000000000000,62.000000000000,72.000000000000,False,papaya,papaya,0.930000000000,0.720000000000,papaya|rice|apple,papaya|banana|rice,False,0.860000000000,0.470000000000,0.210000000000,0
51,961,pomegranate,P,absolute,10.000000000000,30.000000000000,40.000000000000,False,pomegranate,pomegranate,0.990000000000,0.460000000000,pomegranate|orange|apple,pomegranate|papaya|rice,False,0.980000000000,0.220000000000,0.530000000000,0
52,405,pigeonpeas,P,absolute,10.000000000000,75.000000000000,85.000000000000,False,pigeonpeas,pigeonpeas,0.920000000000,0.910000000000,pigeonpeas|mango|coconut,pigeonpeas|mango|blackgram,False,0.850000000000,0.840000000000,0.010000000000,0
53,1392,watermelon,P,absolute,10.000000000000,22.000000000000,32.000000000000,False,watermelon,watermelon,1.000000000000,1.000000000000,watermelon|apple|banana,watermelon|apple|banana,False,1.000000000000,1.000000000000,0.000000000000,0
54,1158,mango,P,absolute,10.000000000000,34.000000000000,44.000000000000,False,mango,mango,0.980000000000,0.740000000000,mango|mothbeans|orange,mango|pigeonpeas|mothbeans,False,0.970000000000,0.620000000000,0.240000000000,0
55,768,blackgram,P,absolute,10.000000000000,57.000000000000,67.000000000000,False,blackgram,blackgram,0.680000000000,0.980000000000,blackgram|mothbeans|lentil,blackgram|mothbeans|apple,False,0.440000000000,0.960000000000,0.300000000000,0
56,1763,papaya,P,absolute,10.000000000000,65.000000000000,75.000000000000,False,papaya,papaya,0.990000000000,0.630000000000,papaya|banana|apple,papaya|banana|pigeonpeas,False,0.980000000000,0.270000000000,0.360000000000,0
57,1798,papaya,P,absolute,10.000000000000,59.000000000000,69.000000000000,False,papaya,papaya,1.000000000000,0.990000000000,papaya|apple|banana,papaya|pigeonpeas|apple,False,1.000000000000,0.980000000000,0.010000000000,0
58,2173,coffee,P,absolute,10.000000000000,30.000000000000,40.000000000000,False,coffee,coffee,0.980000000000,1.000000000000,coffee|coconut|apple,coffee|apple|banana,False,0.960000000000,1.000000000000,0.020000000000,0
59,825,lentil,P,absolute,10.000000000000,66.000000000000,76.000000000000,False,lentil,lentil,0.990000000000,1.000000000000,lentil|blackgram|apple,lentil|apple|banana,False,0.980000000000,1.000000000000,0.010000000000,0
60,813,lentil,P,absolute,10.000000000000,80.000000000000,90.000000000000,False,lentil,lentil,0.820000000000,0.820000000000,lentil|mothbeans|blackgram,lentil|mothbeans|blackgram,False,0.710000000000,0.710000000000,0.000000000000,0
61,539,mothbeans,P,absolute,10.000000000000,49.000000000000,59.000000000000,False,mothbeans,mothbeans,0.960000000000,0.820000000000,mothbeans|lentil|pigeonpeas,mothbeans|lentil|blackgram,False,0.930000000000,0.700000000000,0.140000000000,0
62,2157,coffee,P,absolute,10.000000000000,31.000000000000,41.000000000000,False,coffee,coffee,1.000000000000,0.820000000000,coffee|apple|banana,coffee|maize|jute,False,1.000000000000,0.700000000000,0.180000000000,0
63,1032,banana,P,absolute,10.000000000000,74.000000000000,84.000000000000,False,banana,banana,0.970000000000,0.970000000000,banana|jute|apple,banana|jute|apple,False,0.940000000000,0.940000000000,0.000000000000,0
64,1707,papaya,P,absolute,10.000000000000,65.000000000000,75.000000000000,False,papaya,papaya,0.930000000000,0.820000000000,papaya|pomegranate|pigeonpeas,papaya|banana|pigeonpeas,False,0.900000000000,0.730000000000,0.110000000000,0
65,54,rice,P,absolute,10.000000000000,52.000000000000,62.000000000000,False,rice,rice,0.980000000000,0.890000000000,rice|jute|apple,rice|banana|papaya,False,0.960000000000,0.840000000000,0.090000000000,0
66,1630,orange,P,absolute,10.000000000000,25.000000000000,35.000000000000,False,orange,orange,0.980000000000,0.660000000000,orange|mango|pomegranate,orange|papaya|mungbean,False,0.970000000000,0.530000000000,0.320000000000,0
67,1818,coconut,P,absolute,10.000000000000,11.000000000000,21.000000000000,False,coconut,coconut,1.000000000000,1.000000000000,coconut|apple|banana,coconut|apple|banana,False,1.000000000000,1.000000000000,0.000000000000,0
69,920,pomegranate,P,absolute,10.000000000000,8.000000000000,18.000000000000,False,pomegranate,pomegranate,0.970000000000,1.000000000000,pomegranate|orange|apple,pomegranate|apple|banana,False,0.940000000000,1.000000000000,0.030000000000,0
70,1033,banana,P,absolute,10.000000000000,71.000000000000,81.000000000000,False,banana,banana,1.000000000000,1.000000000000,banana|apple|blackgram,banana|apple|blackgram,False,1.000000000000,1.000000000000,0.000000000000,0
71,1458,muskmelon,P,absolute,10.000000000000,9.000000000000,19.000000000000,False,muskmelon,muskmelon,1.000000000000,1.000000000000,muskmelon|apple|banana,muskmelon|apple|banana,False,1.000000000000,1.000000000000,0.000000000000,0
72,1369,watermelon,P,absolute,10.000000000000,19.000000000000,29.000000000000,False,watermelon,watermelon,1.000000000000,1.000000000000,watermelon|apple|banana,watermelon|apple|banana,False,1.000000000000,1.000000000000,0.000000000000,0
73,859,lentil,P,absolute,10.000000000000,75.000000000000,85.000000000000,False,lentil,lentil,1.000000000000,0.990000000000,lentil|apple|banana,lentil|blackgram|apple,False,1.000000000000,0.980000000000,0.010000000000,0
75,1854,coconut,P,absolute,10.000000000000,29.000000000000,39.000000000000,False,coconut,coconut,1.000000000000,0.480000000000,coconut|apple|banana,coconut|papaya|pigeonpeas,False,1.000000000000,0.230000000000,0.520000000000,0
76,575,mothbeans,P,absolute,10.000000000000,59.000000000000,69.000000000000,False,mothbeans,mothbeans,0.900000000000,0.570000000000,mothbeans|lentil|mungbean,mothbeans|lentil|pigeonpeas,False,0.820000000000,0.230000000000,0.330000000000,0
77,606,mungbean,P,absolute,10.000000000000,59.000000000000,69.000000000000,False,mungbean,mungbean,0.980000000000,0.730000000000,mungbean|blackgram|apple,mungbean|lentil|papaya,False,0.960000000000,0.620000000000,0.250000000000,0
78,614,mungbean,P,absolute,10.000000000000,38.000000000000,48.000000000000,False,mungbean,mungbean,0.970000000000,0.990000000000,mungbean|mothbeans|orange,mungbean|mothbeans|apple,False,0.950000000000,0.980000000000,0.020000000000,0
80,2182,coffee,P,absolute,10.000000000000,33.000000000000,43.000000000000,False,coffee,coffee,0.990000000000,0.810000000000,coffee|coconut|apple,coffee|jute|maize,False,0.980000000000,0.720000000000,0.180000000000,0
82,1473,muskmelon,P,absolute,10.000000000000,5.000000000000,15.000000000000,False,muskmelon,muskmelon,1.000000000000,1.000000000000,muskmelon|apple|banana,muskmelon|apple|banana,False,1.000000000000,1.000000000000,0.000000000000,0
83,303,kidneybeans,P,absolute,10.000000000000,64.000000000000,74.000000000000,False,kidneybeans,kidneybeans,0.950000000000,0.950000000000,kidneybeans|chickpea|pigeonpeas,kidneybeans|chickpea|pigeonpeas,False,0.910000000000,0.910000000000,0.000000000000,0
85,937,pomegranate,P,absolute,10.000000000000,24.000000000000,34.000000000000,False,pomegranate,pomegranate,0.910000000000,0.730000000000,pomegranate|papaya|orange,pomegranate|papaya|jute,False,0.870000000000,0.570000000000,0.180000000000,0
86,1697,orange,P,absolute,10.000000000000,7.000000000000,17.000000000000,False,orange,orange,0.980000000000,0.970000000000,orange|mango|pomegranate,orange|mango|pomegranate,False,0.970000000000,0.950000000000,0.010000000000,0
87,1987,cotton,P,absolute,10.000000000000,43.000000000000,53.000000000000,False,cotton,cotton,1.000000000000,1.000000000000,cotton|apple|banana,cotton|apple|banana,False,1.000000000000,1.000000000000,0.000000000000,0
88,1851,coconut,P,absolute,10.000000000000,19.000000000000,29.000000000000,False,coconut,coconut,0.990000000000,0.980000000000,coconut|coffee|apple,coconut|coffee|mango,False,0.980000000000,0.970000000000,0.010000000000,0
91,613,mungbean,P,absolute,10.000000000000,46.000000000000,56.000000000000,False,mungbean,mungbean,1.000000000000,0.990000000000,mungbean|apple|banana,mungbean|lentil|apple,False,1.000000000000,0.980000000000,0.010000000000,0
93,1960,cotton,P,absolute,10.000000000000,60.000000000000,70.000000000000,False,cotton,cotton,1.000000000000,0.670000000000,cotton|apple|banana,cotton|banana|papaya,False,1.000000000000,0.410000000000,0.330000000000,0
95,1225,grapes,P,absolute,10.000000000000,140.000000000000,145.000000000000,True,grapes,grapes,1.000000000000,0.990000000000,grapes|apple|banana,grapes|apple|banana,False,1.000000000000,0.980000000000,0.010000000000,0
96,1988,cotton,P,absolute,10.000000000000,37.000000000000,47.000000000000,False,cotton,cotton,1.000000000000,1.000000000000,cotton|apple|banana,cotton|apple|banana,False,1.000000000000,1.000000000000,0.000000000000,0
97,227,chickpea,P,absolute,10.000000000000,60.000000000000,70.000000000000,False,chickpea,chickpea,0.940000000000,0.960000000000,chickpea|kidneybeans|coffee,chickpea|kidneybeans|rice,False,0.910000000000,0.930000000000,0.020000000000,0
100,1499,muskmelon,P,absolute,10.000000000000,16.000000000000,26.000000000000,False,muskmelon,muskmelon,1.000000000000,1.000000000000,muskmelon|apple|banana,muskmelon|apple|banana,False,1.000000000000,1.000000000000,0.000000000000,0
101,989,pomegranate,P,absolute,10.000000000000,26.000000000000,36.000000000000,False,pomegranate,pomegranate,0.990000000000,0.570000000000,pomegranate|orange|apple,pomegranate|papaya|jute,False,0.980000000000,0.340000000000,0.420000000000,0
103,497,pigeonpeas,P,absolute,10.000000000000,60.000000000000,70.000000000000,False,pigeonpeas,pigeonpeas,0.980000000000,0.980000000000,pigeonpeas|blackgram|papaya,pigeonpeas|blackgram|papaya,False,0.970000000000,0.970000000000,0.000000000000,0
104,472,pigeonpeas,P,absolute,10.000000000000,68.000000000000,78.000000000000,False,pigeonpeas,pigeonpeas,0.940000000000,0.940000000000,pigeonpeas|lentil|mothbeans,pigeonpeas|lentil|mothbeans,False,0.900000000000,0.900000000000,0.000000000000,0
106,323,kidneybeans,P,absolute,10.000000000000,64.000000000000,74.000000000000,False,kidneybeans,kidneybeans,0.990000000000,0.990000000000,kidneybeans|chickpea|apple,kidneybeans|chickpea|apple,False,0.980000000000,0.980000000000,0.000000000000,0
108,44,rice,P,absolute,10.000000000000,52.000000000000,62.000000000000,False,rice,rice,0.900000000000,0.820000000000,rice|jute|papaya,rice|papaya|jute,False,0.830000000000,0.730000000000,0.080000000000,0
109,84,rice,P,absolute,10.000000000000,58.000000000000,68.000000000000,False,rice,rice,1.000000000000,0.760000000000,rice|apple|banana,rice|banana|papaya,False,1.000000000000,0.640000000000,0.240000000000,0
110,1551,apple,P,absolute,10.000000000000,139.000000000000,145.000000000000,True,apple,apple,1.000000000000,0.980000000000,apple|banana|blackgram,apple|grapes|banana,False,1.000000000000,0.960000000000,0.020000000000,0
111,647,mungbean,P,absolute,10.000000000000,48.000000000000,58.000000000000,False,mungbean,mungbean,1.000000000000,1.000000000000,mungbean|apple|banana,mungbean|apple|banana,False,1.000000000000,1.000000000000,0.000000000000,0
115,1456,muskmelon,P,absolute,10.000000000000,12.000000000000,22.000000000000,False,muskmelon,muskmelon,1.000000000000,1.000000000000,muskmelon|apple|banana,muskmelon|apple|banana,False,1.000000000000,1.000000000000,0.000000000000,0
121,250,chickpea,P,absolute,10.000000000000,79.000000000000,89.000000000000,False,chickpea,chickpea,1.000000000000,1.000000000000,chickpea|apple|banana,chickpea|apple|banana,False,1.000000000000,1.000000000000,0.000000000000,0
122,199,maize,P,absolute,10.000000000000,57.000000000000,67.000000000000,False,maize,maize,0.940000000000,0.750000000000,maize|coffee|blackgram,maize|pigeonpeas|banana,False,0.920000000000,0.670000000000,0.190000000000,0
124,110,maize,P,absolute,10.000000000000,44.000000000000,54.000000000000,False,maize,maize,0.970000000000,0.960000000000,maize|cotton|mungbean,maize|cotton|mothbeans,False,0.960000000000,0.950000000000,0.010000000000,0
128,1859,coconut,P,absolute,10.000000000000,10.000000000000,20.000000000000,False,coconut,coconut,1.000000000000,1.000000000000,coconut|apple|banana,coconut|apple|banana,False,1.000000000000,1.000000000000,0.000000000000,0
131,226,chickpea,P,absolute,10.000000000000,65.000000000000,75.000000000000,False,chickpea,chickpea,0.920000000000,0.920000000000,chickpea|kidneybeans|apple,chickpea|kidneybeans|apple,False,0.840000000000,0.840000000000,0.000000000000,0
136,1552,apple,P,absolute,10.000000000000,123.000000000000,133.000000000000,False,apple,apple,1.000000000000,1.000000000000,apple|banana|blackgram,apple|banana|blackgram,False,1.000000000000,1.000000000000,0.000000000000,0
148,461,pigeonpeas,P,absolute,10.000000000000,77.000000000000,87.000000000000,False,pigeonpeas,pigeonpeas,0.990000000000,0.990000000000,pigeonpeas|lentil|apple,pigeonpeas|lentil|apple,False,0.980000000000,0.980000000000,0.000000000000,0
156,474,pigeonpeas,P,absolute,10.000000000000,59.000000000000,69.000000000000,False,pigeonpeas,pigeonpeas,0.970000000000,1.000000000000,pigeonpeas|coffee|kidneybeans,pigeonpeas|apple|banana,False,0.960000000000,1.000000000000,0.030000000000,0
157,1419,muskmelon,P,absolute,10.000000000000,14.000000000000,24.000000000000,False,muskmelon,muskmelon,1.000000000000,1.000000000000,muskmelon|apple|banana,muskmelon|apple|banana,False,1.000000000000,1.000000000000,0.000000000000,0
164,305,kidneybeans,P,absolute,10.000000000000,65.000000000000,75.000000000000,False,kidneybeans,kidneybeans,0.990000000000,0.990000000000,kidneybeans|pigeonpeas|apple,kidneybeans|pigeonpeas|apple,False,0.980000000000,0.980000000000,0.000000000000,0
189,361,kidneybeans,P,absolute,10.000000000000,67.000000000000,77.000000000000,False,kidneybeans,kidneybeans,1.000000000000,1.000000000000,kidneybeans|apple|banana,kidneybeans|apple|banana,False,1.000000000000,1.000000000000,0.000000000000,0
0,1609,orange,K,absolute,-10.000000000000,6.000000000000,5.000000000000,True,orange,orange,0.970000000000,0.970000000000,orange|pomegranate|apple,orange|pomegranate|apple,False,0.940000000000,0.940000000000,0.000000000000,0
1,1072,banana,K,absolute,-10.000000000000,50.000000000000,40.000000000000,False,banana,banana,0.930000000000,0.760000000000,banana|papaya|cotton,banana|jute|cotton,False,0.890000000000,0.660000000000,0.170000000000,0
2,1912,cotton,K,absolute,-10.000000000000,15.000000000000,5.000000000000,False,cotton,cotton,1.000000000000,0.870000000000,cotton|apple|banana,cotton|orange|apple,False,1.000000000000,0.740000000000,0.130000000000,0
3,100,maize,K,absolute,-10.000000000000,16.000000000000,6.000000000000,False,maize,maize,0.990000000000,0.890000000000,maize|mothbeans|apple,maize|orange|mothbeans,False,0.980000000000,0.790000000000,0.100000000000,0
4,1645,orange,K,absolute,-10.000000000000,6.000000000000,5.000000000000,True,orange,orange,0.990000000000,0.990000000000,orange|pomegranate|apple,orange|pomegranate|apple,False,0.980000000000,0.980000000000,0.000000000000,0
5,221,chickpea,K,absolute,-10.000000000000,77.000000000000,67.000000000000,False,chickpea,chickpea,1.000000000000,1.000000000000,chickpea|apple|banana,chickpea|apple|banana,False,1.000000000000,1.000000000000,0.000000000000,0
6,28,rice,K,absolute,-10.000000000000,44.000000000000,34.000000000000,False,rice,rice,0.990000000000,0.790000000000,rice|jute|apple,rice|coffee|cotton,False,0.980000000000,0.660000000000,0.200000000000,0
7,701,blackgram,K,absolute,-10.000000000000,21.000000000000,11.000000000000,False,blackgram,blackgram,0.970000000000,0.830000000000,blackgram|lentil|apple,blackgram|orange|lentil,False,0.940000000000,0.690000000000,0.140000000000,0
8,1097,banana,K,absolute,-10.000000000000,54.000000000000,44.000000000000,False,banana,banana,1.000000000000,0.870000000000,banana|apple|blackgram,banana|rice|cotton,False,1.000000000000,0.820000000000,0.130000000000,0
9,1638,orange,K,absolute,-10.000000000000,5.000000000000,5.000000000000,True,orange,orange,1.000000000000,1.000000000000,orange|apple|banana,orange|apple|banana,False,1.000000000000,1.000000000000,0.000000000000,0
10,1391,watermelon,K,absolute,-10.000000000000,53.000000000000,43.000000000000,False,watermelon,watermelon,1.000000000000,0.830000000000,watermelon|apple|banana,watermelon|pomegranate|rice,False,1.000000000000,0.730000000000,0.170000000000,0
11,901,pomegranate,K,absolute,-10.000000000000,37.000000000000,27.000000000000,False,pomegranate,pomegranate,1.000000000000,0.870000000000,pomegranate|apple|banana,pomegranate|orange|coconut,False,1.000000000000,0.820000000000,0.130000000000,0
12,1386,watermelon,K,absolute,-10.000000000000,48.000000000000,38.000000000000,False,watermelon,watermelon,1.000000000000,0.780000000000,watermelon|apple|banana,watermelon|pomegranate|jute,False,1.000000000000,0.710000000000,0.220000000000,0
13,171,maize,K,absolute,-10.000000000000,20.000000000000,10.000000000000,False,maize,maize,1.000000000000,0.900000000000,maize|apple|banana,maize|orange|apple,False,1.000000000000,0.800000000000,0.100000000000,0
14,544,mothbeans,K,absolute,-10.000000000000,18.000000000000,8.000000000000,False,mothbeans,mothbeans,0.810000000000,0.690000000000,mothbeans|blackgram|pigeonpeas,mothbeans|orange|blackgram,False,0.740000000000,0.550000000000,0.120000000000,0
15,1264,grapes,K,absolute,-10.000000000000,195.000000000000,185.000000000000,False,grapes,grapes,1.000000000000,1.000000000000,grapes|apple|banana,grapes|apple|banana,False,1.000000000000,1.000000000000,0.000000000000,0
16,1220,grapes,K,absolute,-10.000000000000,201.000000000000,191.000000000000,False,grapes,grapes,1.000000000000,0.980000000000,grapes|apple|banana,grapes|apple|banana,False,1.000000000000,0.960000000000,0.020000000000,0
17,1154,mango,K,absolute,-10.000000000000,26.000000000000,16.000000000000,False,mango,mango,1.000000000000,0.560000000000,mango|apple|banana,mango|pigeonpeas|orange,False,1.000000000000,0.360000000000,0.440000000000,0
18,1131,mango,K,absolute,-10.000000000000,34.000000000000,24.000000000000,False,mango,mango,0.980000000000,0.710000000000,mango|mothbeans|papaya,mango|pigeonpeas|mothbeans,False,0.970000000000,0.550000000000,0.270000000000,0
19,1514,apple,K,absolute,-10.000000000000,200.000000000000,190.000000000000,False,apple,apple,1.000000000000,0.990000000000,apple|banana|blackgram,apple|grapes|banana,False,1.000000000000,0.980000000000,0.010000000000,0
20,795,blackgram,K,absolute,-10.000000000000,16.000000000000,6.000000000000,False,blackgram,blackgram,0.990000000000,0.860000000000,blackgram|lentil|apple,blackgram|orange|lentil,False,0.980000000000,0.730000000000,0.130000000000,0
21,1502,apple,K,absolute,-10.000000000000,205.000000000000,195.000000000000,False,apple,apple,1.000000000000,0.990000000000,apple|banana|blackgram,apple|grapes|banana,False,1.000000000000,0.980000000000,0.010000000000,0
22,585,mothbeans,K,absolute,-10.000000000000,23.000000000000,13.000000000000,False,mothbeans,mothbeans,0.790000000000,0.690000000000,mothbeans|lentil|blackgram,mothbeans|lentil|orange,False,0.610000000000,0.520000000000,0.100000000000,0
23,387,kidneybeans,K,absolute,-10.000000000000,19.000000000000,9.000000000000,False,kidneybeans,kidneybeans,0.990000000000,0.900000000000,kidneybeans|pigeonpeas|apple,kidneybeans|orange|apple,False,0.980000000000,0.800000000000,0.090000000000,0
24,1591,apple,K,absolute,-10.000000000000,195.000000000000,185.000000000000,False,apple,apple,0.980000000000,0.980000000000,apple|grapes|banana,apple|grapes|banana,False,0.960000000000,0.960000000000,0.000000000000,0
25,2003,jute,K,absolute,-10.000000000000,39.000000000000,29.000000000000,False,jute,jute,0.980000000000,0.580000000000,jute|rice|watermelon,jute|coffee|cotton,False,0.970000000000,0.360000000000,0.400000000000,0
26,505,mothbeans,K,absolute,-10.000000000000,22.000000000000,12.000000000000,False,mothbeans,mothbeans,0.890000000000,0.750000000000,mothbeans|blackgram|pigeonpeas,mothbeans|orange|blackgram,False,0.840000000000,0.620000000000,0.140000000000,0
27,1342,watermelon,K,absolute,-10.000000000000,53.000000000000,43.000000000000,False,watermelon,watermelon,1.000000000000,0.820000000000,watermelon|apple|banana,watermelon|pomegranate|jute,False,1.000000000000,0.730000000000,0.180000000000,0
28,0,rice,K,absolute,-10.000000000000,43.000000000000,33.000000000000,False,rice,rice,0.900000000000,0.720000000000,rice|jute|apple,rice|coffee|jute,False,0.800000000000,0.560000000000,0.180000000000,0
29,2106,coffee,K,absolute,-10.000000000000,27.000000000000,17.000000000000,False,coffee,coffee,1.000000000000,0.800000000000,coffee|apple|banana,coffee|maize|cotton,False,1.000000000000,0.660000000000,0.200000000000,0
30,1102,mango,K,absolute,-10.000000000000,27.000000000000,17.000000000000,False,mango,mango,0.920000000000,0.520000000000,mango|coconut|coffee,mango|pigeonpeas|orange,False,0.900000000000,0.310000000000,0.400000000000,0
31,2086,jute,K,absolute,-10.000000000000,36.000000000000,26.000000000000,False,jute,jute,0.930000000000,0.510000000000,jute|rice|banana,jute|coffee|cotton,False,0.870000000000,0.300000000000,0.420000000000,0
32,1036,banana,K,absolute,-10.000000000000,49.000000000000,39.000000000000,False,banana,banana,1.000000000000,0.790000000000,banana|apple|blackgram,banana|jute|cotton,False,1.000000000000,0.700000000000,0.210000000000,0
33,2167,coffee,K,absolute,-10.000000000000,33.000000000000,23.000000000000,False,coffee,coffee,1.000000000000,0.740000000000,coffee|apple|banana,coffee|maize|pigeonpeas,False,1.000000000000,0.510000000000,0.260000000000,0
34,2050,jute,K,absolute,-10.000000000000,44.000000000000,34.000000000000,False,jute,jute,0.990000000000,0.730000000000,jute|rice|apple,jute|coffee|maize,False,0.980000000000,0.510000000000,0.260000000000,0
35,737,blackgram,K,absolute,-10.000000000000,17.000000000000,7.000000000000,False,blackgram,blackgram,0.910000000000,0.780000000000,blackgram|maize|lentil,blackgram|orange|maize,False,0.830000000000,0.650000000000,0.130000000000,0
36,1298,grapes,K,absolute,-10.000000000000,195.000000000000,185.000000000000,False,grapes,grapes,1.000000000000,1.000000000000,grapes|apple|banana,grapes|apple|banana,False,1.000000000000,1.000000000000,0.000000000000,0
37,1200,grapes,K,absolute,-10.000000000000,195.000000000000,185.000000000000,False,grapes,grapes,1.000000000000,1.000000000000,grapes|apple|banana,grapes|apple|banana,False,1.000000000000,1.000000000000,0.000000000000,0
38,731,blackgram,K,absolute,-10.000000000000,21.000000000000,11.000000000000,False,blackgram,blackgram,0.990000000000,0.860000000000,blackgram|mothbeans|apple,blackgram|orange|mothbeans,False,0.980000000000,0.730000000000,0.130000000000,0
39,2042,jute,K,absolute,-10.000000000000,45.000000000000,35.000000000000,False,jute,jute,0.930000000000,0.950000000000,jute|rice|papaya,jute|rice|coffee,False,0.890000000000,0.910000000000,0.020000000000,0
40,1829,coconut,K,absolute,-10.000000000000,35.000000000000,25.000000000000,False,coconut,coconut,1.000000000000,0.940000000000,coconut|apple|banana,coconut|orange|lentil,False,1.000000000000,0.910000000000,0.060000000000,0
41,1716,papaya,K,absolute,-10.000000000000,53.000000000000,43.000000000000,False,papaya,papaya,0.990000000000,0.840000000000,papaya|grapes|apple,papaya|pomegranate|jute,False,0.980000000000,0.780000000000,0.150000000000,0
42,1156,mango,K,absolute,-10.000000000000,30.000000000000,20.000000000000,False,mango,mango,1.000000000000,0.590000000000,mango|apple|banana,mango|pigeonpeas|orange,False,1.000000000000,0.410000000000,0.410000000000,0
43,185,maize,K,absolute,-10.000000000000,15.000000000000,5.000000000000,False,maize,maize,0.970000000000,0.870000000000,maize|mothbeans|coffee,maize|orange|mothbeans,False,0.950000000000,0.770000000000,0.100000000000,0
44,861,lentil,K,absolute,-10.000000000000,19.000000000000,9.000000000000,False,lentil,lentil,0.980000000000,0.850000000000,lentil|blackgram|apple,lentil|orange|blackgram,False,0.960000000000,0.710000000000,0.130000000000,0
45,2022,jute,K,absolute,-10.000000000000,38.000000000000,28.000000000000,False,jute,jute,0.940000000000,0.560000000000,jute|rice|watermelon,jute|coffee|cotton,False,0.890000000000,0.360000000000,0.380000000000,0
46,1973,cotton,K,absolute,-10.000000000000,15.000000000000,5.000000000000,False,cotton,cotton,0.960000000000,0.830000000000,cotton|maize|banana,cotton|orange|maize,False,0.940000000000,0.700000000000,0.130000000000,0
47,850,lentil,K,absolute,-10.000000000000,25.000000000000,15.000000000000,False,lentil,lentil,0.900000000000,0.950000000000,lentil|mothbeans|blackgram,lentil|mothbeans|blackgram,False,0.840000000000,0.920000000000,0.050000000000,0
48,203,chickpea,K,absolute,-10.000000000000,85.000000000000,75.000000000000,False,chickpea,chickpea,1.000000000000,1.000000000000,chickpea|apple|banana,chickpea|apple|banana,False,1.000000000000,1.000000000000,0.000000000000,0
49,696,mungbean,K,absolute,-10.000000000000,19.000000000000,9.000000000000,False,mungbean,mungbean,1.000000000000,0.840000000000,mungbean|apple|banana,mungbean|orange|apple,False,1.000000000000,0.680000000000,0.160000000000,0
50,1737,papaya,K,absolute,-10.000000000000,51.000000000000,41.000000000000,False,papaya,papaya,0.930000000000,0.630000000000,papaya|rice|apple,papaya|rice|jute,False,0.860000000000,0.390000000000,0.300000000000,0
51,961,pomegranate,K,absolute,-10.000000000000,44.000000000000,34.000000000000,False,pomegranate,pomegranate,0.990000000000,0.880000000000,pomegranate|orange|apple,pomegranate|coconut|orange,False,0.980000000000,0.830000000000,0.110000000000,0
52,405,pigeonpeas,K,absolute,-10.000000000000,25.000000000000,15.000000000000,False,pigeonpeas,pigeonpeas,0.920000000000,0.970000000000,pigeonpeas|mango|coconut,pigeonpeas|mothbeans|mango,False,0.850000000000,0.950000000000,0.050000000000,0
53,1392,watermelon,K,absolute,-10.000000000000,54.000000000000,44.000000000000,False,watermelon,watermelon,1.000000000000,0.820000000000,watermelon|apple|banana,watermelon|pomegranate|jute,False,1.000000000000,0.720000000000,0.180000000000,0
54,1158,mango,K,absolute,-10.000000000000,32.000000000000,22.000000000000,False,mango,mango,0.980000000000,0.570000000000,mango|mothbeans|orange,mango|pigeonpeas|mothbeans,False,0.970000000000,0.360000000000,0.410000000000,0
55,768,blackgram,K,absolute,-10.000000000000,19.000000000000,9.000000000000,False,blackgram,blackgram,0.680000000000,0.580000000000,blackgram|mothbeans|lentil,blackgram|mothbeans|orange,False,0.440000000000,0.350000000000,0.100000000000,0
56,1763,papaya,K,absolute,-10.000000000000,52.000000000000,42.000000000000,False,papaya,papaya,0.990000000000,0.790000000000,papaya|banana|apple,papaya|jute|pomegranate,False,0.980000000000,0.720000000000,0.200000000000,0
57,1798,papaya,K,absolute,-10.000000000000,55.000000000000,45.000000000000,False,papaya,papaya,1.000000000000,1.000000000000,papaya|apple|banana,papaya|apple|banana,False,1.000000000000,1.000000000000,0.000000000000,0
58,2173,coffee,K,absolute,-10.000000000000,28.000000000000,18.000000000000,False,coffee,coffee,0.980000000000,0.760000000000,coffee|coconut|apple,coffee|maize|pigeonpeas,False,0.960000000000,0.600000000000,0.220000000000,0
59,825,lentil,K,absolute,-10.000000000000,22.000000000000,12.000000000000,False,lentil,lentil,0.990000000000,0.870000000000,lentil|blackgram|apple,lentil|orange|apple,False,0.980000000000,0.740000000000,0.120000000000,0
60,813,lentil,K,absolute,-10.000000000000,24.000000000000,14.000000000000,False,lentil,lentil,0.820000000000,0.730000000000,lentil|mothbeans|blackgram,lentil|orange|mothbeans,False,0.710000000000,0.610000000000,0.090000000000,0
61,539,mothbeans,K,absolute,-10.000000000000,16.000000000000,6.000000000000,False,mothbeans,mothbeans,0.960000000000,0.840000000000,mothbeans|lentil|pigeonpeas,mothbeans|orange|lentil,False,0.930000000000,0.720000000000,0.120000000000,0
62,2157,coffee,K,absolute,-10.000000000000,30.000000000000,20.000000000000,False,coffee,coffee,1.000000000000,0.700000000000,coffee|apple|banana,coffee|maize|cotton,False,1.000000000000,0.470000000000,0.300000000000,0
63,1032,banana,K,absolute,-10.000000000000,45.000000000000,35.000000000000,False,banana,banana,0.970000000000,0.680000000000,banana|jute|apple,banana|cotton|jute,False,0.940000000000,0.540000000000,0.290000000000,0
64,1707,papaya,K,absolute,-10.000000000000,47.000000000000,37.000000000000,False,papaya,papaya,0.930000000000,0.620000000000,papaya|pomegranate|pigeonpeas,papaya|pomegranate|pigeonpeas,False,0.900000000000,0.500000000000,0.310000000000,0
65,54,rice,K,absolute,-10.000000000000,36.000000000000,26.000000000000,False,rice,rice,0.980000000000,0.630000000000,rice|jute|apple,rice|coffee|cotton,False,0.960000000000,0.480000000000,0.350000000000,0
66,1630,orange,K,absolute,-10.000000000000,14.000000000000,5.000000000000,True,orange,orange,0.980000000000,0.980000000000,orange|mango|pomegranate,orange|mango|pomegranate,False,0.970000000000,0.970000000000,0.000000000000,0
67,1818,coconut,K,absolute,-10.000000000000,29.000000000000,19.000000000000,False,coconut,coconut,1.000000000000,0.610000000000,coconut|apple|banana,coconut|orange|pigeonpeas,False,1.000000000000,0.300000000000,0.390000000000,0
69,920,pomegranate,K,absolute,-10.000000000000,40.000000000000,30.000000000000,False,pomegranate,pomegranate,0.970000000000,0.820000000000,pomegranate|orange|apple,pomegranate|orange|coconut,False,0.940000000000,0.740000000000,0.150000000000,0
70,1033,banana,K,absolute,-10.000000000000,48.000000000000,38.000000000000,False,banana,banana,1.000000000000,0.790000000000,banana|apple|blackgram,banana|cotton|coffee,False,1.000000000000,0.740000000000,0.210000000000,0
71,1458,muskmelon,K,absolute,-10.000000000000,47.000000000000,37.000000000000,False,muskmelon,muskmelon,1.000000000000,0.900000000000,muskmelon|apple|banana,muskmelon|pomegranate|jute,False,1.000000000000,0.870000000000,0.100000000000,0
72,1369,watermelon,K,absolute,-10.000000000000,46.000000000000,36.000000000000,False,watermelon,watermelon,1.000000000000,0.800000000000,watermelon|apple|banana,watermelon|pomegranate|coffee,False,1.000000000000,0.700000000000,0.200000000000,0
73,859,lentil,K,absolute,-10.000000000000,17.000000000000,7.000000000000,False,lentil,lentil,1.000000000000,0.870000000000,lentil|apple|banana,lentil|orange|apple,False,1.000000000000,0.740000000000,0.130000000000,0
75,1854,coconut,K,absolute,-10.000000000000,29.000000000000,19.000000000000,False,coconut,coconut,1.000000000000,0.610000000000,coconut|apple|banana,coconut|orange|pigeonpeas,False,1.000000000000,0.280000000000,0.390000000000,0
76,575,mothbeans,K,absolute,-10.000000000000,20.000000000000,10.000000000000,False,mothbeans,mothbeans,0.900000000000,0.760000000000,mothbeans|lentil|mungbean,mothbeans|orange|lentil,False,0.820000000000,0.640000000000,0.140000000000,0
77,606,mungbean,K,absolute,-10.000000000000,23.000000000000,13.000000000000,False,mungbean,mungbean,0.980000000000,0.830000000000,mungbean|blackgram|apple,mungbean|orange|blackgram,False,0.960000000000,0.670000000000,0.150000000000,0
78,614,mungbean,K,absolute,-10.000000000000,21.000000000000,11.000000000000,False,mungbean,mungbean,0.970000000000,0.820000000000,mungbean|mothbeans|orange,mungbean|orange|mothbeans,False,0.950000000000,0.650000000000,0.150000000000,0
80,2182,coffee,K,absolute,-10.000000000000,33.000000000000,23.000000000000,False,coffee,coffee,0.990000000000,0.770000000000,coffee|coconut|apple,coffee|maize|cotton,False,0.980000000000,0.650000000000,0.220000000000,0
82,1473,muskmelon,K,absolute,-10.000000000000,55.000000000000,45.000000000000,False,muskmelon,muskmelon,1.000000000000,1.000000000000,muskmelon|apple|banana,muskmelon|apple|banana,False,1.000000000000,1.000000000000,0.000000000000,0
83,303,kidneybeans,K,absolute,-10.000000000000,16.000000000000,6.000000000000,False,kidneybeans,kidneybeans,0.950000000000,0.860000000000,kidneybeans|chickpea|pigeonpeas,kidneybeans|orange|chickpea,False,0.910000000000,0.770000000000,0.090000000000,0
85,937,pomegranate,K,absolute,-10.000000000000,41.000000000000,31.000000000000,False,pomegranate,pomegranate,0.910000000000,0.760000000000,pomegranate|papaya|orange,pomegranate|coconut|orange,False,0.870000000000,0.640000000000,0.150000000000,0
86,1697,orange,K,absolute,-10.000000000000,7.000000000000,5.000000000000,True,orange,orange,0.980000000000,0.980000000000,orange|mango|pomegranate,orange|mango|pomegranate,False,0.970000000000,0.970000000000,0.000000000000,0
87,1987,cotton,K,absolute,-10.000000000000,25.000000000000,15.000000000000,False,cotton,cotton,1.000000000000,1.000000000000,cotton|apple|banana,cotton|apple|banana,False,1.000000000000,1.000000000000,0.000000000000,0
88,1851,coconut,K,absolute,-10.000000000000,29.000000000000,19.000000000000,False,coconut,coconut,0.990000000000,0.580000000000,coconut|coffee|apple,coconut|orange|pigeonpeas,False,0.980000000000,0.240000000000,0.410000000000,0
91,613,mungbean,K,absolute,-10.000000000000,16.000000000000,6.000000000000,False,mungbean,mungbean,1.000000000000,0.840000000000,mungbean|apple|banana,mungbean|orange|apple,False,1.000000000000,0.680000000000,0.160000000000,0
93,1960,cotton,K,absolute,-10.000000000000,17.000000000000,7.000000000000,False,cotton,cotton,1.000000000000,0.870000000000,cotton|apple|banana,cotton|orange|apple,False,1.000000000000,0.740000000000,0.130000000000,0
95,1225,grapes,K,absolute,-10.000000000000,205.000000000000,195.000000000000,False,grapes,grapes,1.000000000000,1.000000000000,grapes|apple|banana,grapes|apple|banana,False,1.000000000000,1.000000000000,0.000000000000,0
96,1988,cotton,K,absolute,-10.000000000000,21.000000000000,11.000000000000,False,cotton,cotton,1.000000000000,0.870000000000,cotton|apple|banana,cotton|orange|apple,False,1.000000000000,0.740000000000,0.130000000000,0
97,227,chickpea,K,absolute,-10.000000000000,84.000000000000,74.000000000000,False,chickpea,chickpea,0.940000000000,0.940000000000,chickpea|kidneybeans|coffee,chickpea|kidneybeans|coffee,False,0.910000000000,0.910000000000,0.000000000000,0
100,1499,muskmelon,K,absolute,-10.000000000000,54.000000000000,44.000000000000,False,muskmelon,muskmelon,1.000000000000,0.910000000000,muskmelon|apple|banana,muskmelon|pomegranate|mango,False,1.000000000000,0.880000000000,0.090000000000,0
101,989,pomegranate,K,absolute,-10.000000000000,39.000000000000,29.000000000000,False,pomegranate,pomegranate,0.990000000000,0.830000000000,pomegranate|orange|apple,pomegranate|coconut|orange,False,0.980000000000,0.750000000000,0.160000000000,0
103,497,pigeonpeas,K,absolute,-10.000000000000,22.000000000000,12.000000000000,False,pigeonpeas,pigeonpeas,0.980000000000,0.860000000000,pigeonpeas|blackgram|papaya,pigeonpeas|orange|blackgram,False,0.970000000000,0.740000000000,0.120000000000,0
104,472,pigeonpeas,K,absolute,-10.000000000000,20.000000000000,10.000000000000,False,pigeonpeas,pigeonpeas,0.940000000000,0.780000000000,pigeonpeas|lentil|mothbeans,pigeonpeas|orange|lentil,False,0.900000000000,0.640000000000,0.160000000000,0
106,323,kidneybeans,K,absolute,-10.000000000000,22.000000000000,12.000000000000,False,kidneybeans,kidneybeans,0.990000000000,0.890000000000,kidneybeans|chickpea|apple,kidneybeans|orange|chickpea,False,0.980000000000,0.790000000000,0.100000000000,0
108,44,rice,K,absolute,-10.000000000000,45.000000000000,35.000000000000,False,rice,rice,0.900000000000,0.950000000000,rice|jute|papaya,rice|jute|apple,False,0.830000000000,0.900000000000,0.050000000000,0
109,84,rice,K,absolute,-10.000000000000,39.000000000000,29.000000000000,False,rice,rice,1.000000000000,0.660000000000,rice|apple|banana,rice|coffee|cotton,False,1.000000000000,0.520000000000,0.340000000000,0
110,1551,apple,K,absolute,-10.000000000000,202.000000000000,192.000000000000,False,apple,apple,1.000000000000,0.990000000000,apple|banana|blackgram,apple|grapes|banana,False,1.000000000000,0.980000000000,0.010000000000,0
111,647,mungbean,K,absolute,-10.000000000000,15.000000000000,5.000000000000,False,mungbean,mungbean,1.000000000000,0.840000000000,mungbean|apple|banana,mungbean|orange|apple,False,1.000000000000,0.680000000000,0.160000000000,0
115,1456,muskmelon,K,absolute,-10.000000000000,47.000000000000,37.000000000000,False,muskmelon,muskmelon,1.000000000000,0.900000000000,muskmelon|apple|banana,muskmelon|pomegranate|mango,False,1.000000000000,0.860000000000,0.100000000000,0
121,250,chickpea,K,absolute,-10.000000000000,79.000000000000,69.000000000000,False,chickpea,chickpea,1.000000000000,1.000000000000,chickpea|apple|banana,chickpea|apple|banana,False,1.000000000000,1.000000000000,0.000000000000,0
122,199,maize,K,absolute,-10.000000000000,19.000000000000,9.000000000000,False,maize,maize,0.940000000000,0.850000000000,maize|coffee|blackgram,maize|orange|coffee,False,0.920000000000,0.740000000000,0.090000000000,0
124,110,maize,K,absolute,-10.000000000000,19.000000000000,9.000000000000,False,maize,maize,0.970000000000,0.840000000000,maize|cotton|mungbean,maize|orange|cotton,False,0.960000000000,0.720000000000,0.130000000000,0
128,1859,coconut,K,absolute,-10.000000000000,32.000000000000,22.000000000000,False,coconut,coconut,1.000000000000,0.820000000000,coconut|apple|banana,coconut|orange|pigeonpeas,False,1.000000000000,0.740000000000,0.180000000000,0
131,226,chickpea,K,absolute,-10.000000000000,80.000000000000,70.000000000000,False,chickpea,chickpea,0.920000000000,0.920000000000,chickpea|kidneybeans|apple,chickpea|kidneybeans|apple,False,0.840000000000,0.840000000000,0.000000000000,0
136,1552,apple,K,absolute,-10.000000000000,198.000000000000,188.000000000000,False,apple,apple,1.000000000000,0.990000000000,apple|banana|blackgram,apple|grapes|banana,False,1.000000000000,0.980000000000,0.010000000000,0
148,461,pigeonpeas,K,absolute,-10.000000000000,23.000000000000,13.000000000000,False,pigeonpeas,pigeonpeas,0.990000000000,0.870000000000,pigeonpeas|lentil|apple,pigeonpeas|orange|lentil,False,0.980000000000,0.750000000000,0.120000000000,0
156,474,pigeonpeas,K,absolute,-10.000000000000,24.000000000000,14.000000000000,False,pigeonpeas,pigeonpeas,0.970000000000,0.790000000000,pigeonpeas|coffee|kidneybeans,pigeonpeas|orange|kidneybeans,False,0.960000000000,0.650000000000,0.180000000000,0
157,1419,muskmelon,K,absolute,-10.000000000000,48.000000000000,38.000000000000,False,muskmelon,muskmelon,1.000000000000,0.900000000000,muskmelon|apple|banana,muskmelon|pomegranate|jute,False,1.000000000000,0.870000000000,0.100000000000,0
164,305,kidneybeans,K,absolute,-10.000000000000,22.000000000000,12.000000000000,False,kidneybeans,kidneybeans,0.990000000000,0.900000000000,kidneybeans|pigeonpeas|apple,kidneybeans|orange|pigeonpeas,False,0.980000000000,0.810000000000,0.090000000000,0
189,361,kidneybeans,K,absolute,-10.000000000000,22.000000000000,12.000000000000,False,kidneybeans,kidneybeans,1.000000000000,0.900000000000,kidneybeans|apple|banana,kidneybeans|orange|apple,False,1.000000000000,0.800000000000,0.100000000000,0
0,1609,orange,K,absolute,-5.000000000000,6.000000000000,5.000000000000,True,orange,orange,0.970000000000,0.970000000000,orange|pomegranate|apple,orange|pomegranate|apple,False,0.940000000000,0.940000000000,0.000000000000,0
1,1072,banana,K,absolute,-5.000000000000,50.000000000000,45.000000000000,False,banana,banana,0.930000000000,0.900000000000,banana|papaya|cotton,banana|jute|cotton,False,0.890000000000,0.840000000000,0.030000000000,0
2,1912,cotton,K,absolute,-5.000000000000,15.000000000000,10.000000000000,False,cotton,cotton,1.000000000000,0.870000000000,cotton|apple|banana,cotton|orange|apple,False,1.000000000000,0.740000000000,0.130000000000,0
3,100,maize,K,absolute,-5.000000000000,16.000000000000,11.000000000000,False,maize,maize,0.990000000000,0.890000000000,maize|mothbeans|apple,maize|orange|mothbeans,False,0.980000000000,0.790000000000,0.100000000000,0
4,1645,orange,K,absolute,-5.000000000000,6.000000000000,5.000000000000,True,orange,orange,0.990000000000,0.990000000000,orange|pomegranate|apple,orange|pomegranate|apple,False,0.980000000000,0.980000000000,0.000000000000,0
5,221,chickpea,K,absolute,-5.000000000000,77.000000000000,72.000000000000,False,chickpea,chickpea,1.000000000000,1.000000000000,chickpea|apple|banana,chickpea|apple|banana,False,1.000000000000,1.000000000000,0.000000000000,0
6,28,rice,K,absolute,-5.000000000000,44.000000000000,39.000000000000,False,rice,rice,0.990000000000,1.000000000000,rice|jute|apple,rice|apple|banana,False,0.980000000000,1.000000000000,0.010000000000,0
7,701,blackgram,K,absolute,-5.000000000000,21.000000000000,16.000000000000,False,blackgram,blackgram,0.970000000000,0.960000000000,blackgram|lentil|apple,blackgram|lentil|apple,False,0.940000000000,0.920000000000,0.010000000000,0
8,1097,banana,K,absolute,-5.000000000000,54.000000000000,49.000000000000,False,banana,banana,1.000000000000,1.000000000000,banana|apple|blackgram,banana|apple|blackgram,False,1.000000000000,1.000000000000,0.000000000000,0
9,1638,orange,K,absolute,-5.000000000000,5.000000000000,5.000000000000,True,orange,orange,1.000000000000,1.000000000000,orange|apple|banana,orange|apple|banana,False,1.000000000000,1.000000000000,0.000000000000,0
10,1391,watermelon,K,absolute,-5.000000000000,53.000000000000,48.000000000000,False,watermelon,watermelon,1.000000000000,1.000000000000,watermelon|apple|banana,watermelon|apple|banana,False,1.000000000000,1.000000000000,0.000000000000,0
11,901,pomegranate,K,absolute,-5.000000000000,37.000000000000,32.000000000000,False,pomegranate,pomegranate,1.000000000000,0.900000000000,pomegranate|apple|banana,pomegranate|coconut|orange,False,1.000000000000,0.860000000000,0.100000000000,0
12,1386,watermelon,K,absolute,-5.000000000000,48.000000000000,43.000000000000,False,watermelon,watermelon,1.000000000000,0.820000000000,watermelon|apple|banana,watermelon|pomegranate|jute,False,1.000000000000,0.750000000000,0.180000000000,0
13,171,maize,K,absolute,-5.000000000000,20.000000000000,15.000000000000,False,maize,maize,1.000000000000,1.000000000000,maize|apple|banana,maize|apple|banana,False,1.000000000000,1.000000000000,0.000000000000,0
14,544,mothbeans,K,absolute,-5.000000000000,18.000000000000,13.000000000000,False,mothbeans,mothbeans,0.810000000000,0.690000000000,mothbeans|blackgram|pigeonpeas,mothbeans|orange|blackgram,False,0.740000000000,0.550000000000,0.120000000000,0
15,1264,grapes,K,absolute,-5.000000000000,195.000000000000,190.000000000000,False,grapes,grapes,1.000000000000,1.000000000000,grapes|apple|banana,grapes|apple|banana,False,1.000000000000,1.000000000000,0.000000000000,0
16,1220,grapes,K,absolute,-5.000000000000,201.000000000000,196.000000000000,False,grapes,grapes,1.000000000000,0.990000000000,grapes|apple|banana,grapes|apple|banana,False,1.000000000000,0.980000000000,0.010000000000,0
17,1154,mango,K,absolute,-5.000000000000,26.000000000000,21.000000000000,False,mango,mango,1.000000000000,0.670000000000,mango|apple|banana,mango|pigeonpeas|mothbeans,False,1.000000000000,0.470000000000,0.330000000000,0
18,1131,mango,K,absolute,-5.000000000000,34.000000000000,29.000000000000,False,mango,mango,0.980000000000,0.980000000000,mango|mothbeans|papaya,mango|mothbeans|papaya,False,0.970000000000,0.970000000000,0.000000000000,0
19,1514,apple,K,absolute,-5.000000000000,200.000000000000,195.000000000000,False,apple,apple,1.000000000000,0.990000000000,apple|banana|blackgram,apple|grapes|banana,False,1.000000000000,0.980000000000,0.010000000000,0
20,795,blackgram,K,absolute,-5.000000000000,16.000000000000,11.000000000000,False,blackgram,blackgram,0.990000000000,0.860000000000,blackgram|lentil|apple,blackgram|orange|lentil,False,0.980000000000,0.730000000000,0.130000000000,0
21,1502,apple,K,absolute,-5.000000000000,205.000000000000,200.000000000000,False,apple,apple,1.000000000000,1.000000000000,apple|banana|blackgram,apple|banana|blackgram,False,1.000000000000,1.000000000000,0.000000000000,0
22,585,mothbeans,K,absolute,-5.000000000000,23.000000000000,18.000000000000,False,mothbeans,mothbeans,0.790000000000,0.790000000000,mothbeans|lentil|blackgram,mothbeans|lentil|blackgram,False,0.610000000000,0.610000000000,0.000000000000,0
23,387,kidneybeans,K,absolute,-5.000000000000,19.000000000000,14.000000000000,False,kidneybeans,kidneybeans,0.990000000000,0.900000000000,kidneybeans|pigeonpeas|apple,kidneybeans|orange|apple,False,0.980000000000,0.800000000000,0.090000000000,0
24,1591,apple,K,absolute,-5.000000000000,195.000000000000,190.000000000000,False,apple,apple,0.980000000000,0.980000000000,apple|grapes|banana,apple|grapes|banana,False,0.960000000000,0.960000000000,0.000000000000,0
25,2003,jute,K,absolute,-5.000000000000,39.000000000000,34.000000000000,False,jute,jute,0.980000000000,0.740000000000,jute|rice|watermelon,jute|coffee|cotton,False,0.970000000000,0.540000000000,0.240000000000,0
26,505,mothbeans,K,absolute,-5.000000000000,22.000000000000,17.000000000000,False,mothbeans,mothbeans,0.890000000000,0.880000000000,mothbeans|blackgram|pigeonpeas,mothbeans|blackgram|pigeonpeas,False,0.840000000000,0.830000000000,0.010000000000,0
27,1342,watermelon,K,absolute,-5.000000000000,53.000000000000,48.000000000000,False,watermelon,watermelon,1.000000000000,1.000000000000,watermelon|apple|banana,watermelon|apple|banana,False,1.000000000000,1.000000000000,0.000000000000,0
28,0,rice,K,absolute,-5.000000000000,43.000000000000,38.000000000000,False,rice,rice,0.900000000000,0.940000000000,rice|jute|apple,rice|jute|apple,False,0.800000000000,0.880000000000,0.040000000000,0
29,2106,coffee,K,absolute,-5.000000000000,27.000000000000,22.000000000000,False,coffee,coffee,1.000000000000,0.830000000000,coffee|apple|banana,coffee|maize|cotton,False,1.000000000000,0.700000000000,0.170000000000,0
30,1102,mango,K,absolute,-5.000000000000,27.000000000000,22.000000000000,False,mango,mango,0.920000000000,0.600000000000,mango|coconut|coffee,mango|pigeonpeas|mothbeans,False,0.900000000000,0.390000000000,0.320000000000,0
31,2086,jute,K,absolute,-5.000000000000,36.000000000000,31.000000000000,False,jute,jute,0.930000000000,0.670000000000,jute|rice|banana,jute|coffee|rice,False,0.870000000000,0.460000000000,0.260000000000,0
32,1036,banana,K,absolute,-5.000000000000,49.000000000000,44.000000000000,False,banana,banana,1.000000000000,0.830000000000,banana|apple|blackgram,banana|jute|pomegranate,False,1.000000000000,0.740000000000,0.170000000000,0
33,2167,coffee,K,absolute,-5.000000000000,33.000000000000,28.000000000000,False,coffee,coffee,1.000000000000,1.000000000000,coffee|apple|banana,coffee|apple|banana,False,1.000000000000,1.000000000000,0.000000000000,0
34,2050,jute,K,absolute,-5.000000000000,44.000000000000,39.000000000000,False,jute,jute,0.990000000000,0.990000000000,jute|rice|apple,jute|rice|apple,False,0.980000000000,0.980000000000,0.000000000000,0
35,737,blackgram,K,absolute,-5.000000000000,17.000000000000,12.000000000000,False,blackgram,blackgram,0.910000000000,0.780000000000,blackgram|maize|lentil,blackgram|orange|maize,False,0.830000000000,0.650000000000,0.130000000000,0
36,1298,grapes,K,absolute,-5.000000000000,195.000000000000,190.000000000000,False,grapes,grapes,1.000000000000,1.000000000000,grapes|apple|banana,grapes|apple|banana,False,1.000000000000,1.000000000000,0.000000000000,0
37,1200,grapes,K,absolute,-5.000000000000,195.000000000000,190.000000000000,False,grapes,grapes,1.000000000000,1.000000000000,grapes|apple|banana,grapes|apple|banana,False,1.000000000000,1.000000000000,0.000000000000,0
38,731,blackgram,K,absolute,-5.000000000000,21.000000000000,16.000000000000,False,blackgram,blackgram,0.990000000000,0.980000000000,blackgram|mothbeans|apple,blackgram|lentil|mothbeans,False,0.980000000000,0.970000000000,0.010000000000,0
39,2042,jute,K,absolute,-5.000000000000,45.000000000000,40.000000000000,False,jute,jute,0.930000000000,0.950000000000,jute|rice|papaya,jute|rice|apple,False,0.890000000000,0.900000000000,0.020000000000,0
40,1829,coconut,K,absolute,-5.000000000000,35.000000000000,30.000000000000,False,coconut,coconut,1.000000000000,0.990000000000,coconut|apple|banana,coconut|coffee|apple,False,1.000000000000,0.980000000000,0.010000000000,0
41,1716,papaya,K,absolute,-5.000000000000,53.000000000000,48.000000000000,False,papaya,papaya,0.990000000000,0.990000000000,papaya|grapes|apple,papaya|grapes|apple,False,0.980000000000,0.980000000000,0.000000000000,0
42,1156,mango,K,absolute,-5.000000000000,30.000000000000,25.000000000000,False,mango,mango,1.000000000000,0.920000000000,mango|apple|banana,mango|pigeonpeas|coffee,False,1.000000000000,0.850000000000,0.080000000000,0
43,185,maize,K,absolute,-5.000000000000,15.000000000000,10.000000000000,False,maize,maize,0.970000000000,0.870000000000,maize|mothbeans|coffee,maize|orange|mothbeans,False,0.950000000000,0.770000000000,0.100000000000,0
44,861,lentil,K,absolute,-5.000000000000,19.000000000000,14.000000000000,False,lentil,lentil,0.980000000000,0.850000000000,lentil|blackgram|apple,lentil|orange|blackgram,False,0.960000000000,0.710000000000,0.130000000000,0
45,2022,jute,K,absolute,-5.000000000000,38.000000000000,33.000000000000,False,jute,jute,0.940000000000,0.710000000000,jute|rice|watermelon,jute|coffee|rice,False,0.890000000000,0.510000000000,0.230000000000,0
46,1973,cotton,K,absolute,-5.000000000000,15.000000000000,10.000000000000,False,cotton,cotton,0.960000000000,0.830000000000,cotton|maize|banana,cotton|orange|maize,False,0.940000000000,0.700000000000,0.130000000000,0
47,850,lentil,K,absolute,-5.000000000000,25.000000000000,20.000000000000,False,lentil,lentil,0.900000000000,0.950000000000,lentil|mothbeans|blackgram,lentil|mothbeans|blackgram,False,0.840000000000,0.920000000000,0.050000000000,0
48,203,chickpea,K,absolute,-5.000000000000,85.000000000000,80.000000000000,False,chickpea,chickpea,1.000000000000,1.000000000000,chickpea|apple|banana,chickpea|apple|banana,False,1.000000000000,1.000000000000,0.000000000000,0
49,696,mungbean,K,absolute,-5.000000000000,19.000000000000,14.000000000000,False,mungbean,mungbean,1.000000000000,0.850000000000,mungbean|apple|banana,mungbean|orange|apple,False,1.000000000000,0.700000000000,0.150000000000,0
50,1737,papaya,K,absolute,-5.000000000000,51.000000000000,46.000000000000,False,papaya,papaya,0.930000000000,0.880000000000,papaya|rice|apple,papaya|rice|apple,False,0.860000000000,0.760000000000,0.050000000000,0
51,961,pomegranate,K,absolute,-5.000000000000,44.000000000000,39.000000000000,False,pomegranate,pomegranate,0.990000000000,0.990000000000,pomegranate|orange|apple,pomegranate|orange|apple,False,0.980000000000,0.980000000000,0.000000000000,0
52,405,pigeonpeas,K,absolute,-5.000000000000,25.000000000000,20.000000000000,False,pigeonpeas,pigeonpeas,0.920000000000,0.990000000000,pigeonpeas|mango|coconut,pigeonpeas|mango|apple,False,0.850000000000,0.980000000000,0.070000000000,0
53,1392,watermelon,K,absolute,-5.000000000000,54.000000000000,49.000000000000,False,watermelon,watermelon,1.000000000000,1.000000000000,watermelon|apple|banana,watermelon|apple|banana,False,1.000000000000,1.000000000000,0.000000000000,0
54,1158,mango,K,absolute,-5.000000000000,32.000000000000,27.000000000000,False,mango,mango,0.980000000000,0.980000000000,mango|mothbeans|orange,mango|mothbeans|orange,False,0.970000000000,0.970000000000,0.000000000000,0
55,768,blackgram,K,absolute,-5.000000000000,19.000000000000,14.000000000000,False,blackgram,blackgram,0.680000000000,0.580000000000,blackgram|mothbeans|lentil,blackgram|mothbeans|orange,False,0.440000000000,0.350000000000,0.100000000000,0
56,1763,papaya,K,absolute,-5.000000000000,52.000000000000,47.000000000000,False,papaya,papaya,0.990000000000,0.980000000000,papaya|banana|apple,papaya|banana|apple,False,0.980000000000,0.960000000000,0.010000000000,0
57,1798,papaya,K,absolute,-5.000000000000,55.000000000000,50.000000000000,False,papaya,papaya,1.000000000000,1.000000000000,papaya|apple|banana,papaya|apple|banana,False,1.000000000000,1.000000000000,0.000000000000,0
58,2173,coffee,K,absolute,-5.000000000000,28.000000000000,23.000000000000,False,coffee,coffee,0.980000000000,0.790000000000,coffee|coconut|apple,coffee|maize|pigeonpeas,False,0.960000000000,0.640000000000,0.190000000000,0
59,825,lentil,K,absolute,-5.000000000000,22.000000000000,17.000000000000,False,lentil,lentil,0.990000000000,1.000000000000,lentil|blackgram|apple,lentil|apple|banana,False,0.980000000000,1.000000000000,0.010000000000,0
60,813,lentil,K,absolute,-5.000000000000,24.000000000000,19.000000000000,False,lentil,lentil,0.820000000000,0.830000000000,lentil|mothbeans|blackgram,lentil|mothbeans|blackgram,False,0.710000000000,0.730000000000,0.010000000000,0
61,539,mothbeans,K,absolute,-5.000000000000,16.000000000000,11.000000000000,False,mothbeans,mothbeans,0.960000000000,0.840000000000,mothbeans|lentil|pigeonpeas,mothbeans|orange|lentil,False,0.930000000000,0.720000000000,0.120000000000,0
62,2157,coffee,K,absolute,-5.000000000000,30.000000000000,25.000000000000,False,coffee,coffee,1.000000000000,0.900000000000,coffee|apple|banana,coffee|maize|cotton,False,1.000000000000,0.820000000000,0.100000000000,0
63,1032,banana,K,absolute,-5.000000000000,45.000000000000,40.000000000000,False,banana,banana,0.970000000000,0.790000000000,banana|jute|apple,banana|jute|cotton,False,0.940000000000,0.680000000000,0.180000000000,0
64,1707,papaya,K,absolute,-5.000000000000,47.000000000000,42.000000000000,False,papaya,papaya,0.930000000000,0.720000000000,papaya|pomegranate|pigeonpeas,papaya|pomegranate|jute,False,0.900000000000,0.600000000000,0.210000000000,0
65,54,rice,K,absolute,-5.000000000000,36.000000000000,31.000000000000,False,rice,rice,0.980000000000,0.780000000000,rice|jute|apple,rice|coffee|cotton,False,0.960000000000,0.640000000000,0.200000000000,0
66,1630,orange,K,absolute,-5.000000000000,14.000000000000,9.000000000000,False,orange,orange,0.980000000000,0.980000000000,orange|mango|pomegranate,orange|mango|pomegranate,False,0.970000000000,0.970000000000,0.000000000000,0
67,1818,coconut,K,absolute,-5.000000000000,29.000000000000,24.000000000000,False,coconut,coconut,1.000000000000,0.860000000000,coconut|apple|banana,coconut|orange|pigeonpeas,False,1.000000000000,0.800000000000,0.140000000000,0
69,920,pomegranate,K,absolute,-5.000000000000,40.000000000000,35.000000000000,False,pomegranate,pomegranate,0.970000000000,0.910000000000,pomegranate|orange|apple,pomegranate|orange|coconut,False,0.940000000000,0.860000000000,0.060000000000,0
70,1033,banana,K,absolute,-5.000000000000,48.000000000000,43.000000000000,False,banana,banana,1.000000000000,0.860000000000,banana|apple|blackgram,banana|jute|rice,False,1.000000000000,0.820000000000,0.140000000000,0
71,1458,muskmelon,K,absolute,-5.000000000000,47.000000000000,42.000000000000,False,muskmelon,muskmelon,1.000000000000,0.910000000000,muskmelon|apple|banana,muskmelon|pomegranate|mango,False,1.000000000000,0.880000000000,0.090000000000,0
72,1369,watermelon,K,absolute,-5.000000000000,46.000000000000,41.000000000000,False,watermelon,watermelon,1.000000000000,0.840000000000,watermelon|apple|banana,watermelon|pomegranate|jute,False,1.000000000000,0.740000000000,0.160000000000,0
73,859,lentil,K,absolute,-5.000000000000,17.000000000000,12.000000000000,False,lentil,lentil,1.000000000000,0.870000000000,lentil|apple|banana,lentil|orange|apple,False,1.000000000000,0.740000000000,0.130000000000,0
75,1854,coconut,K,absolute,-5.000000000000,29.000000000000,24.000000000000,False,coconut,coconut,1.000000000000,0.870000000000,coconut|apple|banana,coconut|orange|pigeonpeas,False,1.000000000000,0.800000000000,0.130000000000,0
76,575,mothbeans,K,absolute,-5.000000000000,20.000000000000,15.000000000000,False,mothbeans,mothbeans,0.900000000000,0.870000000000,mothbeans|lentil|mungbean,mothbeans|lentil|blackgram,False,0.820000000000,0.780000000000,0.030000000000,0
77,606,mungbean,K,absolute,-5.000000000000,23.000000000000,18.000000000000,False,mungbean,mungbean,0.980000000000,0.980000000000,mungbean|blackgram|apple,mungbean|blackgram|apple,False,0.960000000000,0.960000000000,0.000000000000,0
78,614,mungbean,K,absolute,-5.000000000000,21.000000000000,16.000000000000,False,mungbean,mungbean,0.970000000000,0.970000000000,mungbean|mothbeans|orange,mungbean|mothbeans|orange,False,0.950000000000,0.950000000000,0.000000000000,0
80,2182,coffee,K,absolute,-5.000000000000,33.000000000000,28.000000000000,False,coffee,coffee,0.990000000000,0.990000000000,coffee|coconut|apple,coffee|coconut|apple,False,0.980000000000,0.980000000000,0.000000000000,0
82,1473,muskmelon,K,absolute,-5.000000000000,55.000000000000,50.000000000000,False,muskmelon,muskmelon,1.000000000000,1.000000000000,muskmelon|apple|banana,muskmelon|apple|banana,False,1.000000000000,1.000000000000,0.000000000000,0
83,303,kidneybeans,K,absolute,-5.000000000000,16.000000000000,11.000000000000,False,kidneybeans,kidneybeans,0.950000000000,0.860000000000,kidneybeans|chickpea|pigeonpeas,kidneybeans|orange|chickpea,False,0.910000000000,0.770000000000,0.090000000000,0
85,937,pomegranate,K,absolute,-5.000000000000,41.000000000000,36.000000000000,False,pomegranate,pomegranate,0.910000000000,0.910000000000,pomegranate|papaya|orange,pomegranate|orange|papaya,False,0.870000000000,0.870000000000,0.000000000000,0
86,1697,orange,K,absolute,-5.000000000000,7.000000000000,5.000000000000,True,orange,orange,0.980000000000,0.980000000000,orange|mango|pomegranate,orange|mango|pomegranate,False,0.970000000000,0.970000000000,0.000000000000,0
87,1987,cotton,K,absolute,-5.000000000000,25.000000000000,20.000000000000,False,cotton,cotton,1.000000000000,1.000000000000,cotton|apple|banana,cotton|apple|banana,False,1.000000000000,1.000000000000,0.000000000000,0
88,1851,coconut,K,absolute,-5.000000000000,29.000000000000,24.000000000000,False,coconut,coconut,0.990000000000,0.840000000000,coconut|coffee|apple,coconut|orange|pigeonpeas,False,0.980000000000,0.760000000000,0.150000000000,0
91,613,mungbean,K,absolute,-5.000000000000,16.000000000000,11.000000000000,False,mungbean,mungbean,1.000000000000,0.840000000000,mungbean|apple|banana,mungbean|orange|apple,False,1.000000000000,0.680000000000,0.160000000000,0
93,1960,cotton,K,absolute,-5.000000000000,17.000000000000,12.000000000000,False,cotton,cotton,1.000000000000,0.870000000000,cotton|apple|banana,cotton|orange|apple,False,1.000000000000,0.740000000000,0.130000000000,0
95,1225,grapes,K,absolute,-5.000000000000,205.000000000000,200.000000000000,False,grapes,grapes,1.000000000000,1.000000000000,grapes|apple|banana,grapes|apple|banana,False,1.000000000000,1.000000000000,0.000000000000,0
96,1988,cotton,K,absolute,-5.000000000000,21.000000000000,16.000000000000,False,cotton,cotton,1.000000000000,1.000000000000,cotton|apple|banana,cotton|apple|banana,False,1.000000000000,1.000000000000,0.000000000000,0
97,227,chickpea,K,absolute,-5.000000000000,84.000000000000,79.000000000000,False,chickpea,chickpea,0.940000000000,0.940000000000,chickpea|kidneybeans|coffee,chickpea|kidneybeans|coffee,False,0.910000000000,0.910000000000,0.000000000000,0
100,1499,muskmelon,K,absolute,-5.000000000000,54.000000000000,49.000000000000,False,muskmelon,muskmelon,1.000000000000,1.000000000000,muskmelon|apple|banana,muskmelon|apple|banana,False,1.000000000000,1.000000000000,0.000000000000,0
101,989,pomegranate,K,absolute,-5.000000000000,39.000000000000,34.000000000000,False,pomegranate,pomegranate,0.990000000000,0.870000000000,pomegranate|orange|apple,pomegranate|coconut|orange,False,0.980000000000,0.800000000000,0.120000000000,0
103,497,pigeonpeas,K,absolute,-5.000000000000,22.000000000000,17.000000000000,False,pigeonpeas,pigeonpeas,0.980000000000,0.980000000000,pigeonpeas|blackgram|papaya,pigeonpeas|blackgram|papaya,False,0.970000000000,0.970000000000,0.000000000000,0
104,472,pigeonpeas,K,absolute,-5.000000000000,20.000000000000,15.000000000000,False,pigeonpeas,pigeonpeas,0.940000000000,0.890000000000,pigeonpeas|lentil|mothbeans,pigeonpeas|lentil|kidneybeans,False,0.900000000000,0.840000000000,0.050000000000,0
106,323,kidneybeans,K,absolute,-5.000000000000,22.000000000000,17.000000000000,False,kidneybeans,kidneybeans,0.990000000000,0.990000000000,kidneybeans|chickpea|apple,kidneybeans|chickpea|apple,False,0.980000000000,0.980000000000,0.000000000000,0
108,44,rice,K,absolute,-5.000000000000,45.000000000000,40.000000000000,False,rice,rice,0.900000000000,0.980000000000,rice|jute|papaya,rice|jute|apple,False,0.830000000000,0.960000000000,0.080000000000,0
109,84,rice,K,absolute,-5.000000000000,39.000000000000,34.000000000000,False,rice,rice,1.000000000000,0.810000000000,rice|apple|banana,rice|coffee|cotton,False,1.000000000000,0.680000000000,0.190000000000,0
110,1551,apple,K,absolute,-5.000000000000,202.000000000000,197.000000000000,False,apple,apple,1.000000000000,1.000000000000,apple|banana|blackgram,apple|banana|blackgram,False,1.000000000000,1.000000000000,0.000000000000,0
111,647,mungbean,K,absolute,-5.000000000000,15.000000000000,10.000000000000,False,mungbean,mungbean,1.000000000000,0.840000000000,mungbean|apple|banana,mungbean|orange|apple,False,1.000000000000,0.680000000000,0.160000000000,0
115,1456,muskmelon,K,absolute,-5.000000000000,47.000000000000,42.000000000000,False,muskmelon,muskmelon,1.000000000000,0.910000000000,muskmelon|apple|banana,muskmelon|pomegranate|mango,False,1.000000000000,0.870000000000,0.090000000000,0
121,250,chickpea,K,absolute,-5.000000000000,79.000000000000,74.000000000000,False,chickpea,chickpea,1.000000000000,1.000000000000,chickpea|apple|banana,chickpea|apple|banana,False,1.000000000000,1.000000000000,0.000000000000,0
122,199,maize,K,absolute,-5.000000000000,19.000000000000,14.000000000000,False,maize,maize,0.940000000000,0.850000000000,maize|coffee|blackgram,maize|orange|coffee,False,0.920000000000,0.740000000000,0.090000000000,0
124,110,maize,K,absolute,-5.000000000000,19.000000000000,14.000000000000,False,maize,maize,0.970000000000,0.840000000000,maize|cotton|mungbean,maize|orange|cotton,False,0.960000000000,0.720000000000,0.130000000000,0
128,1859,coconut,K,absolute,-5.000000000000,32.000000000000,27.000000000000,False,coconut,coconut,1.000000000000,1.000000000000,coconut|apple|banana,coconut|apple|banana,False,1.000000000000,1.000000000000,0.000000000000,0
131,226,chickpea,K,absolute,-5.000000000000,80.000000000000,75.000000000000,False,chickpea,chickpea,0.920000000000,0.920000000000,chickpea|kidneybeans|apple,chickpea|kidneybeans|apple,False,0.840000000000,0.840000000000,0.000000000000,0
136,1552,apple,K,absolute,-5.000000000000,198.000000000000,193.000000000000,False,apple,apple,1.000000000000,0.990000000000,apple|banana|blackgram,apple|grapes|banana,False,1.000000000000,0.980000000000,0.010000000000,0
148,461,pigeonpeas,K,absolute,-5.000000000000,23.000000000000,18.000000000000,False,pigeonpeas,pigeonpeas,0.990000000000,0.990000000000,pigeonpeas|lentil|apple,pigeonpeas|lentil|apple,False,0.980000000000,0.980000000000,0.000000000000,0
156,474,pigeonpeas,K,absolute,-5.000000000000,24.000000000000,19.000000000000,False,pigeonpeas,pigeonpeas,0.970000000000,0.960000000000,pigeonpeas|coffee|kidneybeans,pigeonpeas|coffee|kidneybeans,False,0.960000000000,0.950000000000,0.010000000000,0
157,1419,muskmelon,K,absolute,-5.000000000000,48.000000000000,43.000000000000,False,muskmelon,muskmelon,1.000000000000,0.910000000000,muskmelon|apple|banana,muskmelon|pomegranate|mango,False,1.000000000000,0.880000000000,0.090000000000,0
164,305,kidneybeans,K,absolute,-5.000000000000,22.000000000000,17.000000000000,False,kidneybeans,kidneybeans,0.990000000000,0.990000000000,kidneybeans|pigeonpeas|apple,kidneybeans|pigeonpeas|apple,False,0.980000000000,0.980000000000,0.000000000000,0
189,361,kidneybeans,K,absolute,-5.000000000000,22.000000000000,17.000000000000,False,kidneybeans,kidneybeans,1.000000000000,1.000000000000,kidneybeans|apple|banana,kidneybeans|apple|banana,False,1.000000000000,1.000000000000,0.000000000000,0
0,1609,orange,K,absolute,0.000000000000,6.000000000000,6.000000000000,False,orange,orange,0.970000000000,0.970000000000,orange|pomegranate|apple,orange|pomegranate|apple,False,0.940000000000,0.940000000000,0.000000000000,0
1,1072,banana,K,absolute,0.000000000000,50.000000000000,50.000000000000,False,banana,banana,0.930000000000,0.930000000000,banana|papaya|cotton,banana|papaya|cotton,False,0.890000000000,0.890000000000,0.000000000000,0
2,1912,cotton,K,absolute,0.000000000000,15.000000000000,15.000000000000,False,cotton,cotton,1.000000000000,1.000000000000,cotton|apple|banana,cotton|apple|banana,False,1.000000000000,1.000000000000,0.000000000000,0
3,100,maize,K,absolute,0.000000000000,16.000000000000,16.000000000000,False,maize,maize,0.990000000000,0.990000000000,maize|mothbeans|apple,maize|mothbeans|apple,False,0.980000000000,0.980000000000,0.000000000000,0
4,1645,orange,K,absolute,0.000000000000,6.000000000000,6.000000000000,False,orange,orange,0.990000000000,0.990000000000,orange|pomegranate|apple,orange|pomegranate|apple,False,0.980000000000,0.980000000000,0.000000000000,0
5,221,chickpea,K,absolute,0.000000000000,77.000000000000,77.000000000000,False,chickpea,chickpea,1.000000000000,1.000000000000,chickpea|apple|banana,chickpea|apple|banana,False,1.000000000000,1.000000000000,0.000000000000,0
6,28,rice,K,absolute,0.000000000000,44.000000000000,44.000000000000,False,rice,rice,0.990000000000,0.990000000000,rice|jute|apple,rice|jute|apple,False,0.980000000000,0.980000000000,0.000000000000,0
7,701,blackgram,K,absolute,0.000000000000,21.000000000000,21.000000000000,False,blackgram,blackgram,0.970000000000,0.970000000000,blackgram|lentil|apple,blackgram|lentil|apple,False,0.940000000000,0.940000000000,0.000000000000,0
8,1097,banana,K,absolute,0.000000000000,54.000000000000,54.000000000000,False,banana,banana,1.000000000000,1.000000000000,banana|apple|blackgram,banana|apple|blackgram,False,1.000000000000,1.000000000000,0.000000000000,0
9,1638,orange,K,absolute,0.000000000000,5.000000000000,5.000000000000,False,orange,orange,1.000000000000,1.000000000000,orange|apple|banana,orange|apple|banana,False,1.000000000000,1.000000000000,0.000000000000,0
10,1391,watermelon,K,absolute,0.000000000000,53.000000000000,53.000000000000,False,watermelon,watermelon,1.000000000000,1.000000000000,watermelon|apple|banana,watermelon|apple|banana,False,1.000000000000,1.000000000000,0.000000000000,0
11,901,pomegranate,K,absolute,0.000000000000,37.000000000000,37.000000000000,False,pomegranate,pomegranate,1.000000000000,1.000000000000,pomegranate|apple|banana,pomegranate|apple|banana,False,1.000000000000,1.000000000000,0.000000000000,0
12,1386,watermelon,K,absolute,0.000000000000,48.000000000000,48.000000000000,False,watermelon,watermelon,1.000000000000,1.000000000000,watermelon|apple|banana,watermelon|apple|banana,False,1.000000000000,1.000000000000,0.000000000000,0
13,171,maize,K,absolute,0.000000000000,20.000000000000,20.000000000000,False,maize,maize,1.000000000000,1.000000000000,maize|apple|banana,maize|apple|banana,False,1.000000000000,1.000000000000,0.000000000000,0
14,544,mothbeans,K,absolute,0.000000000000,18.000000000000,18.000000000000,False,mothbeans,mothbeans,0.810000000000,0.810000000000,mothbeans|blackgram|pigeonpeas,mothbeans|blackgram|pigeonpeas,False,0.740000000000,0.740000000000,0.000000000000,0
15,1264,grapes,K,absolute,0.000000000000,195.000000000000,195.000000000000,False,grapes,grapes,1.000000000000,1.000000000000,grapes|apple|banana,grapes|apple|banana,False,1.000000000000,1.000000000000,0.000000000000,0
16,1220,grapes,K,absolute,0.000000000000,201.000000000000,201.000000000000,False,grapes,grapes,1.000000000000,1.000000000000,grapes|apple|banana,grapes|apple|banana,False,1.000000000000,1.000000000000,0.000000000000,0
17,1154,mango,K,absolute,0.000000000000,26.000000000000,26.000000000000,False,mango,mango,1.000000000000,1.000000000000,mango|apple|banana,mango|apple|banana,False,1.000000000000,1.000000000000,0.000000000000,0
18,1131,mango,K,absolute,0.000000000000,34.000000000000,34.000000000000,False,mango,mango,0.980000000000,0.980000000000,mango|mothbeans|papaya,mango|mothbeans|papaya,False,0.970000000000,0.970000000000,0.000000000000,0
19,1514,apple,K,absolute,0.000000000000,200.000000000000,200.000000000000,False,apple,apple,1.000000000000,1.000000000000,apple|banana|blackgram,apple|banana|blackgram,False,1.000000000000,1.000000000000,0.000000000000,0
20,795,blackgram,K,absolute,0.000000000000,16.000000000000,16.000000000000,False,blackgram,blackgram,0.990000000000,0.990000000000,blackgram|lentil|apple,blackgram|lentil|apple,False,0.980000000000,0.980000000000,0.000000000000,0
21,1502,apple,K,absolute,0.000000000000,205.000000000000,205.000000000000,False,apple,apple,1.000000000000,1.000000000000,apple|banana|blackgram,apple|banana|blackgram,False,1.000000000000,1.000000000000,0.000000000000,0
22,585,mothbeans,K,absolute,0.000000000000,23.000000000000,23.000000000000,False,mothbeans,mothbeans,0.790000000000,0.790000000000,mothbeans|lentil|blackgram,mothbeans|lentil|blackgram,False,0.610000000000,0.610000000000,0.000000000000,0
23,387,kidneybeans,K,absolute,0.000000000000,19.000000000000,19.000000000000,False,kidneybeans,kidneybeans,0.990000000000,0.990000000000,kidneybeans|pigeonpeas|apple,kidneybeans|pigeonpeas|apple,False,0.980000000000,0.980000000000,0.000000000000,0
24,1591,apple,K,absolute,0.000000000000,195.000000000000,195.000000000000,False,apple,apple,0.980000000000,0.980000000000,apple|grapes|banana,apple|grapes|banana,False,0.960000000000,0.960000000000,0.000000000000,0
25,2003,jute,K,absolute,0.000000000000,39.000000000000,39.000000000000,False,jute,jute,0.980000000000,0.980000000000,jute|rice|watermelon,jute|rice|watermelon,False,0.970000000000,0.970000000000,0.000000000000,0
26,505,mothbeans,K,absolute,0.000000000000,22.000000000000,22.000000000000,False,mothbeans,mothbeans,0.890000000000,0.890000000000,mothbeans|blackgram|pigeonpeas,mothbeans|blackgram|pigeonpeas,False,0.840000000000,0.840000000000,0.000000000000,0
27,1342,watermelon,K,absolute,0.000000000000,53.000000000000,53.000000000000,False,watermelon,watermelon,1.000000000000,1.000000000000,watermelon|apple|banana,watermelon|apple|banana,False,1.000000000000,1.000000000000,0.000000000000,0
28,0,rice,K,absolute,0.000000000000,43.000000000000,43.000000000000,False,rice,rice,0.900000000000,0.900000000000,rice|jute|apple,rice|jute|apple,False,0.800000000000,0.800000000000,0.000000000000,0
29,2106,coffee,K,absolute,0.000000000000,27.000000000000,27.000000000000,False,coffee,coffee,1.000000000000,1.000000000000,coffee|apple|banana,coffee|apple|banana,False,1.000000000000,1.000000000000,0.000000000000,0
30,1102,mango,K,absolute,0.000000000000,27.000000000000,27.000000000000,False,mango,mango,0.920000000000,0.920000000000,mango|coconut|coffee,mango|coconut|coffee,False,0.900000000000,0.900000000000,0.000000000000,0
31,2086,jute,K,absolute,0.000000000000,36.000000000000,36.000000000000,False,jute,jute,0.930000000000,0.930000000000,jute|rice|banana,jute|rice|banana,False,0.870000000000,0.870000000000,0.000000000000,0
32,1036,banana,K,absolute,0.000000000000,49.000000000000,49.000000000000,False,banana,banana,1.000000000000,1.000000000000,banana|apple|blackgram,banana|apple|blackgram,False,1.000000000000,1.000000000000,0.000000000000,0
33,2167,coffee,K,absolute,0.000000000000,33.000000000000,33.000000000000,False,coffee,coffee,1.000000000000,1.000000000000,coffee|apple|banana,coffee|apple|banana,False,1.000000000000,1.000000000000,0.000000000000,0
34,2050,jute,K,absolute,0.000000000000,44.000000000000,44.000000000000,False,jute,jute,0.990000000000,0.990000000000,jute|rice|apple,jute|rice|apple,False,0.980000000000,0.980000000000,0.000000000000,0
35,737,blackgram,K,absolute,0.000000000000,17.000000000000,17.000000000000,False,blackgram,blackgram,0.910000000000,0.910000000000,blackgram|maize|lentil,blackgram|maize|lentil,False,0.830000000000,0.830000000000,0.000000000000,0
36,1298,grapes,K,absolute,0.000000000000,195.000000000000,195.000000000000,False,grapes,grapes,1.000000000000,1.000000000000,grapes|apple|banana,grapes|apple|banana,False,1.000000000000,1.000000000000,0.000000000000,0
37,1200,grapes,K,absolute,0.000000000000,195.000000000000,195.000000000000,False,grapes,grapes,1.000000000000,1.000000000000,grapes|apple|banana,grapes|apple|banana,False,1.000000000000,1.000000000000,0.000000000000,0
38,731,blackgram,K,absolute,0.000000000000,21.000000000000,21.000000000000,False,blackgram,blackgram,0.990000000000,0.990000000000,blackgram|mothbeans|apple,blackgram|mothbeans|apple,False,0.980000000000,0.980000000000,0.000000000000,0
39,2042,jute,K,absolute,0.000000000000,45.000000000000,45.000000000000,False,jute,jute,0.930000000000,0.930000000000,jute|rice|papaya,jute|rice|papaya,False,0.890000000000,0.890000000000,0.000000000000,0
40,1829,coconut,K,absolute,0.000000000000,35.000000000000,35.000000000000,False,coconut,coconut,1.000000000000,1.000000000000,coconut|apple|banana,coconut|apple|banana,False,1.000000000000,1.000000000000,0.000000000000,0
41,1716,papaya,K,absolute,0.000000000000,53.000000000000,53.000000000000,False,papaya,papaya,0.990000000000,0.990000000000,papaya|grapes|apple,papaya|grapes|apple,False,0.980000000000,0.980000000000,0.000000000000,0
42,1156,mango,K,absolute,0.000000000000,30.000000000000,30.000000000000,False,mango,mango,1.000000000000,1.000000000000,mango|apple|banana,mango|apple|banana,False,1.000000000000,1.000000000000,0.000000000000,0
43,185,maize,K,absolute,0.000000000000,15.000000000000,15.000000000000,False,maize,maize,0.970000000000,0.970000000000,maize|mothbeans|coffee,maize|mothbeans|coffee,False,0.950000000000,0.950000000000,0.000000000000,0
44,861,lentil,K,absolute,0.000000000000,19.000000000000,19.000000000000,False,lentil,lentil,0.980000000000,0.980000000000,lentil|blackgram|apple,lentil|blackgram|apple,False,0.960000000000,0.960000000000,0.000000000000,0
45,2022,jute,K,absolute,0.000000000000,38.000000000000,38.000000000000,False,jute,jute,0.940000000000,0.940000000000,jute|rice|watermelon,jute|rice|watermelon,False,0.890000000000,0.890000000000,0.000000000000,0
46,1973,cotton,K,absolute,0.000000000000,15.000000000000,15.000000000000,False,cotton,cotton,0.960000000000,0.960000000000,cotton|maize|banana,cotton|maize|banana,False,0.940000000000,0.940000000000,0.000000000000,0
47,850,lentil,K,absolute,0.000000000000,25.000000000000,25.000000000000,False,lentil,lentil,0.900000000000,0.900000000000,lentil|mothbeans|blackgram,lentil|mothbeans|blackgram,False,0.840000000000,0.840000000000,0.000000000000,0
48,203,chickpea,K,absolute,0.000000000000,85.000000000000,85.000000000000,False,chickpea,chickpea,1.000000000000,1.000000000000,chickpea|apple|banana,chickpea|apple|banana,False,1.000000000000,1.000000000000,0.000000000000,0
49,696,mungbean,K,absolute,0.000000000000,19.000000000000,19.000000000000,False,mungbean,mungbean,1.000000000000,1.000000000000,mungbean|apple|banana,mungbean|apple|banana,False,1.000000000000,1.000000000000,0.000000000000,0
50,1737,papaya,K,absolute,0.000000000000,51.000000000000,51.000000000000,False,papaya,papaya,0.930000000000,0.930000000000,papaya|rice|apple,papaya|rice|apple,False,0.860000000000,0.860000000000,0.000000000000,0
51,961,pomegranate,K,absolute,0.000000000000,44.000000000000,44.000000000000,False,pomegranate,pomegranate,0.990000000000,0.990000000000,pomegranate|orange|apple,pomegranate|orange|apple,False,0.980000000000,0.980000000000,0.000000000000,0
52,405,pigeonpeas,K,absolute,0.000000000000,25.000000000000,25.000000000000,False,pigeonpeas,pigeonpeas,0.920000000000,0.920000000000,pigeonpeas|mango|coconut,pigeonpeas|mango|coconut,False,0.850000000000,0.850000000000,0.000000000000,0
53,1392,watermelon,K,absolute,0.000000000000,54.000000000000,54.000000000000,False,watermelon,watermelon,1.000000000000,1.000000000000,watermelon|apple|banana,watermelon|apple|banana,False,1.000000000000,1.000000000000,0.000000000000,0
54,1158,mango,K,absolute,0.000000000000,32.000000000000,32.000000000000,False,mango,mango,0.980000000000,0.980000000000,mango|mothbeans|orange,mango|mothbeans|orange,False,0.970000000000,0.970000000000,0.000000000000,0
55,768,blackgram,K,absolute,0.000000000000,19.000000000000,19.000000000000,False,blackgram,blackgram,0.680000000000,0.680000000000,blackgram|mothbeans|lentil,blackgram|mothbeans|lentil,False,0.440000000000,0.440000000000,0.000000000000,0
56,1763,papaya,K,absolute,0.000000000000,52.000000000000,52.000000000000,False,papaya,papaya,0.990000000000,0.990000000000,papaya|banana|apple,papaya|banana|apple,False,0.980000000000,0.980000000000,0.000000000000,0
57,1798,papaya,K,absolute,0.000000000000,55.000000000000,55.000000000000,False,papaya,papaya,1.000000000000,1.000000000000,papaya|apple|banana,papaya|apple|banana,False,1.000000000000,1.000000000000,0.000000000000,0
58,2173,coffee,K,absolute,0.000000000000,28.000000000000,28.000000000000,False,coffee,coffee,0.980000000000,0.980000000000,coffee|coconut|apple,coffee|coconut|apple,False,0.960000000000,0.960000000000,0.000000000000,0
59,825,lentil,K,absolute,0.000000000000,22.000000000000,22.000000000000,False,lentil,lentil,0.990000000000,0.990000000000,lentil|blackgram|apple,lentil|blackgram|apple,False,0.980000000000,0.980000000000,0.000000000000,0
60,813,lentil,K,absolute,0.000000000000,24.000000000000,24.000000000000,False,lentil,lentil,0.820000000000,0.820000000000,lentil|mothbeans|blackgram,lentil|mothbeans|blackgram,False,0.710000000000,0.710000000000,0.000000000000,0
61,539,mothbeans,K,absolute,0.000000000000,16.000000000000,16.000000000000,False,mothbeans,mothbeans,0.960000000000,0.960000000000,mothbeans|lentil|pigeonpeas,mothbeans|lentil|pigeonpeas,False,0.930000000000,0.930000000000,0.000000000000,0
62,2157,coffee,K,absolute,0.000000000000,30.000000000000,30.000000000000,False,coffee,coffee,1.000000000000,1.000000000000,coffee|apple|banana,coffee|apple|banana,False,1.000000000000,1.000000000000,0.000000000000,0
63,1032,banana,K,absolute,0.000000000000,45.000000000000,45.000000000000,False,banana,banana,0.970000000000,0.970000000000,banana|jute|apple,banana|jute|apple,False,0.940000000000,0.940000000000,0.000000000000,0
64,1707,papaya,K,absolute,0.000000000000,47.000000000000,47.000000000000,False,papaya,papaya,0.930000000000,0.930000000000,papaya|pomegranate|pigeonpeas,papaya|pomegranate|pigeonpeas,False,0.900000000000,0.900000000000,0.000000000000,0
65,54,rice,K,absolute,0.000000000000,36.000000000000,36.000000000000,False,rice,rice,0.980000000000,0.980000000000,rice|jute|apple,rice|jute|apple,False,0.960000000000,0.960000000000,0.000000000000,0
66,1630,orange,K,absolute,0.000000000000,14.000000000000,14.000000000000,False,orange,orange,0.980000000000,0.980000000000,orange|mango|pomegranate,orange|mango|pomegranate,False,0.970000000000,0.970000000000,0.000000000000,0
67,1818,coconut,K,absolute,0.000000000000,29.000000000000,29.000000000000,False,coconut,coconut,1.000000000000,1.000000000000,coconut|apple|banana,coconut|apple|banana,False,1.000000000000,1.000000000000,0.000000000000,0
69,920,pomegranate,K,absolute,0.000000000000,40.000000000000,40.000000000000,False,pomegranate,pomegranate,0.970000000000,0.970000000000,pomegranate|orange|apple,pomegranate|orange|apple,False,0.940000000000,0.940000000000,0.000000000000,0
70,1033,banana,K,absolute,0.000000000000,48.000000000000,48.000000000000,False,banana,banana,1.000000000000,1.000000000000,banana|apple|blackgram,banana|apple|blackgram,False,1.000000000000,1.000000000000,0.000000000000,0
71,1458,muskmelon,K,absolute,0.000000000000,47.000000000000,47.000000000000,False,muskmelon,muskmelon,1.000000000000,1.000000000000,muskmelon|apple|banana,muskmelon|apple|banana,False,1.000000000000,1.000000000000,0.000000000000,0
72,1369,watermelon,K,absolute,0.000000000000,46.000000000000,46.000000000000,False,watermelon,watermelon,1.000000000000,1.000000000000,watermelon|apple|banana,watermelon|apple|banana,False,1.000000000000,1.000000000000,0.000000000000,0
73,859,lentil,K,absolute,0.000000000000,17.000000000000,17.000000000000,False,lentil,lentil,1.000000000000,1.000000000000,lentil|apple|banana,lentil|apple|banana,False,1.000000000000,1.000000000000,0.000000000000,0
75,1854,coconut,K,absolute,0.000000000000,29.000000000000,29.000000000000,False,coconut,coconut,1.000000000000,1.000000000000,coconut|apple|banana,coconut|apple|banana,False,1.000000000000,1.000000000000,0.000000000000,0
76,575,mothbeans,K,absolute,0.000000000000,20.000000000000,20.000000000000,False,mothbeans,mothbeans,0.900000000000,0.900000000000,mothbeans|lentil|mungbean,mothbeans|lentil|mungbean,False,0.820000000000,0.820000000000,0.000000000000,0
77,606,mungbean,K,absolute,0.000000000000,23.000000000000,23.000000000000,False,mungbean,mungbean,0.980000000000,0.980000000000,mungbean|blackgram|apple,mungbean|blackgram|apple,False,0.960000000000,0.960000000000,0.000000000000,0
78,614,mungbean,K,absolute,0.000000000000,21.000000000000,21.000000000000,False,mungbean,mungbean,0.970000000000,0.970000000000,mungbean|mothbeans|orange,mungbean|mothbeans|orange,False,0.950000000000,0.950000000000,0.000000000000,0
80,2182,coffee,K,absolute,0.000000000000,33.000000000000,33.000000000000,False,coffee,coffee,0.990000000000,0.990000000000,coffee|coconut|apple,coffee|coconut|apple,False,0.980000000000,0.980000000000,0.000000000000,0
82,1473,muskmelon,K,absolute,0.000000000000,55.000000000000,55.000000000000,False,muskmelon,muskmelon,1.000000000000,1.000000000000,muskmelon|apple|banana,muskmelon|apple|banana,False,1.000000000000,1.000000000000,0.000000000000,0
83,303,kidneybeans,K,absolute,0.000000000000,16.000000000000,16.000000000000,False,kidneybeans,kidneybeans,0.950000000000,0.950000000000,kidneybeans|chickpea|pigeonpeas,kidneybeans|chickpea|pigeonpeas,False,0.910000000000,0.910000000000,0.000000000000,0
85,937,pomegranate,K,absolute,0.000000000000,41.000000000000,41.000000000000,False,pomegranate,pomegranate,0.910000000000,0.910000000000,pomegranate|papaya|orange,pomegranate|papaya|orange,False,0.870000000000,0.870000000000,0.000000000000,0
86,1697,orange,K,absolute,0.000000000000,7.000000000000,7.000000000000,False,orange,orange,0.980000000000,0.980000000000,orange|mango|pomegranate,orange|mango|pomegranate,False,0.970000000000,0.970000000000,0.000000000000,0
87,1987,cotton,K,absolute,0.000000000000,25.000000000000,25.000000000000,False,cotton,cotton,1.000000000000,1.000000000000,cotton|apple|banana,cotton|apple|banana,False,1.000000000000,1.000000000000,0.000000000000,0
88,1851,coconut,K,absolute,0.000000000000,29.000000000000,29.000000000000,False,coconut,coconut,0.990000000000,0.990000000000,coconut|coffee|apple,coconut|coffee|apple,False,0.980000000000,0.980000000000,0.000000000000,0
91,613,mungbean,K,absolute,0.000000000000,16.000000000000,16.000000000000,False,mungbean,mungbean,1.000000000000,1.000000000000,mungbean|apple|banana,mungbean|apple|banana,False,1.000000000000,1.000000000000,0.000000000000,0
93,1960,cotton,K,absolute,0.000000000000,17.000000000000,17.000000000000,False,cotton,cotton,1.000000000000,1.000000000000,cotton|apple|banana,cotton|apple|banana,False,1.000000000000,1.000000000000,0.000000000000,0
95,1225,grapes,K,absolute,0.000000000000,205.000000000000,205.000000000000,False,grapes,grapes,1.000000000000,1.000000000000,grapes|apple|banana,grapes|apple|banana,False,1.000000000000,1.000000000000,0.000000000000,0
96,1988,cotton,K,absolute,0.000000000000,21.000000000000,21.000000000000,False,cotton,cotton,1.000000000000,1.000000000000,cotton|apple|banana,cotton|apple|banana,False,1.000000000000,1.000000000000,0.000000000000,0
97,227,chickpea,K,absolute,0.000000000000,84.000000000000,84.000000000000,False,chickpea,chickpea,0.940000000000,0.940000000000,chickpea|kidneybeans|coffee,chickpea|kidneybeans|coffee,False,0.910000000000,0.910000000000,0.000000000000,0
100,1499,muskmelon,K,absolute,0.000000000000,54.000000000000,54.000000000000,False,muskmelon,muskmelon,1.000000000000,1.000000000000,muskmelon|apple|banana,muskmelon|apple|banana,False,1.000000000000,1.000000000000,0.000000000000,0
101,989,pomegranate,K,absolute,0.000000000000,39.000000000000,39.000000000000,False,pomegranate,pomegranate,0.990000000000,0.990000000000,pomegranate|orange|apple,pomegranate|orange|apple,False,0.980000000000,0.980000000000,0.000000000000,0
103,497,pigeonpeas,K,absolute,0.000000000000,22.000000000000,22.000000000000,False,pigeonpeas,pigeonpeas,0.980000000000,0.980000000000,pigeonpeas|blackgram|papaya,pigeonpeas|blackgram|papaya,False,0.970000000000,0.970000000000,0.000000000000,0
104,472,pigeonpeas,K,absolute,0.000000000000,20.000000000000,20.000000000000,False,pigeonpeas,pigeonpeas,0.940000000000,0.940000000000,pigeonpeas|lentil|mothbeans,pigeonpeas|lentil|mothbeans,False,0.900000000000,0.900000000000,0.000000000000,0
106,323,kidneybeans,K,absolute,0.000000000000,22.000000000000,22.000000000000,False,kidneybeans,kidneybeans,0.990000000000,0.990000000000,kidneybeans|chickpea|apple,kidneybeans|chickpea|apple,False,0.980000000000,0.980000000000,0.000000000000,0
108,44,rice,K,absolute,0.000000000000,45.000000000000,45.000000000000,False,rice,rice,0.900000000000,0.900000000000,rice|jute|papaya,rice|jute|papaya,False,0.830000000000,0.830000000000,0.000000000000,0
109,84,rice,K,absolute,0.000000000000,39.000000000000,39.000000000000,False,rice,rice,1.000000000000,1.000000000000,rice|apple|banana,rice|apple|banana,False,1.000000000000,1.000000000000,0.000000000000,0
110,1551,apple,K,absolute,0.000000000000,202.000000000000,202.000000000000,False,apple,apple,1.000000000000,1.000000000000,apple|banana|blackgram,apple|banana|blackgram,False,1.000000000000,1.000000000000,0.000000000000,0
111,647,mungbean,K,absolute,0.000000000000,15.000000000000,15.000000000000,False,mungbean,mungbean,1.000000000000,1.000000000000,mungbean|apple|banana,mungbean|apple|banana,False,1.000000000000,1.000000000000,0.000000000000,0
115,1456,muskmelon,K,absolute,0.000000000000,47.000000000000,47.000000000000,False,muskmelon,muskmelon,1.000000000000,1.000000000000,muskmelon|apple|banana,muskmelon|apple|banana,False,1.000000000000,1.000000000000,0.000000000000,0
121,250,chickpea,K,absolute,0.000000000000,79.000000000000,79.000000000000,False,chickpea,chickpea,1.000000000000,1.000000000000,chickpea|apple|banana,chickpea|apple|banana,False,1.000000000000,1.000000000000,0.000000000000,0
122,199,maize,K,absolute,0.000000000000,19.000000000000,19.000000000000,False,maize,maize,0.940000000000,0.940000000000,maize|coffee|blackgram,maize|coffee|blackgram,False,0.920000000000,0.920000000000,0.000000000000,0
124,110,maize,K,absolute,0.000000000000,19.000000000000,19.000000000000,False,maize,maize,0.970000000000,0.970000000000,maize|cotton|mungbean,maize|cotton|mungbean,False,0.960000000000,0.960000000000,0.000000000000,0
128,1859,coconut,K,absolute,0.000000000000,32.000000000000,32.000000000000,False,coconut,coconut,1.000000000000,1.000000000000,coconut|apple|banana,coconut|apple|banana,False,1.000000000000,1.000000000000,0.000000000000,0
131,226,chickpea,K,absolute,0.000000000000,80.000000000000,80.000000000000,False,chickpea,chickpea,0.920000000000,0.920000000000,chickpea|kidneybeans|apple,chickpea|kidneybeans|apple,False,0.840000000000,0.840000000000,0.000000000000,0
136,1552,apple,K,absolute,0.000000000000,198.000000000000,198.000000000000,False,apple,apple,1.000000000000,1.000000000000,apple|banana|blackgram,apple|banana|blackgram,False,1.000000000000,1.000000000000,0.000000000000,0
148,461,pigeonpeas,K,absolute,0.000000000000,23.000000000000,23.000000000000,False,pigeonpeas,pigeonpeas,0.990000000000,0.990000000000,pigeonpeas|lentil|apple,pigeonpeas|lentil|apple,False,0.980000000000,0.980000000000,0.000000000000,0
156,474,pigeonpeas,K,absolute,0.000000000000,24.000000000000,24.000000000000,False,pigeonpeas,pigeonpeas,0.970000000000,0.970000000000,pigeonpeas|coffee|kidneybeans,pigeonpeas|coffee|kidneybeans,False,0.960000000000,0.960000000000,0.000000000000,0
157,1419,muskmelon,K,absolute,0.000000000000,48.000000000000,48.000000000000,False,muskmelon,muskmelon,1.000000000000,1.000000000000,muskmelon|apple|banana,muskmelon|apple|banana,False,1.000000000000,1.000000000000,0.000000000000,0
164,305,kidneybeans,K,absolute,0.000000000000,22.000000000000,22.000000000000,False,kidneybeans,kidneybeans,0.990000000000,0.990000000000,kidneybeans|pigeonpeas|apple,kidneybeans|pigeonpeas|apple,False,0.980000000000,0.980000000000,0.000000000000,0
189,361,kidneybeans,K,absolute,0.000000000000,22.000000000000,22.000000000000,False,kidneybeans,kidneybeans,1.000000000000,1.000000000000,kidneybeans|apple|banana,kidneybeans|apple|banana,False,1.000000000000,1.000000000000,0.000000000000,0
0,1609,orange,K,absolute,5.000000000000,6.000000000000,11.000000000000,False,orange,orange,0.970000000000,0.970000000000,orange|pomegranate|apple,orange|pomegranate|apple,False,0.940000000000,0.940000000000,0.000000000000,0
1,1072,banana,K,absolute,5.000000000000,50.000000000000,55.000000000000,False,banana,banana,0.930000000000,0.930000000000,banana|papaya|cotton,banana|papaya|cotton,False,0.890000000000,0.890000000000,0.000000000000,0
2,1912,cotton,K,absolute,5.000000000000,15.000000000000,20.000000000000,False,cotton,cotton,1.000000000000,1.000000000000,cotton|apple|banana,cotton|apple|banana,False,1.000000000000,1.000000000000,0.000000000000,0
3,100,maize,K,absolute,5.000000000000,16.000000000000,21.000000000000,False,maize,maize,0.990000000000,0.990000000000,maize|mothbeans|apple,maize|mothbeans|apple,False,0.980000000000,0.980000000000,0.000000000000,0
4,1645,orange,K,absolute,5.000000000000,6.000000000000,11.000000000000,False,orange,orange,0.990000000000,0.990000000000,orange|pomegranate|apple,orange|pomegranate|apple,False,0.980000000000,0.980000000000,0.000000000000,0
5,221,chickpea,K,absolute,5.000000000000,77.000000000000,82.000000000000,False,chickpea,chickpea,1.000000000000,1.000000000000,chickpea|apple|banana,chickpea|apple|banana,False,1.000000000000,1.000000000000,0.000000000000,0
6,28,rice,K,absolute,5.000000000000,44.000000000000,49.000000000000,False,rice,rice,0.990000000000,0.620000000000,rice|jute|apple,rice|papaya|jute,False,0.980000000000,0.360000000000,0.370000000000,0
7,701,blackgram,K,absolute,5.000000000000,21.000000000000,26.000000000000,False,blackgram,blackgram,0.970000000000,0.660000000000,blackgram|lentil|apple,blackgram|mango|papaya,False,0.940000000000,0.470000000000,0.310000000000,0
8,1097,banana,K,absolute,5.000000000000,54.000000000000,59.000000000000,False,banana,banana,1.000000000000,1.000000000000,banana|apple|blackgram,banana|apple|blackgram,False,1.000000000000,1.000000000000,0.000000000000,0
9,1638,orange,K,absolute,5.000000000000,5.000000000000,10.000000000000,False,orange,orange,1.000000000000,1.000000000000,orange|apple|banana,orange|apple|banana,False,1.000000000000,1.000000000000,0.000000000000,0
10,1391,watermelon,K,absolute,5.000000000000,53.000000000000,58.000000000000,False,watermelon,watermelon,1.000000000000,1.000000000000,watermelon|apple|banana,watermelon|apple|banana,False,1.000000000000,1.000000000000,0.000000000000,0
11,901,pomegranate,K,absolute,5.000000000000,37.000000000000,42.000000000000,False,pomegranate,pomegranate,1.000000000000,1.000000000000,pomegranate|apple|banana,pomegranate|apple|banana,False,1.000000000000,1.000000000000,0.000000000000,0
12,1386,watermelon,K,absolute,5.000000000000,48.000000000000,53.000000000000,False,watermelon,watermelon,1.000000000000,1.000000000000,watermelon|apple|banana,watermelon|apple|banana,False,1.000000000000,1.000000000000,0.000000000000,0
13,171,maize,K,absolute,5.000000000000,20.000000000000,25.000000000000,False,maize,maize,1.000000000000,0.970000000000,maize|apple|banana,maize|coffee|jute,False,1.000000000000,0.960000000000,0.030000000000,0
14,544,mothbeans,K,absolute,5.000000000000,18.000000000000,23.000000000000,False,mothbeans,mothbeans,0.810000000000,0.790000000000,mothbeans|blackgram|pigeonpeas,mothbeans|blackgram|pigeonpeas,False,0.740000000000,0.710000000000,0.020000000000,0
15,1264,grapes,K,absolute,5.000000000000,195.000000000000,200.000000000000,False,grapes,grapes,1.000000000000,1.000000000000,grapes|apple|banana,grapes|apple|banana,False,1.000000000000,1.000000000000,0.000000000000,0
16,1220,grapes,K,absolute,5.000000000000,201.000000000000,205.000000000000,True,grapes,grapes,1.000000000000,0.980000000000,grapes|apple|banana,grapes|apple|banana,False,1.000000000000,0.960000000000,0.020000000000,0
17,1154,mango,K,absolute,5.000000000000,26.000000000000,31.000000000000,False,mango,mango,1.000000000000,1.000000000000,mango|apple|banana,mango|apple|banana,False,1.000000000000,1.000000000000,0.000000000000,0
18,1131,mango,K,absolute,5.000000000000,34.000000000000,39.000000000000,False,mango,mango,0.980000000000,0.950000000000,mango|mothbeans|papaya,mango|papaya|pomegranate,False,0.970000000000,0.930000000000,0.030000000000,0
19,1514,apple,K,absolute,5.000000000000,200.000000000000,205.000000000000,False,apple,apple,1.000000000000,1.000000000000,apple|banana|blackgram,apple|banana|blackgram,False,1.000000000000,1.000000000000,0.000000000000,0
20,795,blackgram,K,absolute,5.000000000000,16.000000000000,21.000000000000,False,blackgram,blackgram,0.990000000000,1.000000000000,blackgram|lentil|apple,blackgram|apple|banana,False,0.980000000000,1.000000000000,0.010000000000,0
21,1502,apple,K,absolute,5.000000000000,205.000000000000,205.000000000000,True,apple,apple,1.000000000000,1.000000000000,apple|banana|blackgram,apple|banana|blackgram,False,1.000000000000,1.000000000000,0.000000000000,0
22,585,mothbeans,K,absolute,5.000000000000,23.000000000000,28.000000000000,False,mothbeans,mothbeans,0.790000000000,0.460000000000,mothbeans|lentil|blackgram,mothbeans|mango|lentil,False,0.610000000000,0.130000000000,0.330000000000,0
23,387,kidneybeans,K,absolute,5.000000000000,19.000000000000,24.000000000000,False,kidneybeans,kidneybeans,0.990000000000,1.000000000000,kidneybeans|pigeonpeas|apple,kidneybeans|apple|banana,False,0.980000000000,1.000000000000,0.010000000000,0
24,1591,apple,K,absolute,5.000000000000,195.000000000000,200.000000000000,False,apple,apple,0.980000000000,0.990000000000,apple|grapes|banana,apple|grapes|banana,False,0.960000000000,0.980000000000,0.010000000000,0
25,2003,jute,K,absolute,5.000000000000,39.000000000000,44.000000000000,False,jute,jute,0.980000000000,0.970000000000,jute|rice|watermelon,jute|rice|watermelon,False,0.970000000000,0.950000000000,0.010000000000,0
26,505,mothbeans,K,absolute,5.000000000000,22.000000000000,27.000000000000,False,mothbeans,mango,0.890000000000,0.480000000000,mothbeans|blackgram|pigeonpeas,mango|mothbeans|blackgram,True,0.840000000000,0.040000000000,0.410000000000,1
27,1342,watermelon,K,absolute,5.000000000000,53.000000000000,58.000000000000,False,watermelon,watermelon,1.000000000000,1.000000000000,watermelon|apple|banana,watermelon|apple|banana,False,1.000000000000,1.000000000000,0.000000000000,0
28,0,rice,K,absolute,5.000000000000,43.000000000000,48.000000000000,False,rice,rice,0.900000000000,0.560000000000,rice|jute|apple,rice|papaya|jute,False,0.800000000000,0.370000000000,0.340000000000,0
29,2106,coffee,K,absolute,5.000000000000,27.000000000000,32.000000000000,False,coffee,coffee,1.000000000000,1.000000000000,coffee|apple|banana,coffee|apple|banana,False,1.000000000000,1.000000000000,0.000000000000,0
30,1102,mango,K,absolute,5.000000000000,27.000000000000,32.000000000000,False,mango,mango,0.920000000000,0.920000000000,mango|coconut|coffee,mango|coconut|coffee,False,0.900000000000,0.900000000000,0.000000000000,0
31,2086,jute,K,absolute,5.000000000000,36.000000000000,41.000000000000,False,jute,jute,0.930000000000,0.940000000000,jute|rice|banana,jute|rice|banana,False,0.870000000000,0.890000000000,0.010000000000,0
32,1036,banana,K,absolute,5.000000000000,49.000000000000,54.000000000000,False,banana,banana,1.000000000000,1.000000000000,banana|apple|blackgram,banana|apple|blackgram,False,1.000000000000,1.000000000000,0.000000000000,0
33,2167,coffee,K,absolute,5.000000000000,33.000000000000,38.000000000000,False,coffee,coffee,1.000000000000,0.870000000000,coffee|apple|banana,coffee|jute|pomegranate,False,1.000000000000,0.760000000000,0.130000000000,0
34,2050,jute,K,absolute,5.000000000000,44.000000000000,49.000000000000,False,jute,jute,0.990000000000,0.640000000000,jute|rice|apple,jute|papaya|banana,False,0.980000000000,0.420000000000,0.350000000000,0
35,737,blackgram,K,absolute,5.000000000000,17.000000000000,22.000000000000,False,blackgram,blackgram,0.910000000000,0.900000000000,blackgram|maize|lentil,blackgram|maize|coffee,False,0.830000000000,0.820000000000,0.010000000000,0
36,1298,grapes,K,absolute,5.000000000000,195.000000000000,200.000000000000,False,grapes,grapes,1.000000000000,1.000000000000,grapes|apple|banana,grapes|apple|banana,False,1.000000000000,1.000000000000,0.000000000000,0
37,1200,grapes,K,absolute,5.000000000000,195.000000000000,200.000000000000,False,grapes,grapes,1.000000000000,1.000000000000,grapes|apple|banana,grapes|apple|banana,False,1.000000000000,1.000000000000,0.000000000000,0
38,731,blackgram,K,absolute,5.000000000000,21.000000000000,26.000000000000,False,blackgram,blackgram,0.990000000000,0.660000000000,blackgram|mothbeans|apple,blackgram|mango|papaya,False,0.980000000000,0.440000000000,0.330000000000,0
39,2042,jute,K,absolute,5.000000000000,45.000000000000,50.000000000000,False,jute,jute,0.930000000000,0.590000000000,jute|rice|papaya,jute|papaya|banana,False,0.890000000000,0.320000000000,0.340000000000,0
40,1829,coconut,K,absolute,5.000000000000,35.000000000000,40.000000000000,False,coconut,coconut,1.000000000000,0.890000000000,coconut|apple|banana,coconut|pomegranate|papaya,False,1.000000000000,0.810000000000,0.110000000000,0
41,1716,papaya,K,absolute,5.000000000000,53.000000000000,58.000000000000,False,papaya,papaya,0.990000000000,0.990000000000,papaya|grapes|apple,papaya|grapes|apple,False,0.980000000000,0.980000000000,0.000000000000,0
42,1156,mango,K,absolute,5.000000000000,30.000000000000,35.000000000000,False,mango,mango,1.000000000000,1.000000000000,mango|apple|banana,mango|apple|banana,False,1.000000000000,1.000000000000,0.000000000000,0
43,185,maize,K,absolute,5.000000000000,15.000000000000,20.000000000000,False,maize,maize,0.970000000000,0.970000000000,maize|mothbeans|coffee,maize|mothbeans|coffee,False,0.950000000000,0.950000000000,0.000000000000,0
44,861,lentil,K,absolute,5.000000000000,19.000000000000,24.000000000000,False,lentil,lentil,0.980000000000,0.960000000000,lentil|blackgram|apple,lentil|blackgram|mothbeans,False,0.960000000000,0.930000000000,0.020000000000,0
45,2022,jute,K,absolute,5.000000000000,38.000000000000,43.000000000000,False,jute,jute,0.940000000000,0.950000000000,jute|rice|watermelon,jute|rice|watermelon,False,0.890000000000,0.910000000000,0.010000000000,0
46,1973,cotton,K,absolute,5.000000000000,15.000000000000,20.000000000000,False,cotton,cotton,0.960000000000,0.970000000000,cotton|maize|banana,cotton|banana|jute,False,0.940000000000,0.960000000000,0.010000000000,0
47,850,lentil,K,absolute,5.000000000000,25.000000000000,30.000000000000,False,lentil,lentil,0.900000000000,0.650000000000,lentil|mothbeans|blackgram,lentil|mango|mothbeans,False,0.840000000000,0.510000000000,0.250000000000,0
48,203,chickpea,K,absolute,5.000000000000,85.000000000000,90.000000000000,False,chickpea,chickpea,1.000000000000,1.000000000000,chickpea|apple|banana,chickpea|apple|banana,False,1.000000000000,1.000000000000,0.000000000000,0
49,696,mungbean,K,absolute,5.000000000000,19.000000000000,24.000000000000,False,mungbean,mungbean,1.000000000000,1.000000000000,mungbean|apple|banana,mungbean|apple|banana,False,1.000000000000,1.000000000000,0.000000000000,0
50,1737,papaya,K,absolute,5.000000000000,51.000000000000,56.000000000000,False,papaya,papaya,0.930000000000,0.930000000000,papaya|rice|apple,papaya|rice|apple,False,0.860000000000,0.860000000000,0.000000000000,0
51,961,pomegranate,K,absolute,5.000000000000,44.000000000000,49.000000000000,False,pomegranate,pomegranate,0.990000000000,0.870000000000,pomegranate|orange|apple,pomegranate|papaya|banana,False,0.980000000000,0.820000000000,0.120000000000,0
52,405,pigeonpeas,K,absolute,5.000000000000,25.000000000000,30.000000000000,False,pigeonpeas,pigeonpeas,0.920000000000,0.560000000000,pigeonpeas|mango|coconut,pigeonpeas|mango|coffee,False,0.850000000000,0.320000000000,0.360000000000,0
53,1392,watermelon,K,absolute,5.000000000000,54.000000000000,59.000000000000,False,watermelon,watermelon,1.000000000000,1.000000000000,watermelon|apple|banana,watermelon|apple|banana,False,1.000000000000,1.000000000000,0.000000000000,0
54,1158,mango,K,absolute,5.000000000000,32.000000000000,37.000000000000,False,mango,mango,0.980000000000,0.950000000000,mango|mothbeans|orange,mango|pomegranate|jute,False,0.970000000000,0.930000000000,0.030000000000,0
55,768,blackgram,K,absolute,5.000000000000,19.000000000000,24.000000000000,False,blackgram,blackgram,0.680000000000,0.650000000000,blackgram|mothbeans|lentil,blackgram|mothbeans|lentil,False,0.440000000000,0.390000000000,0.030000000000,0
56,1763,papaya,K,absolute,5.000000000000,52.000000000000,57.000000000000,False,papaya,papaya,0.990000000000,0.990000000000,papaya|banana|apple,papaya|banana|apple,False,0.980000000000,0.980000000000,0.000000000000,0
57,1798,papaya,K,absolute,5.000000000000,55.000000000000,60.000000000000,False,papaya,papaya,1.000000000000,1.000000000000,papaya|apple|banana,papaya|apple|banana,False,1.000000000000,1.000000000000,0.000000000000,0
58,2173,coffee,K,absolute,5.000000000000,28.000000000000,33.000000000000,False,coffee,coffee,0.980000000000,0.980000000000,coffee|coconut|apple,coffee|coconut|apple,False,0.960000000000,0.960000000000,0.000000000000,0
59,825,lentil,K,absolute,5.000000000000,22.000000000000,27.000000000000,False,lentil,lentil,0.990000000000,0.690000000000,lentil|blackgram|apple,lentil|mango|papaya,False,0.980000000000,0.510000000000,0.300000000000,0
60,813,lentil,K,absolute,5.000000000000,24.000000000000,29.000000000000,False,lentil,lentil,0.820000000000,0.580000000000,lentil|mothbeans|blackgram,lentil|mango|mothbeans,False,0.710000000000,0.370000000000,0.240000000000,0
61,539,mothbeans,K,absolute,5.000000000000,16.000000000000,21.000000000000,False,mothbeans,mothbeans,0.960000000000,0.970000000000,mothbeans|lentil|pigeonpeas,mothbeans|lentil|pigeonpeas,False,0.930000000000,0.950000000000,0.010000000000,0
62,2157,coffee,K,absolute,5.000000000000,30.000000000000,35.000000000000,False,coffee,coffee,1.000000000000,1.000000000000,coffee|apple|banana,coffee|apple|banana,False,1.000000000000,1.000000000000,0.000000000000,0
63,1032,banana,K,absolute,5.000000000000,45.000000000000,50.000000000000,False,banana,banana,0.970000000000,1.000000000000,banana|jute|apple,banana|apple|blackgram,False,0.940000000000,1.000000000000,0.030000000000,0
64,1707,papaya,K,absolute,5.000000000000,47.000000000000,52.000000000000,False,papaya,papaya,0.930000000000,0.940000000000,papaya|pomegranate|pigeonpeas,papaya|pomegranate|pigeonpeas,False,0.900000000000,0.910000000000,0.010000000000,0
65,54,rice,K,absolute,5.000000000000,36.000000000000,41.000000000000,False,rice,rice,0.980000000000,0.990000000000,rice|jute|apple,rice|jute|apple,False,0.960000000000,0.980000000000,0.010000000000,0
66,1630,orange,K,absolute,5.000000000000,14.000000000000,19.000000000000,False,orange,orange,0.980000000000,0.830000000000,orange|mango|pomegranate,orange|mango|mothbeans,False,0.970000000000,0.800000000000,0.150000000000,0
67,1818,coconut,K,absolute,5.000000000000,29.000000000000,34.000000000000,False,coconut,coconut,1.000000000000,1.000000000000,coconut|apple|banana,coconut|apple|banana,False,1.000000000000,1.000000000000,0.000000000000,0
69,920,pomegranate,K,absolute,5.000000000000,40.000000000000,45.000000000000,False,pomegranate,pomegranate,0.970000000000,0.940000000000,pomegranate|orange|apple,pomegranate|orange|watermelon,False,0.940000000000,0.910000000000,0.030000000000,0
70,1033,banana,K,absolute,5.000000000000,48.000000000000,53.000000000000,False,banana,banana,1.000000000000,1.000000000000,banana|apple|blackgram,banana|apple|blackgram,False,1.000000000000,1.000000000000,0.000000000000,0
71,1458,muskmelon,K,absolute,5.000000000000,47.000000000000,52.000000000000,False,muskmelon,muskmelon,1.000000000000,1.000000000000,muskmelon|apple|banana,muskmelon|apple|banana,False,1.000000000000,1.000000000000,0.000000000000,0
72,1369,watermelon,K,absolute,5.000000000000,46.000000000000,51.000000000000,False,watermelon,watermelon,1.000000000000,1.000000000000,watermelon|apple|banana,watermelon|apple|banana,False,1.000000000000,1.000000000000,0.000000000000,0
73,859,lentil,K,absolute,5.000000000000,17.000000000000,22.000000000000,False,lentil,lentil,1.000000000000,1.000000000000,lentil|apple|banana,lentil|apple|banana,False,1.000000000000,1.000000000000,0.000000000000,0
75,1854,coconut,K,absolute,5.000000000000,29.000000000000,34.000000000000,False,coconut,coconut,1.000000000000,0.990000000000,coconut|apple|banana,coconut|papaya|apple,False,1.000000000000,0.980000000000,0.010000000000,0
76,575,mothbeans,K,absolute,5.000000000000,20.000000000000,25.000000000000,False,mothbeans,mothbeans,0.900000000000,0.910000000000,mothbeans|lentil|mungbean,mothbeans|lentil|mungbean,False,0.820000000000,0.840000000000,0.010000000000,0
77,606,mungbean,K,absolute,5.000000000000,23.000000000000,28.000000000000,False,mungbean,mungbean,0.980000000000,0.740000000000,mungbean|blackgram|apple,mungbean|papaya|mango,False,0.960000000000,0.630000000000,0.240000000000,0
78,614,mungbean,K,absolute,5.000000000000,21.000000000000,26.000000000000,False,mungbean,mungbean,0.970000000000,0.730000000000,mungbean|mothbeans|orange,mungbean|mango|papaya,False,0.950000000000,0.640000000000,0.240000000000,0
80,2182,coffee,K,absolute,5.000000000000,33.000000000000,38.000000000000,False,coffee,coffee,0.990000000000,0.860000000000,coffee|coconut|apple,coffee|jute|coconut,False,0.980000000000,0.740000000000,0.130000000000,0
82,1473,muskmelon,K,absolute,5.000000000000,55.000000000000,60.000000000000,False,muskmelon,muskmelon,1.000000000000,1.000000000000,muskmelon|apple|banana,muskmelon|apple|banana,False,1.000000000000,1.000000000000,0.000000000000,0
83,303,kidneybeans,K,absolute,5.000000000000,16.000000000000,21.000000000000,False,kidneybeans,kidneybeans,0.950000000000,0.940000000000,kidneybeans|chickpea|pigeonpeas,kidneybeans|chickpea|pigeonpeas,False,0.910000000000,0.900000000000,0.010000000000,0
85,937,pomegranate,K,absolute,5.000000000000,41.000000000000,46.000000000000,False,pomegranate,pomegranate,0.910000000000,0.830000000000,pomegranate|papaya|orange,pomegranate|papaya|orange,False,0.870000000000,0.720000000000,0.080000000000,0
86,1697,orange,K,absolute,5.000000000000,7.000000000000,12.000000000000,False,orange,orange,0.980000000000,0.980000000000,orange|mango|pomegranate,orange|mango|pomegranate,False,0.970000000000,0.970000000000,0.000000000000,0
87,1987,cotton,K,absolute,5.000000000000,25.000000000000,30.000000000000,False,cotton,cotton,1.000000000000,0.720000000000,cotton|apple|banana,cotton|jute|coffee,False,1.000000000000,0.630000000000,0.280000000000,0
88,1851,coconut,K,absolute,5.000000000000,29.000000000000,34.000000000000,False,coconut,coconut,0.990000000000,1.000000000000,coconut|coffee|apple,coconut|apple|banana,False,0.980000000000,1.000000000000,0.010000000000,0
91,613,mungbean,K,absolute,5.000000000000,16.000000000000,21.000000000000,False,mungbean,mungbean,1.000000000000,1.000000000000,mungbean|apple|banana,mungbean|apple|banana,False,1.000000000000,1.000000000000,0.000000000000,0
93,1960,cotton,K,absolute,5.000000000000,17.000000000000,22.000000000000,False,cotton,cotton,1.000000000000,0.990000000000,cotton|apple|banana,cotton|maize|apple,False,1.000000000000,0.980000000000,0.010000000000,0
95,1225,grapes,K,absolute,5.000000000000,205.000000000000,205.000000000000,True,grapes,grapes,1.000000000000,1.000000000000,grapes|apple|banana,grapes|apple|banana,False,1.000000000000,1.000000000000,0.000000000000,0
96,1988,cotton,K,absolute,5.000000000000,21.000000000000,26.000000000000,False,cotton,cotton,1.000000000000,0.750000000000,cotton|apple|banana,cotton|jute|coffee,False,1.000000000000,0.660000000000,0.250000000000,0
97,227,chickpea,K,absolute,5.000000000000,84.000000000000,89.000000000000,False,chickpea,chickpea,0.940000000000,0.940000000000,chickpea|kidneybeans|coffee,chickpea|kidneybeans|coffee,False,0.910000000000,0.910000000000,0.000000000000,0
100,1499,muskmelon,K,absolute,5.000000000000,54.000000000000,59.000000000000,False,muskmelon,muskmelon,1.000000000000,1.000000000000,muskmelon|apple|banana,muskmelon|apple|banana,False,1.000000000000,1.000000000000,0.000000000000,0
101,989,pomegranate,K,absolute,5.000000000000,39.000000000000,44.000000000000,False,pomegranate,pomegranate,0.990000000000,0.990000000000,pomegranate|orange|apple,pomegranate|orange|apple,False,0.980000000000,0.980000000000,0.000000000000,0
103,497,pigeonpeas,K,absolute,5.000000000000,22.000000000000,27.000000000000,False,pigeonpeas,pigeonpeas,0.980000000000,0.530000000000,pigeonpeas|blackgram|papaya,pigeonpeas|mango|coffee,False,0.970000000000,0.250000000000,0.450000000000,0
104,472,pigeonpeas,K,absolute,5.000000000000,20.000000000000,25.000000000000,False,pigeonpeas,pigeonpeas,0.940000000000,0.900000000000,pigeonpeas|lentil|mothbeans,pigeonpeas|coconut|lentil,False,0.900000000000,0.870000000000,0.040000000000,0
106,323,kidneybeans,K,absolute,5.000000000000,22.000000000000,27.000000000000,False,kidneybeans,kidneybeans,0.990000000000,0.830000000000,kidneybeans|chickpea|apple,kidneybeans|chickpea|coffee,False,0.980000000000,0.740000000000,0.160000000000,0
108,44,rice,K,absolute,5.000000000000,45.000000000000,50.000000000000,False,rice,rice,0.900000000000,0.590000000000,rice|jute|papaya,rice|papaya|banana,False,0.830000000000,0.310000000000,0.310000000000,0
109,84,rice,K,absolute,5.000000000000,39.000000000000,44.000000000000,False,rice,rice,1.000000000000,1.000000000000,rice|apple|banana,rice|apple|banana,False,1.000000000000,1.000000000000,0.000000000000,0
110,1551,apple,K,absolute,5.000000000000,202.000000000000,205.000000000000,True,apple,apple,1.000000000000,1.000000000000,apple|banana|blackgram,apple|banana|blackgram,False,1.000000000000,1.000000000000,0.000000000000,0
111,647,mungbean,K,absolute,5.000000000000,15.000000000000,20.000000000000,False,mungbean,mungbean,1.000000000000,1.000000000000,mungbean|apple|banana,mungbean|apple|banana,False,1.000000000000,1.000000000000,0.000000000000,0
115,1456,muskmelon,K,absolute,5.000000000000,47.000000000000,52.000000000000,False,muskmelon,muskmelon,1.000000000000,1.000000000000,muskmelon|apple|banana,muskmelon|apple|banana,False,1.000000000000,1.000000000000,0.000000000000,0
121,250,chickpea,K,absolute,5.000000000000,79.000000000000,84.000000000000,False,chickpea,chickpea,1.000000000000,1.000000000000,chickpea|apple|banana,chickpea|apple|banana,False,1.000000000000,1.000000000000,0.000000000000,0
122,199,maize,K,absolute,5.000000000000,19.000000000000,24.000000000000,False,maize,maize,0.940000000000,0.940000000000,maize|coffee|blackgram,maize|coffee|blackgram,False,0.920000000000,0.920000000000,0.000000000000,0
124,110,maize,K,absolute,5.000000000000,19.000000000000,24.000000000000,False,maize,maize,0.970000000000,0.950000000000,maize|cotton|mungbean,maize|cotton|mungbean,False,0.960000000000,0.930000000000,0.020000000000,0
128,1859,coconut,K,absolute,5.000000000000,32.000000000000,37.000000000000,False,coconut,coconut,1.000000000000,0.890000000000,coconut|apple|banana,coconut|pomegranate|papaya,False,1.000000000000,0.800000000000,0.110000000000,0
131,226,chickpea,K,absolute,5.000000000000,80.000000000000,85.000000000000,False,chickpea,chickpea,0.920000000000,0.920000000000,chickpea|kidneybeans|apple,chickpea|kidneybeans|apple,False,0.840000000000,0.840000000000,0.000000000000,0
136,1552,apple,K,absolute,5.000000000000,198.000000000000,203.000000000000,False,apple,apple,1.000000000000,1.000000000000,apple|banana|blackgram,apple|banana|blackgram,False,1.000000000000,1.000000000000,0.000000000000,0
148,461,pigeonpeas,K,absolute,5.000000000000,23.000000000000,28.000000000000,False,pigeonpeas,pigeonpeas,0.990000000000,0.560000000000,pigeonpeas|lentil|apple,pigeonpeas|mango|coffee,False,0.980000000000,0.320000000000,0.430000000000,0
156,474,pigeonpeas,K,absolute,5.000000000000,24.000000000000,29.000000000000,False,pigeonpeas,pigeonpeas,0.970000000000,0.590000000000,pigeonpeas|coffee|kidneybeans,pigeonpeas|mango|coffee,False,0.960000000000,0.440000000000,0.380000000000,0
157,1419,muskmelon,K,absolute,5.000000000000,48.000000000000,53.000000000000,False,muskmelon,muskmelon,1.000000000000,1.000000000000,muskmelon|apple|banana,muskmelon|apple|banana,False,1.000000000000,1.000000000000,0.000000000000,0
164,305,kidneybeans,K,absolute,5.000000000000,22.000000000000,27.000000000000,False,kidneybeans,kidneybeans,0.990000000000,0.830000000000,kidneybeans|pigeonpeas|apple,kidneybeans|chickpea|coffee,False,0.980000000000,0.750000000000,0.160000000000,0
189,361,kidneybeans,K,absolute,5.000000000000,22.000000000000,27.000000000000,False,kidneybeans,kidneybeans,1.000000000000,0.840000000000,kidneybeans|apple|banana,kidneybeans|chickpea|mango,False,1.000000000000,0.750000000000,0.160000000000,0
0,1609,orange,K,absolute,10.000000000000,6.000000000000,16.000000000000,False,orange,orange,0.970000000000,0.860000000000,orange|pomegranate|apple,orange|pomegranate|pigeonpeas,False,0.940000000000,0.760000000000,0.110000000000,0
1,1072,banana,K,absolute,10.000000000000,50.000000000000,60.000000000000,False,banana,banana,0.930000000000,0.930000000000,banana|papaya|cotton,banana|papaya|cotton,False,0.890000000000,0.890000000000,0.000000000000,0
2,1912,cotton,K,absolute,10.000000000000,15.000000000000,25.000000000000,False,cotton,cotton,1.000000000000,0.990000000000,cotton|apple|banana,cotton|coffee|apple,False,1.000000000000,0.980000000000,0.010000000000,0
3,100,maize,K,absolute,10.000000000000,16.000000000000,26.000000000000,False,maize,maize,0.990000000000,0.700000000000,maize|mothbeans|apple,maize|coffee|mango,False,0.980000000000,0.520000000000,0.290000000000,0
4,1645,orange,K,absolute,10.000000000000,6.000000000000,16.000000000000,False,orange,orange,0.990000000000,0.890000000000,orange|pomegranate|apple,orange|pomegranate|coconut,False,0.980000000000,0.830000000000,0.100000000000,0
5,221,chickpea,K,absolute,10.000000000000,77.000000000000,87.000000000000,False,chickpea,chickpea,1.000000000000,1.000000000000,chickpea|apple|banana,chickpea|apple|banana,False,1.000000000000,1.000000000000,0.000000000000,0
6,28,rice,K,absolute,10.000000000000,44.000000000000,54.000000000000,False,rice,rice,0.990000000000,0.620000000000,rice|jute|apple,rice|papaya|jute,False,0.980000000000,0.360000000000,0.370000000000,0
7,701,blackgram,K,absolute,10.000000000000,21.000000000000,31.000000000000,False,blackgram,blackgram,0.970000000000,0.660000000000,blackgram|lentil|apple,blackgram|mango|papaya,False,0.940000000000,0.470000000000,0.310000000000,0
8,1097,banana,K,absolute,10.000000000000,54.000000000000,64.000000000000,False,banana,banana,1.000000000000,1.000000000000,banana|apple|blackgram,banana|apple|blackgram,False,1.000000000000,1.000000000000,0.000000000000,0
9,1638,orange,K,absolute,10.000000000000,5.000000000000,15.000000000000,False,orange,orange,1.000000000000,0.980000000000,orange|apple|banana,orange|pomegranate|apple,False,1.000000000000,0.960000000000,0.020000000000,0
10,1391,watermelon,K,absolute,10.000000000000,53.000000000000,63.000000000000,False,watermelon,watermelon,1.000000000000,1.000000000000,watermelon|apple|banana,watermelon|apple|banana,False,1.000000000000,1.000000000000,0.000000000000,0
11,901,pomegranate,K,absolute,10.000000000000,37.000000000000,47.000000000000,False,pomegranate,pomegranate,1.000000000000,0.910000000000,pomegranate|apple|banana,pomegranate|papaya|banana,False,1.000000000000,0.860000000000,0.090000000000,0
12,1386,watermelon,K,absolute,10.000000000000,48.000000000000,58.000000000000,False,watermelon,watermelon,1.000000000000,1.000000000000,watermelon|apple|banana,watermelon|apple|banana,False,1.000000000000,1.000000000000,0.000000000000,0
13,171,maize,K,absolute,10.000000000000,20.000000000000,30.000000000000,False,maize,maize,1.000000000000,0.570000000000,maize|apple|banana,maize|coffee|mango,False,1.000000000000,0.290000000000,0.430000000000,0
14,544,mothbeans,K,absolute,10.000000000000,18.000000000000,28.000000000000,False,mothbeans,mothbeans,0.810000000000,0.420000000000,mothbeans|blackgram|pigeonpeas,mothbeans|mango|coffee,False,0.740000000000,0.080000000000,0.390000000000,0
15,1264,grapes,K,absolute,10.000000000000,195.000000000000,205.000000000000,False,grapes,grapes,1.000000000000,1.000000000000,grapes|apple|banana,grapes|apple|banana,False,1.000000000000,1.000000000000,0.000000000000,0
16,1220,grapes,K,absolute,10.000000000000,201.000000000000,205.000000000000,True,grapes,grapes,1.000000000000,0.980000000000,grapes|apple|banana,grapes|apple|banana,False,1.000000000000,0.960000000000,0.020000000000,0
17,1154,mango,K,absolute,10.000000000000,26.000000000000,36.000000000000,False,mango,mango,1.000000000000,0.960000000000,mango|apple|banana,mango|pomegranate|jute,False,1.000000000000,0.940000000000,0.040000000000,0
18,1131,mango,K,absolute,10.000000000000,34.000000000000,44.000000000000,False,mango,mango,0.980000000000,0.870000000000,mango|mothbeans|papaya,mango|papaya|pomegranate,False,0.970000000000,0.780000000000,0.110000000000,0
19,1514,apple,K,absolute,10.000000000000,200.000000000000,205.000000000000,True,apple,apple,1.000000000000,1.000000000000,apple|banana|blackgram,apple|banana|blackgram,False,1.000000000000,1.000000000000,0.000000000000,0
20,795,blackgram,K,absolute,10.000000000000,16.000000000000,26.000000000000,False,blackgram,blackgram,0.990000000000,0.670000000000,blackgram|lentil|apple,blackgram|mango|papaya,False,0.980000000000,0.460000000000,0.320000000000,0
21,1502,apple,K,absolute,10.000000000000,205.000000000000,205.000000000000,True,apple,apple,1.000000000000,1.000000000000,apple|banana|blackgram,apple|banana|blackgram,False,1.000000000000,1.000000000000,0.000000000000,0
22,585,mothbeans,K,absolute,10.000000000000,23.000000000000,33.000000000000,False,mothbeans,mothbeans,0.790000000000,0.460000000000,mothbeans|lentil|blackgram,mothbeans|mango|lentil,False,0.610000000000,0.130000000000,0.330000000000,0
23,387,kidneybeans,K,absolute,10.000000000000,19.000000000000,29.000000000000,False,kidneybeans,kidneybeans,0.990000000000,0.840000000000,kidneybeans|pigeonpeas|apple,kidneybeans|chickpea|coffee,False,0.980000000000,0.750000000000,0.150000000000,0
24,1591,apple,K,absolute,10.000000000000,195.000000000000,205.000000000000,False,apple,apple,0.980000000000,0.990000000000,apple|grapes|banana,apple|grapes|banana,False,0.960000000000,0.980000000000,0.010000000000,0
25,2003,jute,K,absolute,10.000000000000,39.000000000000,49.000000000000,False,jute,jute,0.980000000000,0.520000000000,jute|rice|watermelon,jute|papaya|banana,False,0.970000000000,0.220000000000,0.460000000000,0
26,505,mothbeans,K,absolute,10.000000000000,22.000000000000,32.000000000000,False,mothbeans,mango,0.890000000000,0.480000000000,mothbeans|blackgram|pigeonpeas,mango|mothbeans|blackgram,True,0.840000000000,0.040000000000,0.410000000000,1
27,1342,watermelon,K,absolute,10.000000000000,53.000000000000,63.000000000000,False,watermelon,watermelon,1.000000000000,1.000000000000,watermelon|apple|banana,watermelon|apple|banana,False,1.000000000000,1.000000000000,0.000000000000,0
28,0,rice,K,absolute,10.000000000000,43.000000000000,53.000000000000,False,rice,rice,0.900000000000,0.550000000000,rice|jute|apple,rice|papaya|jute,False,0.800000000000,0.350000000000,0.350000000000,0
29,2106,coffee,K,absolute,10.000000000000,27.000000000000,37.000000000000,False,coffee,coffee,1.000000000000,0.850000000000,coffee|apple|banana,coffee|jute|rice,False,1.000000000000,0.740000000000,0.150000000000,0
30,1102,mango,K,absolute,10.000000000000,27.000000000000,37.000000000000,False,mango,mango,0.920000000000,0.890000000000,mango|coconut|coffee,mango|pomegranate|coffee,False,0.900000000000,0.860000000000,0.030000000000,0
31,2086,jute,K,absolute,10.000000000000,36.000000000000,46.000000000000,False,jute,jute,0.930000000000,0.710000000000,jute|rice|banana,jute|papaya|banana,False,0.870000000000,0.550000000000,0.220000000000,0
32,1036,banana,K,absolute,10.000000000000,49.000000000000,59.000000000000,False,banana,banana,1.000000000000,1.000000000000,banana|apple|blackgram,banana|apple|blackgram,False,1.000000000000,1.000000000000,0.000000000000,0
33,2167,coffee,K,absolute,10.000000000000,33.000000000000,43.000000000000,False,coffee,coffee,1.000000000000,0.840000000000,coffee|apple|banana,coffee|jute|watermelon,False,1.000000000000,0.730000000000,0.160000000000,0
34,2050,jute,K,absolute,10.000000000000,44.000000000000,54.000000000000,False,jute,jute,0.990000000000,0.610000000000,jute|rice|apple,jute|papaya|banana,False,0.980000000000,0.360000000000,0.380000000000,0
35,737,blackgram,K,absolute,10.000000000000,17.000000000000,27.000000000000,False,blackgram,blackgram,0.910000000000,0.580000000000,blackgram|maize|lentil,blackgram|mango|coffee,False,0.830000000000,0.390000000000,0.330000000000,0
36,1298,grapes,K,absolute,10.000000000000,195.000000000000,205.000000000000,False,grapes,grapes,1.000000000000,0.980000000000,grapes|apple|banana,grapes|apple|banana,False,1.000000000000,0.960000000000,0.020000000000,0
37,1200,grapes,K,absolute,10.000000000000,195.000000000000,205.000000000000,False,grapes,grapes,1.000000000000,0.980000000000,grapes|apple|banana,grapes|apple|banana,False,1.000000000000,0.960000000000,0.020000000000,0
38,731,blackgram,K,absolute,10.000000000000,21.000000000000,31.000000000000,False,blackgram,blackgram,0.990000000000,0.660000000000,blackgram|mothbeans|apple,blackgram|mango|papaya,False,0.980000000000,0.440000000000,0.330000000000,0
39,2042,jute,K,absolute,10.000000000000,45.000000000000,55.000000000000,False,jute,jute,0.930000000000,0.590000000000,jute|rice|papaya,jute|papaya|banana,False,0.890000000000,0.320000000000,0.340000000000,0
40,1829,coconut,K,absolute,10.000000000000,35.000000000000,45.000000000000,False,coconut,coconut,1.000000000000,0.670000000000,coconut|apple|banana,coconut|papaya|pomegranate,False,1.000000000000,0.490000000000,0.330000000000,0
41,1716,papaya,K,absolute,10.000000000000,53.000000000000,63.000000000000,False,papaya,papaya,0.990000000000,0.990000000000,papaya|grapes|apple,papaya|grapes|apple,False,0.980000000000,0.980000000000,0.000000000000,0
42,1156,mango,K,absolute,10.000000000000,30.000000000000,40.000000000000,False,mango,mango,1.000000000000,0.970000000000,mango|apple|banana,mango|jute|papaya,False,1.000000000000,0.960000000000,0.030000000000,0
43,185,maize,K,absolute,10.000000000000,15.000000000000,25.000000000000,False,maize,maize,0.970000000000,0.870000000000,maize|mothbeans|coffee,maize|coffee|mothbeans,False,0.950000000000,0.760000000000,0.100000000000,0
44,861,lentil,K,absolute,10.000000000000,19.000000000000,29.000000000000,False,lentil,lentil,0.980000000000,0.710000000000,lentil|blackgram|apple,lentil|mango|papaya,False,0.960000000000,0.600000000000,0.270000000000,0
45,2022,jute,K,absolute,10.000000000000,38.000000000000,48.000000000000,False,jute,jute,0.940000000000,0.630000000000,jute|rice|watermelon,jute|papaya|banana,False,0.890000000000,0.390000000000,0.310000000000,0
46,1973,cotton,K,absolute,10.000000000000,15.000000000000,25.000000000000,False,cotton,cotton,0.960000000000,0.970000000000,cotton|maize|banana,cotton|banana|coffee,False,0.940000000000,0.960000000000,0.010000000000,0
47,850,lentil,K,absolute,10.000000000000,25.000000000000,35.000000000000,False,lentil,lentil,0.900000000000,0.600000000000,lentil|mothbeans|blackgram,lentil|mango|mothbeans,False,0.840000000000,0.450000000000,0.300000000000,0
48,203,chickpea,K,absolute,10.000000000000,85.000000000000,95.000000000000,False,chickpea,chickpea,1.000000000000,1.000000000000,chickpea|apple|banana,chickpea|apple|banana,False,1.000000000000,1.000000000000,0.000000000000,0
49,696,mungbean,K,absolute,10.000000000000,19.000000000000,29.000000000000,False,mungbean,mungbean,1.000000000000,0.760000000000,mungbean|apple|banana,mungbean|papaya|mango,False,1.000000000000,0.660000000000,0.240000000000,0
50,1737,papaya,K,absolute,10.000000000000,51.000000000000,61.000000000000,False,papaya,papaya,0.930000000000,0.930000000000,papaya|rice|apple,papaya|rice|apple,False,0.860000000000,0.860000000000,0.000000000000,0
51,961,pomegranate,K,absolute,10.000000000000,44.000000000000,54.000000000000,False,pomegranate,pomegranate,0.990000000000,0.870000000000,pomegranate|orange|apple,pomegranate|papaya|banana,False,0.980000000000,0.820000000000,0.120000000000,0
52,405,pigeonpeas,K,absolute,10.000000000000,25.000000000000,35.000000000000,False,pigeonpeas,pigeonpeas,0.920000000000,0.500000000000,pigeonpeas|mango|coconut,pigeonpeas|mango|coffee,False,0.850000000000,0.260000000000,0.420000000000,0
53,1392,watermelon,K,absolute,10.000000000000,54.000000000000,64.000000000000,False,watermelon,watermelon,1.000000000000,1.000000000000,watermelon|apple|banana,watermelon|apple|banana,False,1.000000000000,1.000000000000,0.000000000000,0
54,1158,mango,K,absolute,10.000000000000,32.000000000000,42.000000000000,False,mango,mango,0.980000000000,0.880000000000,mango|mothbeans|orange,mango|papaya|pomegranate,False,0.970000000000,0.800000000000,0.100000000000,0
55,768,blackgram,K,absolute,10.000000000000,19.000000000000,29.000000000000,False,blackgram,blackgram,0.680000000000,0.410000000000,blackgram|mothbeans|lentil,blackgram|mango|mothbeans,False,0.440000000000,0.150000000000,0.270000000000,0
56,1763,papaya,K,absolute,10.000000000000,52.000000000000,62.000000000000,False,papaya,papaya,0.990000000000,0.990000000000,papaya|banana|apple,papaya|banana|apple,False,0.980000000000,0.980000000000,0.000000000000,0
57,1798,papaya,K,absolute,10.000000000000,55.000000000000,65.000000000000,False,papaya,papaya,1.000000000000,1.000000000000,papaya|apple|banana,papaya|apple|banana,False,1.000000000000,1.000000000000,0.000000000000,0
58,2173,coffee,K,absolute,10.000000000000,28.000000000000,38.000000000000,False,coffee,coffee,0.980000000000,0.850000000000,coffee|coconut|apple,coffee|jute|coconut,False,0.960000000000,0.730000000000,0.130000000000,0
59,825,lentil,K,absolute,10.000000000000,22.000000000000,32.000000000000,False,lentil,lentil,0.990000000000,0.690000000000,lentil|blackgram|apple,lentil|mango|papaya,False,0.980000000000,0.510000000000,0.300000000000,0
60,813,lentil,K,absolute,10.000000000000,24.000000000000,34.000000000000,False,lentil,lentil,0.820000000000,0.580000000000,lentil|mothbeans|blackgram,lentil|mango|mothbeans,False,0.710000000000,0.370000000000,0.240000000000,0
61,539,mothbeans,K,absolute,10.000000000000,16.000000000000,26.000000000000,False,mothbeans,mothbeans,0.960000000000,0.660000000000,mothbeans|lentil|pigeonpeas,mothbeans|mango|chickpea,False,0.930000000000,0.390000000000,0.300000000000,0
62,2157,coffee,K,absolute,10.000000000000,30.000000000000,40.000000000000,False,coffee,coffee,1.000000000000,0.860000000000,coffee|apple|banana,coffee|jute|pomegranate,False,1.000000000000,0.740000000000,0.140000000000,0
63,1032,banana,K,absolute,10.000000000000,45.000000000000,55.000000000000,False,banana,banana,0.970000000000,1.000000000000,banana|jute|apple,banana|apple|blackgram,False,0.940000000000,1.000000000000,0.030000000000,0
64,1707,papaya,K,absolute,10.000000000000,47.000000000000,57.000000000000,False,papaya,papaya,0.930000000000,0.940000000000,papaya|pomegranate|pigeonpeas,papaya|pomegranate|pigeonpeas,False,0.900000000000,0.910000000000,0.010000000000,0
65,54,rice,K,absolute,10.000000000000,36.000000000000,46.000000000000,False,rice,rice,0.980000000000,0.790000000000,rice|jute|apple,rice|banana|papaya,False,0.960000000000,0.660000000000,0.190000000000,0
66,1630,orange,K,absolute,10.000000000000,14.000000000000,24.000000000000,False,orange,orange,0.980000000000,0.600000000000,orange|mango|pomegranate,orange|coconut|mango,False,0.970000000000,0.420000000000,0.380000000000,0
67,1818,coconut,K,absolute,10.000000000000,29.000000000000,39.000000000000,False,coconut,coconut,1.000000000000,0.890000000000,coconut|apple|banana,coconut|pomegranate|papaya,False,1.000000000000,0.810000000000,0.110000000000,0
69,920,pomegranate,K,absolute,10.000000000000,40.000000000000,50.000000000000,False,pomegranate,pomegranate,0.970000000000,0.840000000000,pomegranate|orange|apple,pomegranate|papaya|banana,False,0.940000000000,0.770000000000,0.130000000000,0
70,1033,banana,K,absolute,10.000000000000,48.000000000000,58.000000000000,False,banana,banana,1.000000000000,1.000000000000,banana|apple|blackgram,banana|apple|blackgram,False,1.000000000000,1.000000000000,0.000000000000,0
71,1458,muskmelon,K,absolute,10.000000000000,47.000000000000,57.000000000000,False,muskmelon,muskmelon,1.000000000000,1.000000000000,muskmelon|apple|banana,muskmelon|apple|banana,False,1.000000000000,1.000000000000,0.000000000000,0
72,1369,watermelon,K,absolute,10.000000000000,46.000000000000,56.000000000000,False,watermelon,watermelon,1.000000000000,1.000000000000,watermelon|apple|banana,watermelon|apple|banana,False,1.000000000000,1.000000000000,0.000000000000,0
73,859,lentil,K,absolute,10.000000000000,17.000000000000,27.000000000000,False,lentil,lentil,1.000000000000,0.710000000000,lentil|apple|banana,lentil|mango|papaya,False,1.000000000000,0.560000000000,0.290000000000,0
75,1854,coconut,K,absolute,10.000000000000,29.000000000000,39.000000000000,False,coconut,coconut,1.000000000000,0.830000000000,coconut|apple|banana,coconut|pomegranate|papaya,False,1.000000000000,0.710000000000,0.170000000000,0
76,575,mothbeans,K,absolute,10.000000000000,20.000000000000,30.000000000000,False,mothbeans,mothbeans,0.900000000000,0.600000000000,mothbeans|lentil|mungbean,mothbeans|mango|lentil,False,0.820000000000,0.320000000000,0.300000000000,0
77,606,mungbean,K,absolute,10.000000000000,23.000000000000,33.000000000000,False,mungbean,mungbean,0.980000000000,0.700000000000,mungbean|blackgram|apple,mungbean|papaya|jute,False,0.960000000000,0.590000000000,0.280000000000,0
78,614,mungbean,K,absolute,10.000000000000,21.000000000000,31.000000000000,False,mungbean,mungbean,0.970000000000,0.670000000000,mungbean|mothbeans|orange,mungbean|mango|papaya,False,0.950000000000,0.580000000000,0.300000000000,0
80,2182,coffee,K,absolute,10.000000000000,33.000000000000,43.000000000000,False,coffee,coffee,0.990000000000,0.820000000000,coffee|coconut|apple,coffee|jute|watermelon,False,0.980000000000,0.690000000000,0.170000000000,0
82,1473,muskmelon,K,absolute,10.000000000000,55.000000000000,65.000000000000,False,muskmelon,muskmelon,1.000000000000,1.000000000000,muskmelon|apple|banana,muskmelon|apple|banana,False,1.000000000000,1.000000000000,0.000000000000,0
83,303,kidneybeans,K,absolute,10.000000000000,16.000000000000,26.000000000000,False,kidneybeans,kidneybeans,0.950000000000,0.790000000000,kidneybeans|chickpea|pigeonpeas,kidneybeans|chickpea|coffee,False,0.910000000000,0.670000000000,0.160000000000,0
85,937,pomegranate,K,absolute,10.000000000000,41.000000000000,51.000000000000,False,pomegranate,pomegranate,0.910000000000,0.740000000000,pomegranate|papaya|orange,pomegranate|papaya|orange,False,0.870000000000,0.540000000000,0.170000000000,0
86,1697,orange,K,absolute,10.000000000000,7.000000000000,17.000000000000,False,orange,orange,0.980000000000,0.870000000000,orange|mango|pomegranate,orange|mungbean|pigeonpeas,False,0.970000000000,0.840000000000,0.110000000000,0
87,1987,cotton,K,absolute,10.000000000000,25.000000000000,35.000000000000,False,cotton,cotton,1.000000000000,0.470000000000,cotton|apple|banana,cotton|jute|banana,False,1.000000000000,0.190000000000,0.530000000000,0
88,1851,coconut,K,absolute,10.000000000000,29.000000000000,39.000000000000,False,coconut,coconut,0.990000000000,0.870000000000,coconut|coffee|apple,coconut|pomegranate|papaya,False,0.980000000000,0.770000000000,0.120000000000,0
91,613,mungbean,K,absolute,10.000000000000,16.000000000000,26.000000000000,False,mungbean,mungbean,1.000000000000,0.760000000000,mungbean|apple|banana,mungbean|papaya|mango,False,1.000000000000,0.650000000000,0.240000000000,0
93,1960,cotton,K,absolute,10.000000000000,17.000000000000,27.000000000000,False,cotton,cotton,1.000000000000,0.730000000000,cotton|apple|banana,cotton|jute|coffee,False,1.000000000000,0.630000000000,0.270000000000,0
95,1225,grapes,K,absolute,10.000000000000,205.000000000000,205.000000000000,True,grapes,grapes,1.000000000000,1.000000000000,grapes|apple|banana,grapes|apple|banana,False,1.000000000000,1.000000000000,0.000000000000,0
96,1988,cotton,K,absolute,10.000000000000,21.000000000000,31.000000000000,False,cotton,cotton,1.000000000000,0.570000000000,cotton|apple|banana,cotton|jute|rice,False,1.000000000000,0.450000000000,0.430000000000,0
97,227,chickpea,K,absolute,10.000000000000,84.000000000000,94.000000000000,False,chickpea,chickpea,0.940000000000,0.940000000000,chickpea|kidneybeans|coffee,chickpea|kidneybeans|coffee,False,0.910000000000,0.910000000000,0.000000000000,0
100,1499,muskmelon,K,absolute,10.000000000000,54.000000000000,64.000000000000,False,muskmelon,muskmelon,1.000000000000,1.000000000000,muskmelon|apple|banana,muskmelon|apple|banana,False,1.000000000000,1.000000000000,0.000000000000,0
101,989,pomegranate,K,absolute,10.000000000000,39.000000000000,49.000000000000,False,pomegranate,pomegranate,0.990000000000,0.870000000000,pomegranate|orange|apple,pomegranate|papaya|watermelon,False,0.980000000000,0.770000000000,0.120000000000,0
103,497,pigeonpeas,K,absolute,10.000000000000,22.000000000000,32.000000000000,False,pigeonpeas,pigeonpeas,0.980000000000,0.500000000000,pigeonpeas|blackgram|papaya,pigeonpeas|mango|coffee,False,0.970000000000,0.220000000000,0.480000000000,0
104,472,pigeonpeas,K,absolute,10.000000000000,20.000000000000,30.000000000000,False,pigeonpeas,pigeonpeas,0.940000000000,0.590000000000,pigeonpeas|lentil|mothbeans,pigeonpeas|mango|coffee,False,0.900000000000,0.470000000000,0.350000000000,0
106,323,kidneybeans,K,absolute,10.000000000000,22.000000000000,32.000000000000,False,kidneybeans,kidneybeans,0.990000000000,0.820000000000,kidneybeans|chickpea|apple,kidneybeans|chickpea|coffee,False,0.980000000000,0.730000000000,0.170000000000,0
108,44,rice,K,absolute,10.000000000000,45.000000000000,55.000000000000,False,rice,rice,0.900000000000,0.590000000000,rice|jute|papaya,rice|papaya|banana,False,0.830000000000,0.310000000000,0.310000000000,0
109,84,rice,K,absolute,10.000000000000,39.000000000000,49.000000000000,False,rice,rice,1.000000000000,0.640000000000,rice|apple|banana,rice|papaya|banana,False,1.000000000000,0.400000000000,0.360000000000,0
110,1551,apple,K,absolute,10.000000000000,202.000000000000,205.000000000000,True,apple,apple,1.000000000000,1.000000000000,apple|banana|blackgram,apple|banana|blackgram,False,1.000000000000,1.000000000000,0.000000000000,0
111,647,mungbean,K,absolute,10.000000000000,15.000000000000,25.000000000000,False,mungbean,mungbean,1.000000000000,1.000000000000,mungbean|apple|banana,mungbean|apple|banana,False,1.000000000000,1.000000000000,0.000000000000,0
115,1456,muskmelon,K,absolute,10.000000000000,47.000000000000,57.000000000000,False,muskmelon,muskmelon,1.000000000000,1.000000000000,muskmelon|apple|banana,muskmelon|apple|banana,False,1.000000000000,1.000000000000,0.000000000000,0
121,250,chickpea,K,absolute,10.000000000000,79.000000000000,89.000000000000,False,chickpea,chickpea,1.000000000000,1.000000000000,chickpea|apple|banana,chickpea|apple|banana,False,1.000000000000,1.000000000000,0.000000000000,0
122,199,maize,K,absolute,10.000000000000,19.000000000000,29.000000000000,False,maize,maize,0.940000000000,0.580000000000,maize|coffee|blackgram,maize|jute|coffee,False,0.920000000000,0.420000000000,0.360000000000,0
124,110,maize,K,absolute,10.000000000000,19.000000000000,29.000000000000,False,maize,maize,0.970000000000,0.630000000000,maize|cotton|mungbean,maize|coffee|rice,False,0.960000000000,0.520000000000,0.340000000000,0
128,1859,coconut,K,absolute,10.000000000000,32.000000000000,42.000000000000,False,coconut,coconut,1.000000000000,0.740000000000,coconut|apple|banana,coconut|papaya|pomegranate,False,1.000000000000,0.580000000000,0.260000000000,0
131,226,chickpea,K,absolute,10.000000000000,80.000000000000,90.000000000000,False,chickpea,chickpea,0.920000000000,0.920000000000,chickpea|kidneybeans|apple,chickpea|kidneybeans|apple,False,0.840000000000,0.840000000000,0.000000000000,0
136,1552,apple,K,absolute,10.000000000000,198.000000000000,205.000000000000,True,apple,apple,1.000000000000,1.000000000000,apple|banana|blackgram,apple|banana|blackgram,False,1.000000000000,1.000000000000,0.000000000000,0
148,461,pigeonpeas,K,absolute,10.000000000000,23.000000000000,33.000000000000,False,pigeonpeas,pigeonpeas,0.990000000000,0.540000000000,pigeonpeas|lentil|apple,pigeonpeas|mango|coffee,False,0.980000000000,0.300000000000,0.450000000000,0
156,474,pigeonpeas,K,absolute,10.000000000000,24.000000000000,34.000000000000,False,pigeonpeas,pigeonpeas,0.970000000000,0.560000000000,pigeonpeas|coffee|kidneybeans,pigeonpeas|mango|coffee,False,0.960000000000,0.410000000000,0.410000000000,0
157,1419,muskmelon,K,absolute,10.000000000000,48.000000000000,58.000000000000,False,muskmelon,muskmelon,1.000000000000,1.000000000000,muskmelon|apple|banana,muskmelon|apple|banana,False,1.000000000000,1.000000000000,0.000000000000,0
164,305,kidneybeans,K,absolute,10.000000000000,22.000000000000,32.000000000000,False,kidneybeans,kidneybeans,0.990000000000,0.820000000000,kidneybeans|pigeonpeas|apple,kidneybeans|chickpea|coffee,False,0.980000000000,0.740000000000,0.170000000000,0
189,361,kidneybeans,K,absolute,10.000000000000,22.000000000000,32.000000000000,False,kidneybeans,kidneybeans,1.000000000000,0.830000000000,kidneybeans|apple|banana,kidneybeans|chickpea|mango,False,1.000000000000,0.740000000000,0.170000000000,0
0,1609,orange,temperature,absolute,-2.000000000000,23.961475830000,21.961475830000,False,orange,orange,0.970000000000,0.980000000000,orange|pomegranate|apple,orange|pomegranate|apple,False,0.940000000000,0.960000000000,0.010000000000,0
1,1072,banana,temperature,absolute,-2.000000000000,25.341197740000,23.341197740000,False,banana,banana,0.930000000000,0.860000000000,banana|papaya|cotton,banana|papaya|cotton,False,0.890000000000,0.810000000000,0.070000000000,0
2,1912,cotton,temperature,absolute,-2.000000000000,24.147295300000,22.147295300000,False,cotton,cotton,1.000000000000,0.980000000000,cotton|apple|banana,cotton|maize|apple,False,1.000000000000,0.960000000000,0.020000000000,0
3,100,maize,temperature,absolute,-2.000000000000,22.613599530000,20.613599530000,False,maize,maize,0.990000000000,0.990000000000,maize|mothbeans|apple,maize|mothbeans|apple,False,0.980000000000,0.980000000000,0.000000000000,0
4,1645,orange,temperature,absolute,-2.000000000000,24.536100670000,22.536100670000,False,orange,orange,0.990000000000,0.990000000000,orange|pomegranate|apple,orange|pomegranate|apple,False,0.980000000000,0.980000000000,0.000000000000,0
5,221,chickpea,temperature,absolute,-2.000000000000,20.093405930000,18.093405930000,False,chickpea,chickpea,1.000000000000,1.000000000000,chickpea|apple|banana,chickpea|apple|banana,False,1.000000000000,1.000000000000,0.000000000000,0
6,28,rice,temperature,absolute,-2.000000000000,20.775761470000,18.775761470000,False,rice,rice,0.990000000000,0.990000000000,rice|jute|apple,rice|jute|apple,False,0.980000000000,0.980000000000,0.000000000000,0
7,701,blackgram,temperature,absolute,-2.000000000000,26.734339650000,24.734339650000,False,blackgram,blackgram,0.970000000000,0.700000000000,blackgram|lentil|apple,blackgram|lentil|pigeonpeas,False,0.940000000000,0.540000000000,0.270000000000,0
8,1097,banana,temperature,absolute,-2.000000000000,28.672089150000,26.672089150000,False,banana,banana,1.000000000000,0.990000000000,banana|apple|blackgram,banana|cotton|apple,False,1.000000000000,0.980000000000,0.010000000000,0
9,1638,orange,temperature,absolute,-2.000000000000,21.213069730000,19.213069730000,False,orange,orange,1.000000000000,1.000000000000,orange|apple|banana,orange|apple|banana,False,1.000000000000,1.000000000000,0.000000000000,0
10,1391,watermelon,temperature,absolute,-2.000000000000,24.543569680000,22.543569680000,False,watermelon,watermelon,1.000000000000,0.900000000000,watermelon|apple|banana,watermelon|pomegranate|rice,False,1.000000000000,0.840000000000,0.100000000000,0
11,901,pomegranate,temperature,absolute,-2.000000000000,19.656900850000,17.656900850000,False,pomegranate,pomegranate,1.000000000000,0.950000000000,pomegranate|apple|banana,pomegranate|orange|apple,False,1.000000000000,0.900000000000,0.050000000000,0
12,1386,watermelon,temperature,absolute,-2.000000000000,26.275206310000,24.275206310000,False,watermelon,watermelon,1.000000000000,1.000000000000,watermelon|apple|banana,watermelon|apple|banana,False,1.000000000000,1.000000000000,0.000000000000,0
13,171,maize,temperature,absolute,-2.000000000000,21.701814470000,19.701814470000,False,maize,maize,1.000000000000,1.000000000000,maize|apple|banana,maize|apple|banana,False,1.000000000000,1.000000000000,0.000000000000,0
14,544,mothbeans,temperature,absolute,-2.000000000000,26.457077780000,24.457077780000,False,mothbeans,mothbeans,0.810000000000,0.620000000000,mothbeans|blackgram|pigeonpeas,mothbeans|pigeonpeas|maize,False,0.740000000000,0.490000000000,0.190000000000,0
15,1264,grapes,temperature,absolute,-2.000000000000,13.285043310000,11.285043310000,False,grapes,grapes,1.000000000000,1.000000000000,grapes|apple|banana,grapes|apple|banana,False,1.000000000000,1.000000000000,0.000000000000,0
16,1220,grapes,temperature,absolute,-2.000000000000,36.731266470000,34.731266470000,False,grapes,grapes,1.000000000000,1.000000000000,grapes|apple|banana,grapes|apple|banana,False,1.000000000000,1.000000000000,0.000000000000,0
17,1154,mango,temperature,absolute,-2.000000000000,30.172941050000,28.172941050000,False,mango,mango,1.000000000000,1.000000000000,mango|apple|banana,mango|apple|banana,False,1.000000000000,1.000000000000,0.000000000000,0
18,1131,mango,temperature,absolute,-2.000000000000,31.409488210000,29.409488210000,False,mango,mango,0.980000000000,0.980000000000,mango|mothbeans|papaya,mango|mothbeans|papaya,False,0.970000000000,0.970000000000,0.000000000000,0
19,1514,apple,temperature,absolute,-2.000000000000,23.672877490000,21.672877490000,False,apple,apple,1.000000000000,1.000000000000,apple|banana|blackgram,apple|banana|blackgram,False,1.000000000000,1.000000000000,0.000000000000,0
20,795,blackgram,temperature,absolute,-2.000000000000,33.369843950000,31.369843950000,False,blackgram,blackgram,0.990000000000,0.990000000000,blackgram|lentil|apple,blackgram|lentil|apple,False,0.980000000000,0.980000000000,0.000000000000,0
21,1502,apple,temperature,absolute,-2.000000000000,22.608009880000,20.608009880000,False,apple,apple,1.000000000000,0.910000000000,apple|banana|blackgram,apple|grapes|orange,False,1.000000000000,0.830000000000,0.090000000000,0
22,585,mothbeans,temperature,absolute,-2.000000000000,29.612530650000,27.612530650000,False,mothbeans,mothbeans,0.790000000000,0.790000000000,mothbeans|lentil|blackgram,mothbeans|lentil|blackgram,False,0.610000000000,0.610000000000,0.000000000000,0
23,387,kidneybeans,temperature,absolute,-2.000000000000,17.308445320000,15.308445320000,False,kidneybeans,kidneybeans,0.990000000000,0.990000000000,kidneybeans|pigeonpeas|apple,kidneybeans|pigeonpeas|apple,False,0.980000000000,0.980000000000,0.000000000000,0
24,1591,apple,temperature,absolute,-2.000000000000,23.640829790000,21.640829790000,False,apple,apple,0.980000000000,0.980000000000,apple|grapes|banana,apple|grapes|banana,False,0.960000000000,0.960000000000,0.000000000000,0
25,2003,jute,temperature,absolute,-2.000000000000,25.721008680000,23.721008680000,False,jute,jute,0.980000000000,0.960000000000,jute|rice|watermelon,jute|rice|watermelon,False,0.970000000000,0.930000000000,0.020000000000,0
26,505,mothbeans,temperature,absolute,-2.000000000000,31.999285790000,29.999285790000,False,mothbeans,mothbeans,0.890000000000,0.950000000000,mothbeans|blackgram|pigeonpeas,mothbeans|blackgram|pigeonpeas,False,0.840000000000,0.920000000000,0.060000000000,0
27,1342,watermelon,temperature,absolute,-2.000000000000,25.920302210000,23.920302210000,False,watermelon,watermelon,1.000000000000,0.950000000000,watermelon|apple|banana,watermelon|pomegranate|grapes,False,1.000000000000,0.920000000000,0.050000000000,0
28,0,rice,temperature,absolute,-2.000000000000,20.879743710000,18.879743710000,False,rice,rice,0.900000000000,0.900000000000,rice|jute|apple,rice|jute|apple,False,0.800000000000,0.800000000000,0.000000000000,0
29,2106,coffee,temperature,absolute,-2.000000000000,23.059518960000,21.059518960000,False,coffee,coffee,1.000000000000,0.970000000000,coffee|apple|banana,coffee|chickpea|maize,False,1.000000000000,0.960000000000,0.030000000000,0
30,1102,mango,temperature,absolute,-2.000000000000,27.003155450000,25.003155450000,False,mango,mango,0.920000000000,0.730000000000,mango|coconut|coffee,mango|pomegranate|coffee,False,0.900000000000,0.640000000000,0.190000000000,0
31,2086,jute,temperature,absolute,-2.000000000000,26.508386670000,24.508386670000,False,jute,jute,0.930000000000,0.940000000000,jute|rice|banana,jute|rice|banana,False,0.870000000000,0.890000000000,0.010000000000,0
32,1036,banana,temperature,absolute,-2.000000000000,25.409098960000,23.409098960000,False,banana,banana,1.000000000000,0.930000000000,banana|apple|blackgram,banana|rice|coffee,False,1.000000000000,0.910000000000,0.070000000000,0
33,2167,coffee,temperature,absolute,-2.000000000000,26.444140970000,24.444140970000,False,coffee,coffee,1.000000000000,1.000000000000,coffee|apple|banana,coffee|apple|banana,False,1.000000000000,1.000000000000,0.000000000000,0
34,2050,jute,temperature,absolute,-2.000000000000,25.274633500000,23.274633500000,False,jute,jute,0.990000000000,0.990000000000,jute|rice|apple,jute|rice|apple,False,0.980000000000,0.980000000000,0.000000000000,0
35,737,blackgram,temperature,absolute,-2.000000000000,26.237731290000,24.237731290000,False,blackgram,blackgram,0.910000000000,0.540000000000,blackgram|maize|lentil,blackgram|maize|lentil,False,0.830000000000,0.340000000000,0.370000000000,0
36,1298,grapes,temperature,absolute,-2.000000000000,18.706790770000,16.706790770000,False,grapes,grapes,1.000000000000,1.000000000000,grapes|apple|banana,grapes|apple|banana,False,1.000000000000,1.000000000000,0.000000000000,0
37,1200,grapes,temperature,absolute,-2.000000000000,29.996772320000,27.996772320000,False,grapes,grapes,1.000000000000,1.000000000000,grapes|apple|banana,grapes|apple|banana,False,1.000000000000,1.000000000000,0.000000000000,0
38,731,blackgram,temperature,absolute,-2.000000000000,33.863511720000,31.863511720000,False,blackgram,blackgram,0.990000000000,0.990000000000,blackgram|mothbeans|apple,blackgram|mothbeans|apple,False,0.980000000000,0.980000000000,0.000000000000,0
39,2042,jute,temperature,absolute,-2.000000000000,24.893263180000,22.893263180000,False,jute,jute,0.930000000000,0.730000000000,jute|rice|papaya,jute|rice|papaya,False,0.890000000000,0.480000000000,0.200000000000,0
40,1829,coconut,temperature,absolute,-2.000000000000,27.148652850000,25.148652850000,False,coconut,coconut,1.000000000000,1.000000000000,coconut|apple|banana,coconut|apple|banana,False,1.000000000000,1.000000000000,0.000000000000,0
41,1716,papaya,temperature,absolute,-2.000000000000,38.441871700000,36.441871700000,False,papaya,papaya,0.990000000000,0.990000000000,papaya|grapes|apple,papaya|grapes|apple,False,0.980000000000,0.980000000000,0.000000000000,0
42,1156,mango,temperature,absolute,-2.000000000000,32.060971970000,30.060971970000,False,mango,mango,1.000000000000,1.000000000000,mango|apple|banana,mango|apple|banana,False,1.000000000000,1.000000000000,0.000000000000,0
43,185,maize,temperature,absolute,-2.000000000000,25.082397190000,23.082397190000,False,maize,maize,0.970000000000,0.970000000000,maize|mothbeans|coffee,maize|mothbeans|coffee,False,0.950000000000,0.950000000000,0.000000000000,0
44,861,lentil,temperature,absolute,-2.000000000000,20.060039850000,18.060039850000,False,lentil,lentil,0.980000000000,0.970000000000,lentil|blackgram|apple,lentil|blackgram|kidneybeans,False,0.960000000000,0.950000000000,0.010000000000,0
45,2022,jute,temperature,absolute,-2.000000000000,26.874838900000,24.874838900000,False,jute,jute,0.940000000000,0.970000000000,jute|rice|watermelon,jute|rice|watermelon,False,0.890000000000,0.950000000000,0.030000000000,0
46,1973,cotton,temperature,absolute,-2.000000000000,22.953571500000,20.953571500000,False,cotton,cotton,0.960000000000,0.880000000000,cotton|maize|banana,cotton|maize|banana,False,0.940000000000,0.780000000000,0.080000000000,0
47,850,lentil,temperature,absolute,-2.000000000000,24.121926080000,22.121926080000,False,lentil,lentil,0.900000000000,0.910000000000,lentil|mothbeans|blackgram,lentil|mothbeans|blackgram,False,0.840000000000,0.860000000000,0.010000000000,0
48,203,chickpea,temperature,absolute,-2.000000000000,18.868056470000,16.868056470000,False,chickpea,chickpea,1.000000000000,1.000000000000,chickpea|apple|banana,chickpea|apple|banana,False,1.000000000000,1.000000000000,0.000000000000,0
49,696,mungbean,temperature,absolute,-2.000000000000,27.956396630000,25.956396630000,False,mungbean,mungbean,1.000000000000,0.690000000000,mungbean|apple|banana,mungbean|cotton|mothbeans,False,1.000000000000,0.610000000000,0.310000000000,0
50,1737,papaya,temperature,absolute,-2.000000000000,31.532437790000,29.532437790000,False,papaya,papaya,0.930000000000,0.870000000000,papaya|rice|apple,papaya|rice|banana,False,0.860000000000,0.770000000000,0.060000000000,0
51,961,pomegranate,temperature,absolute,-2.000000000000,20.938929160000,18.938929160000,False,pomegranate,pomegranate,0.990000000000,0.990000000000,pomegranate|orange|apple,pomegranate|orange|apple,False,0.980000000000,0.980000000000,0.000000000000,0
52,405,pigeonpeas,temperature,absolute,-2.000000000000,30.332765990000,28.332765990000,False,pigeonpeas,pigeonpeas,0.920000000000,0.910000000000,pigeonpeas|mango|coconut,pigeonpeas|mango|blackgram,False,0.850000000000,0.840000000000,0.010000000000,0
53,1392,watermelon,temperature,absolute,-2.000000000000,25.897623150000,23.897623150000,False,watermelon,watermelon,1.000000000000,0.950000000000,watermelon|apple|banana,watermelon|pomegranate|grapes,False,1.000000000000,0.920000000000,0.050000000000,0
54,1158,mango,temperature,absolute,-2.000000000000,29.143050080000,27.143050080000,False,mango,mango,0.980000000000,0.970000000000,mango|mothbeans|orange,mango|coconut|mothbeans,False,0.970000000000,0.960000000000,0.010000000000,0
55,768,blackgram,temperature,absolute,-2.000000000000,32.839637570000,30.839637570000,False,blackgram,blackgram,0.680000000000,0.700000000000,blackgram|mothbeans|lentil,blackgram|mothbeans|lentil,False,0.440000000000,0.460000000000,0.020000000000,0
56,1763,papaya,temperature,absolute,-2.000000000000,30.420121340000,28.420121340000,False,papaya,papaya,0.990000000000,0.990000000000,papaya|banana|apple,papaya|banana|apple,False,0.980000000000,0.980000000000,0.000000000000,0
57,1798,papaya,temperature,absolute,-2.000000000000,37.035519030000,35.035519030000,False,papaya,papaya,1.000000000000,1.000000000000,papaya|apple|banana,papaya|apple|banana,False,1.000000000000,1.000000000000,0.000000000000,0
58,2173,coffee,temperature,absolute,-2.000000000000,26.357709060000,24.357709060000,False,coffee,coffee,0.980000000000,0.990000000000,coffee|coconut|apple,coffee|coconut|apple,False,0.960000000000,0.980000000000,0.010000000000,0
59,825,lentil,temperature,absolute,-2.000000000000,25.879902870000,23.879902870000,False,lentil,lentil,0.990000000000,0.980000000000,lentil|blackgram|apple,lentil|blackgram|papaya,False,0.980000000000,0.970000000000,0.010000000000,0
60,813,lentil,temperature,absolute,-2.000000000000,28.420628470000,26.420628470000,False,lentil,lentil,0.820000000000,0.890000000000,lentil|mothbeans|blackgram,lentil|mothbeans|blackgram,False,0.710000000000,0.810000000000,0.070000000000,0
61,539,mothbeans,temperature,absolute,-2.000000000000,30.884827220000,28.884827220000,False,mothbeans,mothbeans,0.960000000000,0.950000000000,mothbeans|lentil|pigeonpeas,mothbeans|lentil|mungbean,False,0.930000000000,0.910000000000,0.010000000000,0
62,2157,coffee,temperature,absolute,-2.000000000000,24.229846590000,22.229846590000,False,coffee,coffee,1.000000000000,0.990000000000,coffee|apple|banana,coffee|pigeonpeas|apple,False,1.000000000000,0.980000000000,0.010000000000,0
63,1032,banana,temperature,absolute,-2.000000000000,25.145176350000,23.145176350000,False,banana,banana,0.970000000000,0.920000000000,banana|jute|apple,banana|jute|rice,False,0.940000000000,0.880000000000,0.050000000000,0
64,1707,papaya,temperature,absolute,-2.000000000000,23.485469730000,21.485469730000,False,papaya,papaya,0.930000000000,0.850000000000,papaya|pomegranate|pigeonpeas,papaya|pomegranate|rice,False,0.900000000000,0.780000000000,0.080000000000,0
65,54,rice,temperature,absolute,-2.000000000000,26.229168970000,24.229168970000,False,rice,rice,0.980000000000,0.970000000000,rice|jute|apple,rice|jute|apple,False,0.960000000000,0.940000000000,0.010000000000,0
66,1630,orange,temperature,absolute,-2.000000000000,30.491838370000,28.491838370000,False,orange,orange,0.980000000000,0.940000000000,orange|mango|pomegranate,orange|mango|blackgram,False,0.970000000000,0.920000000000,0.040000000000,0
67,1818,coconut,temperature,absolute,-2.000000000000,28.033805980000,26.033805980000,False,coconut,coconut,1.000000000000,1.000000000000,coconut|apple|banana,coconut|apple|banana,False,1.000000000000,1.000000000000,0.000000000000,0
69,920,pomegranate,temperature,absolute,-2.000000000000,22.487201440000,20.487201440000,False,pomegranate,pomegranate,0.970000000000,0.970000000000,pomegranate|orange|apple,pomegranate|orange|apple,False,0.940000000000,0.940000000000,0.000000000000,0
70,1033,banana,temperature,absolute,-2.000000000000,28.654562630000,26.654562630000,False,banana,banana,1.000000000000,1.000000000000,banana|apple|blackgram,banana|apple|blackgram,False,1.000000000000,1.000000000000,0.000000000000,0
71,1458,muskmelon,temperature,absolute,-2.000000000000,29.471562590000,27.471562590000,False,muskmelon,muskmelon,1.000000000000,1.000000000000,muskmelon|apple|banana,muskmelon|apple|banana,False,1.000000000000,1.000000000000,0.000000000000,0
72,1369,watermelon,temperature,absolute,-2.000000000000,25.418640240000,23.418640240000,False,watermelon,watermelon,1.000000000000,0.930000000000,watermelon|apple|banana,watermelon|pomegranate|grapes,False,1.000000000000,0.880000000000,0.070000000000,0
73,859,lentil,temperature,absolute,-2.000000000000,24.874255050000,22.874255050000,False,lentil,lentil,1.000000000000,1.000000000000,lentil|apple|banana,lentil|apple|banana,False,1.000000000000,1.000000000000,0.000000000000,0
75,1854,coconut,temperature,absolute,-2.000000000000,26.509086110000,24.509086110000,False,coconut,coconut,1.000000000000,0.650000000000,coconut|apple|banana,coconut|pomegranate|orange,False,1.000000000000,0.400000000000,0.350000000000,0
76,575,mothbeans,temperature,absolute,-2.000000000000,28.009374230000,26.009374230000,False,mothbeans,mothbeans,0.900000000000,0.890000000000,mothbeans|lentil|mungbean,mothbeans|lentil|pigeonpeas,False,0.820000000000,0.790000000000,0.010000000000,0
77,606,mungbean,temperature,absolute,-2.000000000000,28.562121580000,26.562121580000,False,mungbean,mungbean,0.980000000000,0.730000000000,mungbean|blackgram|apple,mungbean|lentil|cotton,False,0.960000000000,0.650000000000,0.250000000000,0
78,614,mungbean,temperature,absolute,-2.000000000000,29.755389030000,27.755389030000,False,mungbean,mungbean,0.970000000000,0.990000000000,mungbean|mothbeans|orange,mungbean|mothbeans|apple,False,0.950000000000,0.980000000000,0.020000000000,0
80,2182,coffee,temperature,absolute,-2.000000000000,26.717173930000,24.717173930000,False,coffee,coffee,0.990000000000,1.000000000000,coffee|coconut|apple,coffee|apple|banana,False,0.980000000000,1.000000000000,0.010000000000,0
82,1473,muskmelon,temperature,absolute,-2.000000000000,28.585464900000,26.585464900000,False,muskmelon,muskmelon,1.000000000000,0.720000000000,muskmelon|apple|banana,muskmelon|watermelon|pomegranate,False,1.000000000000,0.450000000000,0.280000000000,0
83,303,kidneybeans,temperature,absolute,-2.000000000000,16.433403420000,14.433403420000,False,kidneybeans,kidneybeans,0.950000000000,0.950000000000,kidneybeans|chickpea|pigeonpeas,kidneybeans|chickpea|pigeonpeas,False,0.910000000000,0.910000000000,0.000000000000,0
85,937,pomegranate,temperature,absolute,-2.000000000000,24.944676320000,22.944676320000,False,pomegranate,pomegranate,0.910000000000,0.970000000000,pomegranate|papaya|orange,pomegranate|orange|papaya,False,0.870000000000,0.950000000000,0.060000000000,0
86,1697,orange,temperature,absolute,-2.000000000000,27.681673180000,25.681673180000,False,orange,orange,0.980000000000,0.990000000000,orange|mango|pomegranate,orange|pomegranate|apple,False,0.970000000000,0.980000000000,0.010000000000,0
87,1987,cotton,temperature,absolute,-2.000000000000,24.688547990000,22.688547990000,False,cotton,cotton,1.000000000000,1.000000000000,cotton|apple|banana,cotton|apple|banana,False,1.000000000000,1.000000000000,0.000000000000,0
88,1851,coconut,temperature,absolute,-2.000000000000,27.593768450000,25.593768450000,False,coconut,coconut,0.990000000000,1.000000000000,coconut|coffee|apple,coconut|apple|banana,False,0.980000000000,1.000000000000,0.010000000000,0
91,613,mungbean,temperature,absolute,-2.000000000000,29.008124000000,27.008124000000,False,mungbean,mungbean,1.000000000000,0.960000000000,mungbean|apple|banana,mungbean|mothbeans|cotton,False,1.000000000000,0.940000000000,0.040000000000,0
93,1960,cotton,temperature,absolute,-2.000000000000,25.320237170000,23.320237170000,False,cotton,cotton,1.000000000000,1.000000000000,cotton|apple|banana,cotton|apple|banana,False,1.000000000000,1.000000000000,0.000000000000,0
95,1225,grapes,temperature,absolute,-2.000000000000,12.087022000000,10.087022000000,False,grapes,grapes,1.000000000000,1.000000000000,grapes|apple|banana,grapes|apple|banana,False,1.000000000000,1.000000000000,0.000000000000,0
96,1988,cotton,temperature,absolute,-2.000000000000,25.849972690000,23.849972690000,False,cotton,cotton,1.000000000000,1.000000000000,cotton|apple|banana,cotton|apple|banana,False,1.000000000000,1.000000000000,0.000000000000,0
97,227,chickpea,temperature,absolute,-2.000000000000,19.030253050000,17.030253050000,False,chickpea,chickpea,0.940000000000,0.940000000000,chickpea|kidneybeans|coffee,chickpea|kidneybeans|coffee,False,0.910000000000,0.910000000000,0.000000000000,0
100,1499,muskmelon,temperature,absolute,-2.000000000000,28.960178850000,26.960178850000,False,muskmelon,muskmelon,1.000000000000,0.770000000000,muskmelon|apple|banana,muskmelon|watermelon|coconut,False,1.000000000000,0.550000000000,0.230000000000,0
101,989,pomegranate,temperature,absolute,-2.000000000000,24.383189650000,22.383189650000,False,pomegranate,pomegranate,0.990000000000,0.980000000000,pomegranate|orange|apple,pomegranate|orange|apple,False,0.980000000000,0.960000000000,0.010000000000,0
103,497,pigeonpeas,temperature,absolute,-2.000000000000,29.650529470000,27.650529470000,False,pigeonpeas,pigeonpeas,0.980000000000,0.950000000000,pigeonpeas|blackgram|papaya,pigeonpeas|mango|blackgram,False,0.970000000000,0.930000000000,0.030000000000,0
104,472,pigeonpeas,temperature,absolute,-2.000000000000,18.729876760000,16.729876760000,False,pigeonpeas,pigeonpeas,0.940000000000,0.920000000000,pigeonpeas|lentil|mothbeans,pigeonpeas|lentil|mothbeans,False,0.900000000000,0.880000000000,0.020000000000,0
106,323,kidneybeans,temperature,absolute,-2.000000000000,17.481897350000,15.481897350000,False,kidneybeans,kidneybeans,0.990000000000,0.990000000000,kidneybeans|chickpea|apple,kidneybeans|chickpea|apple,False,0.980000000000,0.980000000000,0.000000000000,0
108,44,rice,temperature,absolute,-2.000000000000,26.313554980000,24.313554980000,False,rice,rice,0.900000000000,0.910000000000,rice|jute|papaya,rice|jute|papaya,False,0.830000000000,0.850000000000,0.010000000000,0
109,84,rice,temperature,absolute,-2.000000000000,25.282722300000,23.282722300000,False,rice,rice,1.000000000000,0.990000000000,rice|apple|banana,rice|jute|apple,False,1.000000000000,0.980000000000,0.010000000000,0
110,1551,apple,temperature,absolute,-2.000000000000,23.502014280000,21.502014280000,False,apple,apple,1.000000000000,1.000000000000,apple|banana|blackgram,apple|banana|blackgram,False,1.000000000000,1.000000000000,0.000000000000,0
111,647,mungbean,temperature,absolute,-2.000000000000,27.108180930000,25.108180930000,False,mungbean,mungbean,1.000000000000,0.680000000000,mungbean|apple|banana,mungbean|mothbeans|cotton,False,1.000000000000,0.570000000000,0.320000000000,0
115,1456,muskmelon,temperature,absolute,-2.000000000000,27.968722790000,25.968722790000,False,muskmelon,muskmelon,1.000000000000,0.740000000000,muskmelon|apple|banana,muskmelon|watermelon|pomegranate,False,1.000000000000,0.500000000000,0.260000000000,0
121,250,chickpea,temperature,absolute,-2.000000000000,19.407517440000,17.407517440000,False,chickpea,chickpea,1.000000000000,1.000000000000,chickpea|apple|banana,chickpea|apple|banana,False,1.000000000000,1.000000000000,0.000000000000,0
122,199,maize,temperature,absolute,-2.000000000000,25.730444320000,23.730444320000,False,maize,maize,0.940000000000,0.960000000000,maize|coffee|blackgram,maize|coffee|cotton,False,0.920000000000,0.950000000000,0.020000000000,0
124,110,maize,temperature,absolute,-2.000000000000,23.316891240000,21.316891240000,False,maize,maize,0.970000000000,0.960000000000,maize|cotton|mungbean,maize|cotton|mungbean,False,0.960000000000,0.940000000000,0.010000000000,0
128,1859,coconut,temperature,absolute,-2.000000000000,28.963182580000,26.963182580000,False,coconut,coconut,1.000000000000,0.990000000000,coconut|apple|banana,coconut|jute|apple,False,1.000000000000,0.980000000000,0.010000000000,0
131,226,chickpea,temperature,absolute,-2.000000000000,18.287200700000,16.287200700000,False,chickpea,chickpea,0.920000000000,0.920000000000,chickpea|kidneybeans|apple,chickpea|kidneybeans|apple,False,0.840000000000,0.840000000000,0.000000000000,0
136,1552,apple,temperature,absolute,-2.000000000000,23.462603210000,21.462603210000,False,apple,apple,1.000000000000,1.000000000000,apple|banana|blackgram,apple|banana|blackgram,False,1.000000000000,1.000000000000,0.000000000000,0
148,461,pigeonpeas,temperature,absolute,-2.000000000000,34.872486590000,32.872486590000,False,pigeonpeas,pigeonpeas,0.990000000000,0.990000000000,pigeonpeas|lentil|apple,pigeonpeas|lentil|apple,False,0.980000000000,0.980000000000,0.000000000000,0
156,474,pigeonpeas,temperature,absolute,-2.000000000000,20.435177720000,18.435177720000,False,pigeonpeas,pigeonpeas,0.970000000000,0.970000000000,pigeonpeas|coffee|kidneybeans,pigeonpeas|coffee|kidneybeans,False,0.960000000000,0.960000000000,0.000000000000,0
157,1419,muskmelon,temperature,absolute,-2.000000000000,29.692386990000,27.692386990000,False,muskmelon,muskmelon,1.000000000000,1.000000000000,muskmelon|apple|banana,muskmelon|apple|banana,False,1.000000000000,1.000000000000,0.000000000000,0
164,305,kidneybeans,temperature,absolute,-2.000000000000,17.848065610000,15.848065610000,False,kidneybeans,kidneybeans,0.990000000000,0.990000000000,kidneybeans|pigeonpeas|apple,kidneybeans|pigeonpeas|apple,False,0.980000000000,0.980000000000,0.000000000000,0
189,361,kidneybeans,temperature,absolute,-2.000000000000,20.120043000000,18.120043000000,False,kidneybeans,kidneybeans,1.000000000000,1.000000000000,kidneybeans|apple|banana,kidneybeans|apple|banana,False,1.000000000000,1.000000000000,0.000000000000,0
0,1609,orange,temperature,absolute,-1.000000000000,23.961475830000,22.961475830000,False,orange,orange,0.970000000000,0.980000000000,orange|pomegranate|apple,orange|pomegranate|apple,False,0.940000000000,0.960000000000,0.010000000000,0
1,1072,banana,temperature,absolute,-1.000000000000,25.341197740000,24.341197740000,False,banana,banana,0.930000000000,0.880000000000,banana|papaya|cotton,banana|papaya|cotton,False,0.890000000000,0.830000000000,0.050000000000,0
2,1912,cotton,temperature,absolute,-1.000000000000,24.147295300000,23.147295300000,False,cotton,cotton,1.000000000000,1.000000000000,cotton|apple|banana,cotton|apple|banana,False,1.000000000000,1.000000000000,0.000000000000,0
3,100,maize,temperature,absolute,-1.000000000000,22.613599530000,21.613599530000,False,maize,maize,0.990000000000,0.990000000000,maize|mothbeans|apple,maize|mothbeans|apple,False,0.980000000000,0.980000000000,0.000000000000,0
4,1645,orange,temperature,absolute,-1.000000000000,24.536100670000,23.536100670000,False,orange,orange,0.990000000000,0.990000000000,orange|pomegranate|apple,orange|pomegranate|apple,False,0.980000000000,0.980000000000,0.000000000000,0
5,221,chickpea,temperature,absolute,-1.000000000000,20.093405930000,19.093405930000,False,chickpea,chickpea,1.000000000000,1.000000000000,chickpea|apple|banana,chickpea|apple|banana,False,1.000000000000,1.000000000000,0.000000000000,0
6,28,rice,temperature,absolute,-1.000000000000,20.775761470000,19.775761470000,False,rice,rice,0.990000000000,0.990000000000,rice|jute|apple,rice|jute|apple,False,0.980000000000,0.980000000000,0.000000000000,0
7,701,blackgram,temperature,absolute,-1.000000000000,26.734339650000,25.734339650000,False,blackgram,blackgram,0.970000000000,0.980000000000,blackgram|lentil|apple,blackgram|lentil|apple,False,0.940000000000,0.960000000000,0.010000000000,0
8,1097,banana,temperature,absolute,-1.000000000000,28.672089150000,27.672089150000,False,banana,banana,1.000000000000,1.000000000000,banana|apple|blackgram,banana|apple|blackgram,False,1.000000000000,1.000000000000,0.000000000000,0
9,1638,orange,temperature,absolute,-1.000000000000,21.213069730000,20.213069730000,False,orange,orange,1.000000000000,1.000000000000,orange|apple|banana,orange|apple|banana,False,1.000000000000,1.000000000000,0.000000000000,0
10,1391,watermelon,temperature,absolute,-1.000000000000,24.543569680000,23.543569680000,False,watermelon,watermelon,1.000000000000,0.930000000000,watermelon|apple|banana,watermelon|pomegranate|grapes,False,1.000000000000,0.880000000000,0.070000000000,0
11,901,pomegranate,temperature,absolute,-1.000000000000,19.656900850000,18.656900850000,False,pomegranate,pomegranate,1.000000000000,1.000000000000,pomegranate|apple|banana,pomegranate|apple|banana,False,1.000000000000,1.000000000000,0.000000000000,0
12,1386,watermelon,temperature,absolute,-1.000000000000,26.275206310000,25.275206310000,False,watermelon,watermelon,1.000000000000,1.000000000000,watermelon|apple|banana,watermelon|apple|banana,False,1.000000000000,1.000000000000,0.000000000000,0
13,171,maize,temperature,absolute,-1.000000000000,21.701814470000,20.701814470000,False,maize,maize,1.000000000000,1.000000000000,maize|apple|banana,maize|apple|banana,False,1.000000000000,1.000000000000,0.000000000000,0
14,544,mothbeans,temperature,absolute,-1.000000000000,26.457077780000,25.457077780000,False,mothbeans,mothbeans,0.810000000000,0.780000000000,mothbeans|blackgram|pigeonpeas,mothbeans|maize|blackgram,False,0.740000000000,0.700000000000,0.030000000000,0
15,1264,grapes,temperature,absolute,-1.000000000000,13.285043310000,12.285043310000,False,grapes,grapes,1.000000000000,1.000000000000,grapes|apple|banana,grapes|apple|banana,False,1.000000000000,1.000000000000,0.000000000000,0
16,1220,grapes,temperature,absolute,-1.000000000000,36.731266470000,35.731266470000,False,grapes,grapes,1.000000000000,1.000000000000,grapes|apple|banana,grapes|apple|banana,False,1.000000000000,1.000000000000,0.000000000000,0
17,1154,mango,temperature,absolute,-1.000000000000,30.172941050000,29.172941050000,False,mango,mango,1.000000000000,1.000000000000,mango|apple|banana,mango|apple|banana,False,1.000000000000,1.000000000000,0.000000000000,0
18,1131,mango,temperature,absolute,-1.000000000000,31.409488210000,30.409488210000,False,mango,mango,0.980000000000,0.980000000000,mango|mothbeans|papaya,mango|mothbeans|papaya,False,0.970000000000,0.970000000000,0.000000000000,0
19,1514,apple,temperature,absolute,-1.000000000000,23.672877490000,22.672877490000,False,apple,apple,1.000000000000,1.000000000000,apple|banana|blackgram,apple|banana|blackgram,False,1.000000000000,1.000000000000,0.000000000000,0
20,795,blackgram,temperature,absolute,-1.000000000000,33.369843950000,32.369843950000,False,blackgram,blackgram,0.990000000000,0.990000000000,blackgram|lentil|apple,blackgram|lentil|apple,False,0.980000000000,0.980000000000,0.000000000000,0
21,1502,apple,temperature,absolute,-1.000000000000,22.608009880000,21.608009880000,False,apple,apple,1.000000000000,1.000000000000,apple|banana|blackgram,apple|banana|blackgram,False,1.000000000000,1.000000000000,0.000000000000,0
22,585,mothbeans,temperature,absolute,-1.000000000000,29.612530650000,28.612530650000,False,mothbeans,mothbeans,0.790000000000,0.780000000000,mothbeans|lentil|blackgram,mothbeans|lentil|blackgram,False,0.610000000000,0.590000000000,0.010000000000,0
23,387,kidneybeans,temperature,absolute,-1.000000000000,17.308445320000,16.308445320000,False,kidneybeans,kidneybeans,0.990000000000,0.990000000000,kidneybeans|pigeonpeas|apple,kidneybeans|pigeonpeas|apple,False,0.980000000000,0.980000000000,0.000000000000,0
24,1591,apple,temperature,absolute,-1.000000000000,23.640829790000,22.640829790000,False,apple,apple,0.980000000000,0.980000000000,apple|grapes|banana,apple|grapes|banana,False,0.960000000000,0.960000000000,0.000000000000,0
25,2003,jute,temperature,absolute,-1.000000000000,25.721008680000,24.721008680000,False,jute,jute,0.980000000000,0.980000000000,jute|rice|watermelon,jute|rice|watermelon,False,0.970000000000,0.970000000000,0.000000000000,0
26,505,mothbeans,temperature,absolute,-1.000000000000,31.999285790000,30.999285790000,False,mothbeans,mothbeans,0.890000000000,0.950000000000,mothbeans|blackgram|pigeonpeas,mothbeans|blackgram|pigeonpeas,False,0.840000000000,0.920000000000,0.060000000000,0
27,1342,watermelon,temperature,absolute,-1.000000000000,25.920302210000,24.920302210000,False,watermelon,watermelon,1.000000000000,1.000000000000,watermelon|apple|banana,watermelon|apple|banana,False,1.000000000000,1.000000000000,0.000000000000,0
28,0,rice,temperature,absolute,-1.000000000000,20.879743710000,19.879743710000,False,rice,rice,0.900000000000,0.900000000000,rice|jute|apple,rice|jute|apple,False,0.800000000000,0.800000000000,0.000000000000,0
29,2106,coffee,temperature,absolute,-1.000000000000,23.059518960000,22.059518960000,False,coffee,coffee,1.000000000000,0.990000000000,coffee|apple|banana,coffee|pigeonpeas|apple,False,1.000000000000,0.980000000000,0.010000000000,0
30,1102,mango,temperature,absolute,-1.000000000000,27.003155450000,26.003155450000,False,mango,mango,0.920000000000,0.740000000000,mango|coconut|coffee,mango|pomegranate|coffee,False,0.900000000000,0.650000000000,0.180000000000,0
31,2086,jute,temperature,absolute,-1.000000000000,26.508386670000,25.508386670000,False,jute,jute,0.930000000000,0.960000000000,jute|rice|banana,jute|rice|banana,False,0.870000000000,0.930000000000,0.030000000000,0
32,1036,banana,temperature,absolute,-1.000000000000,25.409098960000,24.409098960000,False,banana,banana,1.000000000000,0.940000000000,banana|apple|blackgram,banana|rice|watermelon,False,1.000000000000,0.920000000000,0.060000000000,0
33,2167,coffee,temperature,absolute,-1.000000000000,26.444140970000,25.444140970000,False,coffee,coffee,1.000000000000,1.000000000000,coffee|apple|banana,coffee|apple|banana,False,1.000000000000,1.000000000000,0.000000000000,0
34,2050,jute,temperature,absolute,-1.000000000000,25.274633500000,24.274633500000,False,jute,jute,0.990000000000,0.990000000000,jute|rice|apple,jute|rice|apple,False,0.980000000000,0.980000000000,0.000000000000,0
35,737,blackgram,temperature,absolute,-1.000000000000,26.237731290000,25.237731290000,False,blackgram,blackgram,0.910000000000,0.860000000000,blackgram|maize|lentil,blackgram|maize|mothbeans,False,0.830000000000,0.730000000000,0.050000000000,0
36,1298,grapes,temperature,absolute,-1.000000000000,18.706790770000,17.706790770000,False,grapes,grapes,1.000000000000,1.000000000000,grapes|apple|banana,grapes|apple|banana,False,1.000000000000,1.000000000000,0.000000000000,0
37,1200,grapes,temperature,absolute,-1.000000000000,29.996772320000,28.996772320000,False,grapes,grapes,1.000000000000,1.000000000000,grapes|apple|banana,grapes|apple|banana,False,1.000000000000,1.000000000000,0.000000000000,0
38,731,blackgram,temperature,absolute,-1.000000000000,33.863511720000,32.863511720000,False,blackgram,blackgram,0.990000000000,0.990000000000,blackgram|mothbeans|apple,blackgram|mothbeans|apple,False,0.980000000000,0.980000000000,0.000000000000,0
39,2042,jute,temperature,absolute,-1.000000000000,24.893263180000,23.893263180000,False,jute,jute,0.930000000000,0.920000000000,jute|rice|papaya,jute|rice|papaya,False,0.890000000000,0.860000000000,0.010000000000,0
40,1829,coconut,temperature,absolute,-1.000000000000,27.148652850000,26.148652850000,False,coconut,coconut,1.000000000000,1.000000000000,coconut|apple|banana,coconut|apple|banana,False,1.000000000000,1.000000000000,0.000000000000,0
41,1716,papaya,temperature,absolute,-1.000000000000,38.441871700000,37.441871700000,False,papaya,papaya,0.990000000000,0.990000000000,papaya|grapes|apple,papaya|grapes|apple,False,0.980000000000,0.980000000000,0.000000000000,0
42,1156,mango,temperature,absolute,-1.000000000000,32.060971970000,31.060971970000,False,mango,mango,1.000000000000,1.000000000000,mango|apple|banana,mango|apple|banana,False,1.000000000000,1.000000000000,0.000000000000,0
43,185,maize,temperature,absolute,-1.000000000000,25.082397190000,24.082397190000,False,maize,maize,0.970000000000,0.970000000000,maize|mothbeans|coffee,maize|mothbeans|coffee,False,0.950000000000,0.950000000000,0.000000000000,0
44,861,lentil,temperature,absolute,-1.000000000000,20.060039850000,19.060039850000,False,lentil,lentil,0.980000000000,0.970000000000,lentil|blackgram|apple,lentil|blackgram|pigeonpeas,False,0.960000000000,0.950000000000,0.010000000000,0
45,2022,jute,temperature,absolute,-1.000000000000,26.874838900000,25.874838900000,False,jute,jute,0.940000000000,0.970000000000,jute|rice|watermelon,jute|rice|watermelon,False,0.890000000000,0.950000000000,0.030000000000,0
46,1973,cotton,temperature,absolute,-1.000000000000,22.953571500000,21.953571500000,False,cotton,cotton,0.960000000000,0.920000000000,cotton|maize|banana,cotton|maize|banana,False,0.940000000000,0.860000000000,0.040000000000,0
47,850,lentil,temperature,absolute,-1.000000000000,24.121926080000,23.121926080000,False,lentil,lentil,0.900000000000,0.910000000000,lentil|mothbeans|blackgram,lentil|mothbeans|blackgram,False,0.840000000000,0.860000000000,0.010000000000,0
48,203,chickpea,temperature,absolute,-1.000000000000,18.868056470000,17.868056470000,False,chickpea,chickpea,1.000000000000,1.000000000000,chickpea|apple|banana,chickpea|apple|banana,False,1.000000000000,1.000000000000,0.000000000000,0
49,696,mungbean,temperature,absolute,-1.000000000000,27.956396630000,26.956396630000,False,mungbean,mungbean,1.000000000000,0.870000000000,mungbean|apple|banana,mungbean|mothbeans|cotton,False,1.000000000000,0.830000000000,0.130000000000,0
50,1737,papaya,temperature,absolute,-1.000000000000,31.532437790000,30.532437790000,False,papaya,papaya,0.930000000000,0.880000000000,papaya|rice|apple,papaya|rice|banana,False,0.860000000000,0.790000000000,0.050000000000,0
51,961,pomegranate,temperature,absolute,-1.000000000000,20.938929160000,19.938929160000,False,pomegranate,pomegranate,0.990000000000,0.990000000000,pomegranate|orange|apple,pomegranate|orange|apple,False,0.980000000000,0.980000000000,0.000000000000,0
52,405,pigeonpeas,temperature,absolute,-1.000000000000,30.332765990000,29.332765990000,False,pigeonpeas,pigeonpeas,0.920000000000,0.910000000000,pigeonpeas|mango|coconut,pigeonpeas|mango|blackgram,False,0.850000000000,0.840000000000,0.010000000000,0
53,1392,watermelon,temperature,absolute,-1.000000000000,25.897623150000,24.897623150000,False,watermelon,watermelon,1.000000000000,1.000000000000,watermelon|apple|banana,watermelon|apple|banana,False,1.000000000000,1.000000000000,0.000000000000,0
54,1158,mango,temperature,absolute,-1.000000000000,29.143050080000,28.143050080000,False,mango,mango,0.980000000000,0.980000000000,mango|mothbeans|orange,mango|mothbeans|orange,False,0.970000000000,0.970000000000,0.000000000000,0
55,768,blackgram,temperature,absolute,-1.000000000000,32.839637570000,31.839637570000,False,blackgram,blackgram,0.680000000000,0.680000000000,blackgram|mothbeans|lentil,blackgram|mothbeans|lentil,False,0.440000000000,0.440000000000,0.000000000000,0
56,1763,papaya,temperature,absolute,-1.000000000000,30.420121340000,29.420121340000,False,papaya,papaya,0.990000000000,0.990000000000,papaya|banana|apple,papaya|banana|apple,False,0.980000000000,0.980000000000,0.000000000000,0
57,1798,papaya,temperature,absolute,-1.000000000000,37.035519030000,36.035519030000,False,papaya,papaya,1.000000000000,1.000000000000,papaya|apple|banana,papaya|apple|banana,False,1.000000000000,1.000000000000,0.000000000000,0
58,2173,coffee,temperature,absolute,-1.000000000000,26.357709060000,25.357709060000,False,coffee,coffee,0.980000000000,0.990000000000,coffee|coconut|apple,coffee|coconut|apple,False,0.960000000000,0.980000000000,0.010000000000,0
59,825,lentil,temperature,absolute,-1.000000000000,25.879902870000,24.879902870000,False,lentil,lentil,0.990000000000,0.980000000000,lentil|blackgram|apple,lentil|blackgram|apple,False,0.980000000000,0.960000000000,0.010000000000,0
60,813,lentil,temperature,absolute,-1.000000000000,28.420628470000,27.420628470000,False,lentil,lentil,0.820000000000,0.830000000000,lentil|mothbeans|blackgram,lentil|mothbeans|blackgram,False,0.710000000000,0.700000000000,0.010000000000,0
61,539,mothbeans,temperature,absolute,-1.000000000000,30.884827220000,29.884827220000,False,mothbeans,mothbeans,0.960000000000,0.950000000000,mothbeans|lentil|pigeonpeas,mothbeans|lentil|mungbean,False,0.930000000000,0.910000000000,0.010000000000,0
62,2157,coffee,temperature,absolute,-1.000000000000,24.229846590000,23.229846590000,False,coffee,coffee,1.000000000000,1.000000000000,coffee|apple|banana,coffee|apple|banana,False,1.000000000000,1.000000000000,0.000000000000,0
63,1032,banana,temperature,absolute,-1.000000000000,25.145176350000,24.145176350000,False,banana,banana,0.970000000000,0.930000000000,banana|jute|apple,banana|jute|rice,False,0.940000000000,0.900000000000,0.040000000000,0
64,1707,papaya,temperature,absolute,-1.000000000000,23.485469730000,22.485469730000,False,papaya,papaya,0.930000000000,0.870000000000,papaya|pomegranate|pigeonpeas,papaya|pomegranate|rice,False,0.900000000000,0.810000000000,0.060000000000,0
65,54,rice,temperature,absolute,-1.000000000000,26.229168970000,25.229168970000,False,rice,rice,0.980000000000,0.970000000000,rice|jute|apple,rice|jute|apple,False,0.960000000000,0.940000000000,0.010000000000,0
66,1630,orange,temperature,absolute,-1.000000000000,30.491838370000,29.491838370000,False,orange,orange,0.980000000000,0.950000000000,orange|mango|pomegranate,orange|blackgram|coconut,False,0.970000000000,0.940000000000,0.030000000000,0
67,1818,coconut,temperature,absolute,-1.000000000000,28.033805980000,27.033805980000,False,coconut,coconut,1.000000000000,1.000000000000,coconut|apple|banana,coconut|apple|banana,False,1.000000000000,1.000000000000,0.000000000000,0
69,920,pomegranate,temperature,absolute,-1.000000000000,22.487201440000,21.487201440000,False,pomegranate,pomegranate,0.970000000000,0.970000000000,pomegranate|orange|apple,pomegranate|orange|apple,False,0.940000000000,0.940000000000,0.000000000000,0
70,1033,banana,temperature,absolute,-1.000000000000,28.654562630000,27.654562630000,False,banana,banana,1.000000000000,1.000000000000,banana|apple|blackgram,banana|apple|blackgram,False,1.000000000000,1.000000000000,0.000000000000,0
71,1458,muskmelon,temperature,absolute,-1.000000000000,29.471562590000,28.471562590000,False,muskmelon,muskmelon,1.000000000000,1.000000000000,muskmelon|apple|banana,muskmelon|apple|banana,False,1.000000000000,1.000000000000,0.000000000000,0
72,1369,watermelon,temperature,absolute,-1.000000000000,25.418640240000,24.418640240000,False,watermelon,watermelon,1.000000000000,1.000000000000,watermelon|apple|banana,watermelon|apple|banana,False,1.000000000000,1.000000000000,0.000000000000,0
73,859,lentil,temperature,absolute,-1.000000000000,24.874255050000,23.874255050000,False,lentil,lentil,1.000000000000,1.000000000000,lentil|apple|banana,lentil|apple|banana,False,1.000000000000,1.000000000000,0.000000000000,0
75,1854,coconut,temperature,absolute,-1.000000000000,26.509086110000,25.509086110000,False,coconut,coconut,1.000000000000,1.000000000000,coconut|apple|banana,coconut|apple|banana,False,1.000000000000,1.000000000000,0.000000000000,0
76,575,mothbeans,temperature,absolute,-1.000000000000,28.009374230000,27.009374230000,False,mothbeans,mothbeans,0.900000000000,0.900000000000,mothbeans|lentil|mungbean,mothbeans|lentil|pigeonpeas,False,0.820000000000,0.810000000000,0.000000000000,0
77,606,mungbean,temperature,absolute,-1.000000000000,28.562121580000,27.562121580000,False,mungbean,mungbean,0.980000000000,0.980000000000,mungbean|blackgram|apple,mungbean|blackgram|apple,False,0.960000000000,0.960000000000,0.000000000000,0
78,614,mungbean,temperature,absolute,-1.000000000000,29.755389030000,28.755389030000,False,mungbean,mungbean,0.970000000000,0.980000000000,mungbean|mothbeans|orange,mungbean|mothbeans|apple,False,0.950000000000,0.960000000000,0.010000000000,0
80,2182,coffee,temperature,absolute,-1.000000000000,26.717173930000,25.717173930000,False,coffee,coffee,0.990000000000,1.000000000000,coffee|coconut|apple,coffee|apple|banana,False,0.980000000000,1.000000000000,0.010000000000,0
82,1473,muskmelon,temperature,absolute,-1.000000000000,28.585464900000,27.585464900000,False,muskmelon,muskmelon,1.000000000000,1.000000000000,muskmelon|apple|banana,muskmelon|apple|banana,False,1.000000000000,1.000000000000,0.000000000000,0
83,303,kidneybeans,temperature,absolute,-1.000000000000,16.433403420000,15.433403420000,False,kidneybeans,kidneybeans,0.950000000000,0.950000000000,kidneybeans|chickpea|pigeonpeas,kidneybeans|chickpea|pigeonpeas,False,0.910000000000,0.910000000000,0.000000000000,0
85,937,pomegranate,temperature,absolute,-1.000000000000,24.944676320000,23.944676320000,False,pomegranate,pomegranate,0.910000000000,0.960000000000,pomegranate|papaya|orange,pomegranate|orange|papaya,False,0.870000000000,0.940000000000,0.050000000000,0
86,1697,orange,temperature,absolute,-1.000000000000,27.681673180000,26.681673180000,False,orange,orange,0.980000000000,0.990000000000,orange|mango|pomegranate,orange|pomegranate|apple,False,0.970000000000,0.980000000000,0.010000000000,0
87,1987,cotton,temperature,absolute,-1.000000000000,24.688547990000,23.688547990000,False,cotton,cotton,1.000000000000,0.990000000000,cotton|apple|banana,cotton|coffee|apple,False,1.000000000000,0.980000000000,0.010000000000,0
88,1851,coconut,temperature,absolute,-1.000000000000,27.593768450000,26.593768450000,False,coconut,coconut,0.990000000000,1.000000000000,coconut|coffee|apple,coconut|apple|banana,False,0.980000000000,1.000000000000,0.010000000000,0
91,613,mungbean,temperature,absolute,-1.000000000000,29.008124000000,28.008124000000,False,mungbean,mungbean,1.000000000000,1.000000000000,mungbean|apple|banana,mungbean|apple|banana,False,1.000000000000,1.000000000000,0.000000000000,0
93,1960,cotton,temperature,absolute,-1.000000000000,25.320237170000,24.320237170000,False,cotton,cotton,1.000000000000,1.000000000000,cotton|apple|banana,cotton|apple|banana,False,1.000000000000,1.000000000000,0.000000000000,0
95,1225,grapes,temperature,absolute,-1.000000000000,12.087022000000,11.087022000000,False,grapes,grapes,1.000000000000,1.000000000000,grapes|apple|banana,grapes|apple|banana,False,1.000000000000,1.000000000000,0.000000000000,0
96,1988,cotton,temperature,absolute,-1.000000000000,25.849972690000,24.849972690000,False,cotton,cotton,1.000000000000,1.000000000000,cotton|apple|banana,cotton|apple|banana,False,1.000000000000,1.000000000000,0.000000000000,0
97,227,chickpea,temperature,absolute,-1.000000000000,19.030253050000,18.030253050000,False,chickpea,chickpea,0.940000000000,0.940000000000,chickpea|kidneybeans|coffee,chickpea|kidneybeans|coffee,False,0.910000000000,0.910000000000,0.000000000000,0
100,1499,muskmelon,temperature,absolute,-1.000000000000,28.960178850000,27.960178850000,False,muskmelon,muskmelon,1.000000000000,1.000000000000,muskmelon|apple|banana,muskmelon|apple|banana,False,1.000000000000,1.000000000000,0.000000000000,0
101,989,pomegranate,temperature,absolute,-1.000000000000,24.383189650000,23.383189650000,False,pomegranate,pomegranate,0.990000000000,0.980000000000,pomegranate|orange|apple,pomegranate|orange|apple,False,0.980000000000,0.960000000000,0.010000000000,0
103,497,pigeonpeas,temperature,absolute,-1.000000000000,29.650529470000,28.650529470000,False,pigeonpeas,pigeonpeas,0.980000000000,0.970000000000,pigeonpeas|blackgram|papaya,pigeonpeas|blackgram|mango,False,0.970000000000,0.960000000000,0.010000000000,0
104,472,pigeonpeas,temperature,absolute,-1.000000000000,18.729876760000,17.729876760000,False,pigeonpeas,pigeonpeas,0.940000000000,0.920000000000,pigeonpeas|lentil|mothbeans,pigeonpeas|lentil|mothbeans,False,0.900000000000,0.880000000000,0.020000000000,0
106,323,kidneybeans,temperature,absolute,-1.000000000000,17.481897350000,16.481897350000,False,kidneybeans,kidneybeans,0.990000000000,0.990000000000,kidneybeans|chickpea|apple,kidneybeans|chickpea|apple,False,0.980000000000,0.980000000000,0.000000000000,0
108,44,rice,temperature,absolute,-1.000000000000,26.313554980000,25.313554980000,False,rice,rice,0.900000000000,0.890000000000,rice|jute|papaya,rice|jute|papaya,False,0.830000000000,0.810000000000,0.010000000000,0
109,84,rice,temperature,absolute,-1.000000000000,25.282722300000,24.282722300000,False,rice,rice,1.000000000000,1.000000000000,rice|apple|banana,rice|apple|banana,False,1.000000000000,1.000000000000,0.000000000000,0
110,1551,apple,temperature,absolute,-1.000000000000,23.502014280000,22.502014280000,False,apple,apple,1.000000000000,1.000000000000,apple|banana|blackgram,apple|banana|blackgram,False,1.000000000000,1.000000000000,0.000000000000,0
111,647,mungbean,temperature,absolute,-1.000000000000,27.108180930000,26.108180930000,False,mungbean,mungbean,1.000000000000,0.720000000000,mungbean|apple|banana,mungbean|mothbeans|cotton,False,1.000000000000,0.630000000000,0.280000000000,0
115,1456,muskmelon,temperature,absolute,-1.000000000000,27.968722790000,26.968722790000,False,muskmelon,muskmelon,1.000000000000,0.790000000000,muskmelon|apple|banana,muskmelon|watermelon|pomegranate,False,1.000000000000,0.590000000000,0.210000000000,0
121,250,chickpea,temperature,absolute,-1.000000000000,19.407517440000,18.407517440000,False,chickpea,chickpea,1.000000000000,1.000000000000,chickpea|apple|banana,chickpea|apple|banana,False,1.000000000000,1.000000000000,0.000000000000,0
122,199,maize,temperature,absolute,-1.000000000000,25.730444320000,24.730444320000,False,maize,maize,0.940000000000,0.950000000000,maize|coffee|blackgram,maize|pigeonpeas|coffee,False,0.920000000000,0.930000000000,0.010000000000,0
124,110,maize,temperature,absolute,-1.000000000000,23.316891240000,22.316891240000,False,maize,maize,0.970000000000,0.970000000000,maize|cotton|mungbean,maize|cotton|mungbean,False,0.960000000000,0.960000000000,0.000000000000,0
128,1859,coconut,temperature,absolute,-1.000000000000,28.963182580000,27.963182580000,False,coconut,coconut,1.000000000000,1.000000000000,coconut|apple|banana,coconut|apple|banana,False,1.000000000000,1.000000000000,0.000000000000,0
131,226,chickpea,temperature,absolute,-1.000000000000,18.287200700000,17.287200700000,False,chickpea,chickpea,0.920000000000,0.920000000000,chickpea|kidneybeans|apple,chickpea|kidneybeans|apple,False,0.840000000000,0.840000000000,0.000000000000,0
136,1552,apple,temperature,absolute,-1.000000000000,23.462603210000,22.462603210000,False,apple,apple,1.000000000000,1.000000000000,apple|banana|blackgram,apple|banana|blackgram,False,1.000000000000,1.000000000000,0.000000000000,0
148,461,pigeonpeas,temperature,absolute,-1.000000000000,34.872486590000,33.872486590000,False,pigeonpeas,pigeonpeas,0.990000000000,0.990000000000,pigeonpeas|lentil|apple,pigeonpeas|lentil|apple,False,0.980000000000,0.980000000000,0.000000000000,0
156,474,pigeonpeas,temperature,absolute,-1.000000000000,20.435177720000,19.435177720000,False,pigeonpeas,pigeonpeas,0.970000000000,0.970000000000,pigeonpeas|coffee|kidneybeans,pigeonpeas|coffee|kidneybeans,False,0.960000000000,0.960000000000,0.000000000000,0
157,1419,muskmelon,temperature,absolute,-1.000000000000,29.692386990000,28.692386990000,False,muskmelon,muskmelon,1.000000000000,1.000000000000,muskmelon|apple|banana,muskmelon|apple|banana,False,1.000000000000,1.000000000000,0.000000000000,0
164,305,kidneybeans,temperature,absolute,-1.000000000000,17.848065610000,16.848065610000,False,kidneybeans,kidneybeans,0.990000000000,0.990000000000,kidneybeans|pigeonpeas|apple,kidneybeans|pigeonpeas|apple,False,0.980000000000,0.980000000000,0.000000000000,0
189,361,kidneybeans,temperature,absolute,-1.000000000000,20.120043000000,19.120043000000,False,kidneybeans,kidneybeans,1.000000000000,1.000000000000,kidneybeans|apple|banana,kidneybeans|apple|banana,False,1.000000000000,1.000000000000,0.000000000000,0
0,1609,orange,temperature,absolute,0.000000000000,23.961475830000,23.961475830000,False,orange,orange,0.970000000000,0.970000000000,orange|pomegranate|apple,orange|pomegranate|apple,False,0.940000000000,0.940000000000,0.000000000000,0
1,1072,banana,temperature,absolute,0.000000000000,25.341197740000,25.341197740000,False,banana,banana,0.930000000000,0.930000000000,banana|papaya|cotton,banana|papaya|cotton,False,0.890000000000,0.890000000000,0.000000000000,0
2,1912,cotton,temperature,absolute,0.000000000000,24.147295300000,24.147295300000,False,cotton,cotton,1.000000000000,1.000000000000,cotton|apple|banana,cotton|apple|banana,False,1.000000000000,1.000000000000,0.000000000000,0
3,100,maize,temperature,absolute,0.000000000000,22.613599530000,22.613599530000,False,maize,maize,0.990000000000,0.990000000000,maize|mothbeans|apple,maize|mothbeans|apple,False,0.980000000000,0.980000000000,0.000000000000,0
4,1645,orange,temperature,absolute,0.000000000000,24.536100670000,24.536100670000,False,orange,orange,0.990000000000,0.990000000000,orange|pomegranate|apple,orange|pomegranate|apple,False,0.980000000000,0.980000000000,0.000000000000,0
5,221,chickpea,temperature,absolute,0.000000000000,20.093405930000,20.093405930000,False,chickpea,chickpea,1.000000000000,1.000000000000,chickpea|apple|banana,chickpea|apple|banana,False,1.000000000000,1.000000000000,0.000000000000,0
6,28,rice,temperature,absolute,0.000000000000,20.775761470000,20.775761470000,False,rice,rice,0.990000000000,0.990000000000,rice|jute|apple,rice|jute|apple,False,0.980000000000,0.980000000000,0.000000000000,0
7,701,blackgram,temperature,absolute,0.000000000000,26.734339650000,26.734339650000,False,blackgram,blackgram,0.970000000000,0.970000000000,blackgram|lentil|apple,blackgram|lentil|apple,False,0.940000000000,0.940000000000,0.000000000000,0
8,1097,banana,temperature,absolute,0.000000000000,28.672089150000,28.672089150000,False,banana,banana,1.000000000000,1.000000000000,banana|apple|blackgram,banana|apple|blackgram,False,1.000000000000,1.000000000000,0.000000000000,0
9,1638,orange,temperature,absolute,0.000000000000,21.213069730000,21.213069730000,False,orange,orange,1.000000000000,1.000000000000,orange|apple|banana,orange|apple|banana,False,1.000000000000,1.000000000000,0.000000000000,0
10,1391,watermelon,temperature,absolute,0.000000000000,24.543569680000,24.543569680000,False,watermelon,watermelon,1.000000000000,1.000000000000,watermelon|apple|banana,watermelon|apple|banana,False,1.000000000000,1.000000000000,0.000000000000,0
11,901,pomegranate,temperature,absolute,0.000000000000,19.656900850000,19.656900850000,False,pomegranate,pomegranate,1.000000000000,1.000000000000,pomegranate|apple|banana,pomegranate|apple|banana,False,1.000000000000,1.000000000000,0.000000000000,0
12,1386,watermelon,temperature,absolute,0.000000000000,26.275206310000,26.275206310000,False,watermelon,watermelon,1.000000000000,1.000000000000,watermelon|apple|banana,watermelon|apple|banana,False,1.000000000000,1.000000000000,0.000000000000,0
13,171,maize,temperature,absolute,0.000000000000,21.701814470000,21.701814470000,False,maize,maize,1.000000000000,1.000000000000,maize|apple|banana,maize|apple|banana,False,1.000000000000,1.000000000000,0.000000000000,0
14,544,mothbeans,temperature,absolute,0.000000000000,26.457077780000,26.457077780000,False,mothbeans,mothbeans,0.810000000000,0.810000000000,mothbeans|blackgram|pigeonpeas,mothbeans|blackgram|pigeonpeas,False,0.740000000000,0.740000000000,0.000000000000,0
15,1264,grapes,temperature,absolute,0.000000000000,13.285043310000,13.285043310000,False,grapes,grapes,1.000000000000,1.000000000000,grapes|apple|banana,grapes|apple|banana,False,1.000000000000,1.000000000000,0.000000000000,0
16,1220,grapes,temperature,absolute,0.000000000000,36.731266470000,36.731266470000,False,grapes,grapes,1.000000000000,1.000000000000,grapes|apple|banana,grapes|apple|banana,False,1.000000000000,1.000000000000,0.000000000000,0
17,1154,mango,temperature,absolute,0.000000000000,30.172941050000,30.172941050000,False,mango,mango,1.000000000000,1.000000000000,mango|apple|banana,mango|apple|banana,False,1.000000000000,1.000000000000,0.000000000000,0
18,1131,mango,temperature,absolute,0.000000000000,31.409488210000,31.409488210000,False,mango,mango,0.980000000000,0.980000000000,mango|mothbeans|papaya,mango|mothbeans|papaya,False,0.970000000000,0.970000000000,0.000000000000,0
19,1514,apple,temperature,absolute,0.000000000000,23.672877490000,23.672877490000,False,apple,apple,1.000000000000,1.000000000000,apple|banana|blackgram,apple|banana|blackgram,False,1.000000000000,1.000000000000,0.000000000000,0
20,795,blackgram,temperature,absolute,0.000000000000,33.369843950000,33.369843950000,False,blackgram,blackgram,0.990000000000,0.990000000000,blackgram|lentil|apple,blackgram|lentil|apple,False,0.980000000000,0.980000000000,0.000000000000,0
21,1502,apple,temperature,absolute,0.000000000000,22.608009880000,22.608009880000,False,apple,apple,1.000000000000,1.000000000000,apple|banana|blackgram,apple|banana|blackgram,False,1.000000000000,1.000000000000,0.000000000000,0
22,585,mothbeans,temperature,absolute,0.000000000000,29.612530650000,29.612530650000,False,mothbeans,mothbeans,0.790000000000,0.790000000000,mothbeans|lentil|blackgram,mothbeans|lentil|blackgram,False,0.610000000000,0.610000000000,0.000000000000,0
23,387,kidneybeans,temperature,absolute,0.000000000000,17.308445320000,17.308445320000,False,kidneybeans,kidneybeans,0.990000000000,0.990000000000,kidneybeans|pigeonpeas|apple,kidneybeans|pigeonpeas|apple,False,0.980000000000,0.980000000000,0.000000000000,0
24,1591,apple,temperature,absolute,0.000000000000,23.640829790000,23.640829790000,False,apple,apple,0.980000000000,0.980000000000,apple|grapes|banana,apple|grapes|banana,False,0.960000000000,0.960000000000,0.000000000000,0
25,2003,jute,temperature,absolute,0.000000000000,25.721008680000,25.721008680000,False,jute,jute,0.980000000000,0.980000000000,jute|rice|watermelon,jute|rice|watermelon,False,0.970000000000,0.970000000000,0.000000000000,0
26,505,mothbeans,temperature,absolute,0.000000000000,31.999285790000,31.999285790000,False,mothbeans,mothbeans,0.890000000000,0.890000000000,mothbeans|blackgram|pigeonpeas,mothbeans|blackgram|pigeonpeas,False,0.840000000000,0.840000000000,0.000000000000,0
27,1342,watermelon,temperature,absolute,0.000000000000,25.920302210000,25.920302210000,False,watermelon,watermelon,1.000000000000,1.000000000000,watermelon|apple|banana,watermelon|apple|banana,False,1.000000000000,1.000000000000,0.000000000000,0
28,0,rice,temperature,absolute,0.000000000000,20.879743710000,20.879743710000,False,rice,rice,0.900000000000,0.900000000000,rice|jute|apple,rice|jute|apple,False,0.800000000000,0.800000000000,0.000000000000,0
29,2106,coffee,temperature,absolute,0.000000000000,23.059518960000,23.059518960000,False,coffee,coffee,1.000000000000,1.000000000000,coffee|apple|banana,coffee|apple|banana,False,1.000000000000,1.000000000000,0.000000000000,0
30,1102,mango,temperature,absolute,0.000000000000,27.003155450000,27.003155450000,False,mango,mango,0.920000000000,0.920000000000,mango|coconut|coffee,mango|coconut|coffee,False,0.900000000000,0.900000000000,0.000000000000,0
31,2086,jute,temperature,absolute,0.000000000000,26.508386670000,26.508386670000,False,jute,jute,0.930000000000,0.930000000000,jute|rice|banana,jute|rice|banana,False,0.870000000000,0.870000000000,0.000000000000,0
32,1036,banana,temperature,absolute,0.000000000000,25.409098960000,25.409098960000,False,banana,banana,1.000000000000,1.000000000000,banana|apple|blackgram,banana|apple|blackgram,False,1.000000000000,1.000000000000,0.000000000000,0
33,2167,coffee,temperature,absolute,0.000000000000,26.444140970000,26.444140970000,False,coffee,coffee,1.000000000000,1.000000000000,coffee|apple|banana,coffee|apple|banana,False,1.000000000000,1.000000000000,0.000000000000,0
34,2050,jute,temperature,absolute,0.000000000000,25.274633500000,25.274633500000,False,jute,jute,0.990000000000,0.990000000000,jute|rice|apple,jute|rice|apple,False,0.980000000000,0.980000000000,0.000000000000,0
35,737,blackgram,temperature,absolute,0.000000000000,26.237731290000,26.237731290000,False,blackgram,blackgram,0.910000000000,0.910000000000,blackgram|maize|lentil,blackgram|maize|lentil,False,0.830000000000,0.830000000000,0.000000000000,0
36,1298,grapes,temperature,absolute,0.000000000000,18.706790770000,18.706790770000,False,grapes,grapes,1.000000000000,1.000000000000,grapes|apple|banana,grapes|apple|banana,False,1.000000000000,1.000000000000,0.000000000000,0
37,1200,grapes,temperature,absolute,0.000000000000,29.996772320000,29.996772320000,False,grapes,grapes,1.000000000000,1.000000000000,grapes|apple|banana,grapes|apple|banana,False,1.000000000000,1.000000000000,0.000000000000,0
38,731,blackgram,temperature,absolute,0.000000000000,33.863511720000,33.863511720000,False,blackgram,blackgram,0.990000000000,0.990000000000,blackgram|mothbeans|apple,blackgram|mothbeans|apple,False,0.980000000000,0.980000000000,0.000000000000,0
39,2042,jute,temperature,absolute,0.000000000000,24.893263180000,24.893263180000,False,jute,jute,0.930000000000,0.930000000000,jute|rice|papaya,jute|rice|papaya,False,0.890000000000,0.890000000000,0.000000000000,0
40,1829,coconut,temperature,absolute,0.000000000000,27.148652850000,27.148652850000,False,coconut,coconut,1.000000000000,1.000000000000,coconut|apple|banana,coconut|apple|banana,False,1.000000000000,1.000000000000,0.000000000000,0
41,1716,papaya,temperature,absolute,0.000000000000,38.441871700000,38.441871700000,False,papaya,papaya,0.990000000000,0.990000000000,papaya|grapes|apple,papaya|grapes|apple,False,0.980000000000,0.980000000000,0.000000000000,0
42,1156,mango,temperature,absolute,0.000000000000,32.060971970000,32.060971970000,False,mango,mango,1.000000000000,1.000000000000,mango|apple|banana,mango|apple|banana,False,1.000000000000,1.000000000000,0.000000000000,0
43,185,maize,temperature,absolute,0.000000000000,25.082397190000,25.082397190000,False,maize,maize,0.970000000000,0.970000000000,maize|mothbeans|coffee,maize|mothbeans|coffee,False,0.950000000000,0.950000000000,0.000000000000,0
44,861,lentil,temperature,absolute,0.000000000000,20.060039850000,20.060039850000,False,lentil,lentil,0.980000000000,0.980000000000,lentil|blackgram|apple,lentil|blackgram|apple,False,0.960000000000,0.960000000000,0.000000000000,0
45,2022,jute,temperature,absolute,0.000000000000,26.874838900000,26.874838900000,False,jute,jute,0.940000000000,0.940000000000,jute|rice|watermelon,jute|rice|watermelon,False,0.890000000000,0.890000000000,0.000000000000,0
46,1973,cotton,temperature,absolute,0.000000000000,22.953571500000,22.953571500000,False,cotton,cotton,0.960000000000,0.960000000000,cotton|maize|banana,cotton|maize|banana,False,0.940000000000,0.940000000000,0.000000000000,0
47,850,lentil,temperature,absolute,0.000000000000,24.121926080000,24.121926080000,False,lentil,lentil,0.900000000000,0.900000000000,lentil|mothbeans|blackgram,lentil|mothbeans|blackgram,False,0.840000000000,0.840000000000,0.000000000000,0
48,203,chickpea,temperature,absolute,0.000000000000,18.868056470000,18.868056470000,False,chickpea,chickpea,1.000000000000,1.000000000000,chickpea|apple|banana,chickpea|apple|banana,False,1.000000000000,1.000000000000,0.000000000000,0
49,696,mungbean,temperature,absolute,0.000000000000,27.956396630000,27.956396630000,False,mungbean,mungbean,1.000000000000,1.000000000000,mungbean|apple|banana,mungbean|apple|banana,False,1.000000000000,1.000000000000,0.000000000000,0
50,1737,papaya,temperature,absolute,0.000000000000,31.532437790000,31.532437790000,False,papaya,papaya,0.930000000000,0.930000000000,papaya|rice|apple,papaya|rice|apple,False,0.860000000000,0.860000000000,0.000000000000,0
51,961,pomegranate,temperature,absolute,0.000000000000,20.938929160000,20.938929160000,False,pomegranate,pomegranate,0.990000000000,0.990000000000,pomegranate|orange|apple,pomegranate|orange|apple,False,0.980000000000,0.980000000000,0.000000000000,0
52,405,pigeonpeas,temperature,absolute,0.000000000000,30.332765990000,30.332765990000,False,pigeonpeas,pigeonpeas,0.920000000000,0.920000000000,pigeonpeas|mango|coconut,pigeonpeas|mango|coconut,False,0.850000000000,0.850000000000,0.000000000000,0
53,1392,watermelon,temperature,absolute,0.000000000000,25.897623150000,25.897623150000,False,watermelon,watermelon,1.000000000000,1.000000000000,watermelon|apple|banana,watermelon|apple|banana,False,1.000000000000,1.000000000000,0.000000000000,0
54,1158,mango,temperature,absolute,0.000000000000,29.143050080000,29.143050080000,False,mango,mango,0.980000000000,0.980000000000,mango|mothbeans|orange,mango|mothbeans|orange,False,0.970000000000,0.970000000000,0.000000000000,0
55,768,blackgram,temperature,absolute,0.000000000000,32.839637570000,32.839637570000,False,blackgram,blackgram,0.680000000000,0.680000000000,blackgram|mothbeans|lentil,blackgram|mothbeans|lentil,False,0.440000000000,0.440000000000,0.000000000000,0
56,1763,papaya,temperature,absolute,0.000000000000,30.420121340000,30.420121340000,False,papaya,papaya,0.990000000000,0.990000000000,papaya|banana|apple,papaya|banana|apple,False,0.980000000000,0.980000000000,0.000000000000,0
57,1798,papaya,temperature,absolute,0.000000000000,37.035519030000,37.035519030000,False,papaya,papaya,1.000000000000,1.000000000000,papaya|apple|banana,papaya|apple|banana,False,1.000000000000,1.000000000000,0.000000000000,0
58,2173,coffee,temperature,absolute,0.000000000000,26.357709060000,26.357709060000,False,coffee,coffee,0.980000000000,0.980000000000,coffee|coconut|apple,coffee|coconut|apple,False,0.960000000000,0.960000000000,0.000000000000,0
59,825,lentil,temperature,absolute,0.000000000000,25.879902870000,25.879902870000,False,lentil,lentil,0.990000000000,0.990000000000,lentil|blackgram|apple,lentil|blackgram|apple,False,0.980000000000,0.980000000000,0.000000000000,0
60,813,lentil,temperature,absolute,0.000000000000,28.420628470000,28.420628470000,False,lentil,lentil,0.820000000000,0.820000000000,lentil|mothbeans|blackgram,lentil|mothbeans|blackgram,False,0.710000000000,0.710000000000,0.000000000000,0
61,539,mothbeans,temperature,absolute,0.000000000000,30.884827220000,30.884827220000,False,mothbeans,mothbeans,0.960000000000,0.960000000000,mothbeans|lentil|pigeonpeas,mothbeans|lentil|pigeonpeas,False,0.930000000000,0.930000000000,0.000000000000,0
62,2157,coffee,temperature,absolute,0.000000000000,24.229846590000,24.229846590000,False,coffee,coffee,1.000000000000,1.000000000000,coffee|apple|banana,coffee|apple|banana,False,1.000000000000,1.000000000000,0.000000000000,0
63,1032,banana,temperature,absolute,0.000000000000,25.145176350000,25.145176350000,False,banana,banana,0.970000000000,0.970000000000,banana|jute|apple,banana|jute|apple,False,0.940000000000,0.940000000000,0.000000000000,0
64,1707,papaya,temperature,absolute,0.000000000000,23.485469730000,23.485469730000,False,papaya,papaya,0.930000000000,0.930000000000,papaya|pomegranate|pigeonpeas,papaya|pomegranate|pigeonpeas,False,0.900000000000,0.900000000000,0.000000000000,0
65,54,rice,temperature,absolute,0.000000000000,26.229168970000,26.229168970000,False,rice,rice,0.980000000000,0.980000000000,rice|jute|apple,rice|jute|apple,False,0.960000000000,0.960000000000,0.000000000000,0
66,1630,orange,temperature,absolute,0.000000000000,30.491838370000,30.491838370000,False,orange,orange,0.980000000000,0.980000000000,orange|mango|pomegranate,orange|mango|pomegranate,False,0.970000000000,0.970000000000,0.000000000000,0
67,1818,coconut,temperature,absolute,0.000000000000,28.033805980000,28.033805980000,False,coconut,coconut,1.000000000000,1.000000000000,coconut|apple|banana,coconut|apple|banana,False,1.000000000000,1.000000000000,0.000000000000,0
69,920,pomegranate,temperature,absolute,0.000000000000,22.487201440000,22.487201440000,False,pomegranate,pomegranate,0.970000000000,0.970000000000,pomegranate|orange|apple,pomegranate|orange|apple,False,0.940000000000,0.940000000000,0.000000000000,0
70,1033,banana,temperature,absolute,0.000000000000,28.654562630000,28.654562630000,False,banana,banana,1.000000000000,1.000000000000,banana|apple|blackgram,banana|apple|blackgram,False,1.000000000000,1.000000000000,0.000000000000,0
71,1458,muskmelon,temperature,absolute,0.000000000000,29.471562590000,29.471562590000,False,muskmelon,muskmelon,1.000000000000,1.000000000000,muskmelon|apple|banana,muskmelon|apple|banana,False,1.000000000000,1.000000000000,0.000000000000,0
72,1369,watermelon,temperature,absolute,0.000000000000,25.418640240000,25.418640240000,False,watermelon,watermelon,1.000000000000,1.000000000000,watermelon|apple|banana,watermelon|apple|banana,False,1.000000000000,1.000000000000,0.000000000000,0
73,859,lentil,temperature,absolute,0.000000000000,24.874255050000,24.874255050000,False,lentil,lentil,1.000000000000,1.000000000000,lentil|apple|banana,lentil|apple|banana,False,1.000000000000,1.000000000000,0.000000000000,0
75,1854,coconut,temperature,absolute,0.000000000000,26.509086110000,26.509086110000,False,coconut,coconut,1.000000000000,1.000000000000,coconut|apple|banana,coconut|apple|banana,False,1.000000000000,1.000000000000,0.000000000000,0
76,575,mothbeans,temperature,absolute,0.000000000000,28.009374230000,28.009374230000,False,mothbeans,mothbeans,0.900000000000,0.900000000000,mothbeans|lentil|mungbean,mothbeans|lentil|mungbean,False,0.820000000000,0.820000000000,0.000000000000,0
77,606,mungbean,temperature,absolute,0.000000000000,28.562121580000,28.562121580000,False,mungbean,mungbean,0.980000000000,0.980000000000,mungbean|blackgram|apple,mungbean|blackgram|apple,False,0.960000000000,0.960000000000,0.000000000000,0
78,614,mungbean,temperature,absolute,0.000000000000,29.755389030000,29.755389030000,False,mungbean,mungbean,0.970000000000,0.970000000000,mungbean|mothbeans|orange,mungbean|mothbeans|orange,False,0.950000000000,0.950000000000,0.000000000000,0
80,2182,coffee,temperature,absolute,0.000000000000,26.717173930000,26.717173930000,False,coffee,coffee,0.990000000000,0.990000000000,coffee|coconut|apple,coffee|coconut|apple,False,0.980000000000,0.980000000000,0.000000000000,0
82,1473,muskmelon,temperature,absolute,0.000000000000,28.585464900000,28.585464900000,False,muskmelon,muskmelon,1.000000000000,1.000000000000,muskmelon|apple|banana,muskmelon|apple|banana,False,1.000000000000,1.000000000000,0.000000000000,0
83,303,kidneybeans,temperature,absolute,0.000000000000,16.433403420000,16.433403420000,False,kidneybeans,kidneybeans,0.950000000000,0.950000000000,kidneybeans|chickpea|pigeonpeas,kidneybeans|chickpea|pigeonpeas,False,0.910000000000,0.910000000000,0.000000000000,0
85,937,pomegranate,temperature,absolute,0.000000000000,24.944676320000,24.944676320000,False,pomegranate,pomegranate,0.910000000000,0.910000000000,pomegranate|papaya|orange,pomegranate|papaya|orange,False,0.870000000000,0.870000000000,0.000000000000,0
86,1697,orange,temperature,absolute,0.000000000000,27.681673180000,27.681673180000,False,orange,orange,0.980000000000,0.980000000000,orange|mango|pomegranate,orange|mango|pomegranate,False,0.970000000000,0.970000000000,0.000000000000,0
87,1987,cotton,temperature,absolute,0.000000000000,24.688547990000,24.688547990000,False,cotton,cotton,1.000000000000,1.000000000000,cotton|apple|banana,cotton|apple|banana,False,1.000000000000,1.000000000000,0.000000000000,0
88,1851,coconut,temperature,absolute,0.000000000000,27.593768450000,27.593768450000,False,coconut,coconut,0.990000000000,0.990000000000,coconut|coffee|apple,coconut|coffee|apple,False,0.980000000000,0.980000000000,0.000000000000,0
91,613,mungbean,temperature,absolute,0.000000000000,29.008124000000,29.008124000000,False,mungbean,mungbean,1.000000000000,1.000000000000,mungbean|apple|banana,mungbean|apple|banana,False,1.000000000000,1.000000000000,0.000000000000,0
93,1960,cotton,temperature,absolute,0.000000000000,25.320237170000,25.320237170000,False,cotton,cotton,1.000000000000,1.000000000000,cotton|apple|banana,cotton|apple|banana,False,1.000000000000,1.000000000000,0.000000000000,0
95,1225,grapes,temperature,absolute,0.000000000000,12.087022000000,12.087022000000,False,grapes,grapes,1.000000000000,1.000000000000,grapes|apple|banana,grapes|apple|banana,False,1.000000000000,1.000000000000,0.000000000000,0
96,1988,cotton,temperature,absolute,0.000000000000,25.849972690000,25.849972690000,False,cotton,cotton,1.000000000000,1.000000000000,cotton|apple|banana,cotton|apple|banana,False,1.000000000000,1.000000000000,0.000000000000,0
97,227,chickpea,temperature,absolute,0.000000000000,19.030253050000,19.030253050000,False,chickpea,chickpea,0.940000000000,0.940000000000,chickpea|kidneybeans|coffee,chickpea|kidneybeans|coffee,False,0.910000000000,0.910000000000,0.000000000000,0
100,1499,muskmelon,temperature,absolute,0.000000000000,28.960178850000,28.960178850000,False,muskmelon,muskmelon,1.000000000000,1.000000000000,muskmelon|apple|banana,muskmelon|apple|banana,False,1.000000000000,1.000000000000,0.000000000000,0
101,989,pomegranate,temperature,absolute,0.000000000000,24.383189650000,24.383189650000,False,pomegranate,pomegranate,0.990000000000,0.990000000000,pomegranate|orange|apple,pomegranate|orange|apple,False,0.980000000000,0.980000000000,0.000000000000,0
103,497,pigeonpeas,temperature,absolute,0.000000000000,29.650529470000,29.650529470000,False,pigeonpeas,pigeonpeas,0.980000000000,0.980000000000,pigeonpeas|blackgram|papaya,pigeonpeas|blackgram|papaya,False,0.970000000000,0.970000000000,0.000000000000,0
104,472,pigeonpeas,temperature,absolute,0.000000000000,18.729876760000,18.729876760000,False,pigeonpeas,pigeonpeas,0.940000000000,0.940000000000,pigeonpeas|lentil|mothbeans,pigeonpeas|lentil|mothbeans,False,0.900000000000,0.900000000000,0.000000000000,0
106,323,kidneybeans,temperature,absolute,0.000000000000,17.481897350000,17.481897350000,False,kidneybeans,kidneybeans,0.990000000000,0.990000000000,kidneybeans|chickpea|apple,kidneybeans|chickpea|apple,False,0.980000000000,0.980000000000,0.000000000000,0
108,44,rice,temperature,absolute,0.000000000000,26.313554980000,26.313554980000,False,rice,rice,0.900000000000,0.900000000000,rice|jute|papaya,rice|jute|papaya,False,0.830000000000,0.830000000000,0.000000000000,0
109,84,rice,temperature,absolute,0.000000000000,25.282722300000,25.282722300000,False,rice,rice,1.000000000000,1.000000000000,rice|apple|banana,rice|apple|banana,False,1.000000000000,1.000000000000,0.000000000000,0
110,1551,apple,temperature,absolute,0.000000000000,23.502014280000,23.502014280000,False,apple,apple,1.000000000000,1.000000000000,apple|banana|blackgram,apple|banana|blackgram,False,1.000000000000,1.000000000000,0.000000000000,0
111,647,mungbean,temperature,absolute,0.000000000000,27.108180930000,27.108180930000,False,mungbean,mungbean,1.000000000000,1.000000000000,mungbean|apple|banana,mungbean|apple|banana,False,1.000000000000,1.000000000000,0.000000000000,0
115,1456,muskmelon,temperature,absolute,0.000000000000,27.968722790000,27.968722790000,False,muskmelon,muskmelon,1.000000000000,1.000000000000,muskmelon|apple|banana,muskmelon|apple|banana,False,1.000000000000,1.000000000000,0.000000000000,0
121,250,chickpea,temperature,absolute,0.000000000000,19.407517440000,19.407517440000,False,chickpea,chickpea,1.000000000000,1.000000000000,chickpea|apple|banana,chickpea|apple|banana,False,1.000000000000,1.000000000000,0.000000000000,0
122,199,maize,temperature,absolute,0.000000000000,25.730444320000,25.730444320000,False,maize,maize,0.940000000000,0.940000000000,maize|coffee|blackgram,maize|coffee|blackgram,False,0.920000000000,0.920000000000,0.000000000000,0
124,110,maize,temperature,absolute,0.000000000000,23.316891240000,23.316891240000,False,maize,maize,0.970000000000,0.970000000000,maize|cotton|mungbean,maize|cotton|mungbean,False,0.960000000000,0.960000000000,0.000000000000,0
128,1859,coconut,temperature,absolute,0.000000000000,28.963182580000,28.963182580000,False,coconut,coconut,1.000000000000,1.000000000000,coconut|apple|banana,coconut|apple|banana,False,1.000000000000,1.000000000000,0.000000000000,0
131,226,chickpea,temperature,absolute,0.000000000000,18.287200700000,18.287200700000,False,chickpea,chickpea,0.920000000000,0.920000000000,chickpea|kidneybeans|apple,chickpea|kidneybeans|apple,False,0.840000000000,0.840000000000,0.000000000000,0
136,1552,apple,temperature,absolute,0.000000000000,23.462603210000,23.462603210000,False,apple,apple,1.000000000000,1.000000000000,apple|banana|blackgram,apple|banana|blackgram,False,1.000000000000,1.000000000000,0.000000000000,0
148,461,pigeonpeas,temperature,absolute,0.000000000000,34.872486590000,34.872486590000,False,pigeonpeas,pigeonpeas,0.990000000000,0.990000000000,pigeonpeas|lentil|apple,pigeonpeas|lentil|apple,False,0.980000000000,0.980000000000,0.000000000000,0
156,474,pigeonpeas,temperature,absolute,0.000000000000,20.435177720000,20.435177720000,False,pigeonpeas,pigeonpeas,0.970000000000,0.970000000000,pigeonpeas|coffee|kidneybeans,pigeonpeas|coffee|kidneybeans,False,0.960000000000,0.960000000000,0.000000000000,0
157,1419,muskmelon,temperature,absolute,0.000000000000,29.692386990000,29.692386990000,False,muskmelon,muskmelon,1.000000000000,1.000000000000,muskmelon|apple|banana,muskmelon|apple|banana,False,1.000000000000,1.000000000000,0.000000000000,0
164,305,kidneybeans,temperature,absolute,0.000000000000,17.848065610000,17.848065610000,False,kidneybeans,kidneybeans,0.990000000000,0.990000000000,kidneybeans|pigeonpeas|apple,kidneybeans|pigeonpeas|apple,False,0.980000000000,0.980000000000,0.000000000000,0
189,361,kidneybeans,temperature,absolute,0.000000000000,20.120043000000,20.120043000000,False,kidneybeans,kidneybeans,1.000000000000,1.000000000000,kidneybeans|apple|banana,kidneybeans|apple|banana,False,1.000000000000,1.000000000000,0.000000000000,0
0,1609,orange,temperature,absolute,1.000000000000,23.961475830000,24.961475830000,False,orange,orange,0.970000000000,0.960000000000,orange|pomegranate|apple,orange|pomegranate|papaya,False,0.940000000000,0.930000000000,0.010000000000,0
1,1072,banana,temperature,absolute,1.000000000000,25.341197740000,26.341197740000,False,banana,banana,0.930000000000,0.930000000000,banana|papaya|cotton,banana|papaya|cotton,False,0.890000000000,0.890000000000,0.000000000000,0
2,1912,cotton,temperature,absolute,1.000000000000,24.147295300000,25.147295300000,False,cotton,cotton,1.000000000000,1.000000000000,cotton|apple|banana,cotton|apple|banana,False,1.000000000000,1.000000000000,0.000000000000,0
3,100,maize,temperature,absolute,1.000000000000,22.613599530000,23.613599530000,False,maize,maize,0.990000000000,0.990000000000,maize|mothbeans|apple,maize|mothbeans|apple,False,0.980000000000,0.980000000000,0.000000000000,0
4,1645,orange,temperature,absolute,1.000000000000,24.536100670000,25.536100670000,False,orange,orange,0.990000000000,0.970000000000,orange|pomegranate|apple,orange|coconut|papaya,False,0.980000000000,0.960000000000,0.020000000000,0
5,221,chickpea,temperature,absolute,1.000000000000,20.093405930000,21.093405930000,False,chickpea,chickpea,1.000000000000,0.960000000000,chickpea|apple|banana,chickpea|kidneybeans|coffee,False,1.000000000000,0.930000000000,0.040000000000,0
6,28,rice,temperature,absolute,1.000000000000,20.775761470000,21.775761470000,False,rice,rice,0.990000000000,0.990000000000,rice|jute|apple,rice|jute|apple,False,0.980000000000,0.980000000000,0.000000000000,0
7,701,blackgram,temperature,absolute,1.000000000000,26.734339650000,27.734339650000,False,blackgram,blackgram,0.970000000000,0.990000000000,blackgram|lentil|apple,blackgram|lentil|apple,False,0.940000000000,0.980000000000,0.020000000000,0
8,1097,banana,temperature,absolute,1.000000000000,28.672089150000,29.672089150000,False,banana,banana,1.000000000000,1.000000000000,banana|apple|blackgram,banana|apple|blackgram,False,1.000000000000,1.000000000000,0.000000000000,0
9,1638,orange,temperature,absolute,1.000000000000,21.213069730000,22.213069730000,False,orange,orange,1.000000000000,1.000000000000,orange|apple|banana,orange|apple|banana,False,1.000000000000,1.000000000000,0.000000000000,0
10,1391,watermelon,temperature,absolute,1.000000000000,24.543569680000,25.543569680000,False,watermelon,watermelon,1.000000000000,1.000000000000,watermelon|apple|banana,watermelon|apple|banana,False,1.000000000000,1.000000000000,0.000000000000,0
11,901,pomegranate,temperature,absolute,1.000000000000,19.656900850000,20.656900850000,False,pomegranate,pomegranate,1.000000000000,1.000000000000,pomegranate|apple|banana,pomegranate|apple|banana,False,1.000000000000,1.000000000000,0.000000000000,0
12,1386,watermelon,temperature,absolute,1.000000000000,26.275206310000,27.275206310000,False,watermelon,watermelon,1.000000000000,0.680000000000,watermelon|apple|banana,watermelon|muskmelon|banana,False,1.000000000000,0.540000000000,0.320000000000,0
13,171,maize,temperature,absolute,1.000000000000,21.701814470000,22.701814470000,False,maize,maize,1.000000000000,1.000000000000,maize|apple|banana,maize|apple|banana,False,1.000000000000,1.000000000000,0.000000000000,0
14,544,mothbeans,temperature,absolute,1.000000000000,26.457077780000,27.457077780000,False,mothbeans,mothbeans,0.810000000000,0.870000000000,mothbeans|blackgram|pigeonpeas,mothbeans|blackgram|pigeonpeas,False,0.740000000000,0.820000000000,0.060000000000,0
15,1264,grapes,temperature,absolute,1.000000000000,13.285043310000,14.285043310000,False,grapes,grapes,1.000000000000,1.000000000000,grapes|apple|banana,grapes|apple|banana,False,1.000000000000,1.000000000000,0.000000000000,0
16,1220,grapes,temperature,absolute,1.000000000000,36.731266470000,37.731266470000,False,grapes,grapes,1.000000000000,1.000000000000,grapes|apple|banana,grapes|apple|banana,False,1.000000000000,1.000000000000,0.000000000000,0
17,1154,mango,temperature,absolute,1.000000000000,30.172941050000,31.172941050000,False,mango,mango,1.000000000000,1.000000000000,mango|apple|banana,mango|apple|banana,False,1.000000000000,1.000000000000,0.000000000000,0
18,1131,mango,temperature,absolute,1.000000000000,31.409488210000,32.409488210000,False,mango,mango,0.980000000000,0.980000000000,mango|mothbeans|papaya,mango|mothbeans|papaya,False,0.970000000000,0.970000000000,0.000000000000,0
19,1514,apple,temperature,absolute,1.000000000000,23.672877490000,24.672877490000,False,apple,apple,1.000000000000,0.800000000000,apple|banana|blackgram,apple|grapes|papaya,False,1.000000000000,0.630000000000,0.200000000000,0
20,795,blackgram,temperature,absolute,1.000000000000,33.369843950000,34.369843950000,False,blackgram,blackgram,0.990000000000,0.990000000000,blackgram|lentil|apple,blackgram|lentil|apple,False,0.980000000000,0.980000000000,0.000000000000,0
21,1502,apple,temperature,absolute,1.000000000000,22.608009880000,23.608009880000,False,apple,apple,1.000000000000,1.000000000000,apple|banana|blackgram,apple|banana|blackgram,False,1.000000000000,1.000000000000,0.000000000000,0
22,585,mothbeans,temperature,absolute,1.000000000000,29.612530650000,30.612530650000,False,mothbeans,mothbeans,0.790000000000,0.860000000000,mothbeans|lentil|blackgram,mothbeans|lentil|blackgram,False,0.610000000000,0.740000000000,0.070000000000,0
23,387,kidneybeans,temperature,absolute,1.000000000000,17.308445320000,18.308445320000,False,kidneybeans,kidneybeans,0.990000000000,0.990000000000,kidneybeans|pigeonpeas|apple,kidneybeans|pigeonpeas|apple,False,0.980000000000,0.980000000000,0.000000000000,0
24,1591,apple,temperature,absolute,1.000000000000,23.640829790000,24.640829790000,False,apple,apple,0.980000000000,0.790000000000,apple|grapes|banana,apple|grapes|papaya,False,0.960000000000,0.600000000000,0.190000000000,0
25,2003,jute,temperature,absolute,1.000000000000,25.721008680000,26.721008680000,False,jute,jute,0.980000000000,0.940000000000,jute|rice|watermelon,jute|rice|watermelon,False,0.970000000000,0.890000000000,0.040000000000,0
26,505,mothbeans,temperature,absolute,1.000000000000,31.999285790000,32.999285790000,False,mothbeans,mothbeans,0.890000000000,0.860000000000,mothbeans|blackgram|pigeonpeas,mothbeans|blackgram|pigeonpeas,False,0.840000000000,0.790000000000,0.030000000000,0
27,1342,watermelon,temperature,absolute,1.000000000000,25.920302210000,26.920302210000,False,watermelon,watermelon,1.000000000000,0.990000000000,watermelon|apple|banana,watermelon|muskmelon|apple,False,1.000000000000,0.980000000000,0.010000000000,0
28,0,rice,temperature,absolute,1.000000000000,20.879743710000,21.879743710000,False,rice,rice,0.900000000000,0.900000000000,rice|jute|apple,rice|jute|apple,False,0.800000000000,0.800000000000,0.000000000000,0
29,2106,coffee,temperature,absolute,1.000000000000,23.059518960000,24.059518960000,False,coffee,coffee,1.000000000000,1.000000000000,coffee|apple|banana,coffee|apple|banana,False,1.000000000000,1.000000000000,0.000000000000,0
30,1102,mango,temperature,absolute,1.000000000000,27.003155450000,28.003155450000,False,mango,mango,0.920000000000,1.000000000000,mango|coconut|coffee,mango|apple|banana,False,0.900000000000,1.000000000000,0.080000000000,0
31,2086,jute,temperature,absolute,1.000000000000,26.508386670000,27.508386670000,False,jute,jute,0.930000000000,0.710000000000,jute|rice|banana,jute|rice|banana,False,0.870000000000,0.640000000000,0.220000000000,0
32,1036,banana,temperature,absolute,1.000000000000,25.409098960000,26.409098960000,False,banana,banana,1.000000000000,1.000000000000,banana|apple|blackgram,banana|apple|blackgram,False,1.000000000000,1.000000000000,0.000000000000,0
33,2167,coffee,temperature,absolute,1.000000000000,26.444140970000,27.444140970000,False,coffee,coffee,1.000000000000,1.000000000000,coffee|apple|banana,coffee|apple|banana,False,1.000000000000,1.000000000000,0.000000000000,0
34,2050,jute,temperature,absolute,1.000000000000,25.274633500000,26.274633500000,False,jute,jute,0.990000000000,0.990000000000,jute|rice|apple,jute|rice|apple,False,0.980000000000,0.980000000000,0.000000000000,0
35,737,blackgram,temperature,absolute,1.000000000000,26.237731290000,27.237731290000,False,blackgram,blackgram,0.910000000000,0.980000000000,blackgram|maize|lentil,blackgram|maize|apple,False,0.830000000000,0.960000000000,0.070000000000,0
36,1298,grapes,temperature,absolute,1.000000000000,18.706790770000,19.706790770000,False,grapes,grapes,1.000000000000,1.000000000000,grapes|apple|banana,grapes|apple|banana,False,1.000000000000,1.000000000000,0.000000000000,0
37,1200,grapes,temperature,absolute,1.000000000000,29.996772320000,30.996772320000,False,grapes,grapes,1.000000000000,1.000000000000,grapes|apple|banana,grapes|apple|banana,False,1.000000000000,1.000000000000,0.000000000000,0
38,731,blackgram,temperature,absolute,1.000000000000,33.863511720000,34.863511720000,False,blackgram,blackgram,0.990000000000,0.990000000000,blackgram|mothbeans|apple,blackgram|mothbeans|apple,False,0.980000000000,0.980000000000,0.000000000000,0
39,2042,jute,temperature,absolute,1.000000000000,24.893263180000,25.893263180000,False,jute,jute,0.930000000000,0.930000000000,jute|rice|papaya,jute|rice|papaya,False,0.890000000000,0.890000000000,0.000000000000,0
40,1829,coconut,temperature,absolute,1.000000000000,27.148652850000,28.148652850000,False,coconut,coconut,1.000000000000,1.000000000000,coconut|apple|banana,coconut|apple|banana,False,1.000000000000,1.000000000000,0.000000000000,0
41,1716,papaya,temperature,absolute,1.000000000000,38.441871700000,39.441871700000,False,papaya,papaya,0.990000000000,0.990000000000,papaya|grapes|apple,papaya|grapes|apple,False,0.980000000000,0.980000000000,0.000000000000,0
42,1156,mango,temperature,absolute,1.000000000000,32.060971970000,33.060971970000,False,mango,mango,1.000000000000,1.000000000000,mango|apple|banana,mango|apple|banana,False,1.000000000000,1.000000000000,0.000000000000,0
43,185,maize,temperature,absolute,1.000000000000,25.082397190000,26.082397190000,False,maize,maize,0.970000000000,0.940000000000,maize|mothbeans|coffee,maize|mothbeans|coffee,False,0.950000000000,0.910000000000,0.030000000000,0
44,861,lentil,temperature,absolute,1.000000000000,20.060039850000,21.060039850000,False,lentil,lentil,0.980000000000,0.980000000000,lentil|blackgram|apple,lentil|blackgram|apple,False,0.960000000000,0.960000000000,0.000000000000,0
45,2022,jute,temperature,absolute,1.000000000000,26.874838900000,27.874838900000,False,jute,jute,0.940000000000,0.680000000000,jute|rice|watermelon,jute|papaya|coffee,False,0.890000000000,0.570000000000,0.260000000000,0
46,1973,cotton,temperature,absolute,1.000000000000,22.953571500000,23.953571500000,False,cotton,cotton,0.960000000000,0.960000000000,cotton|maize|banana,cotton|maize|banana,False,0.940000000000,0.940000000000,0.000000000000,0
47,850,lentil,temperature,absolute,1.000000000000,24.121926080000,25.121926080000,False,lentil,lentil,0.900000000000,0.910000000000,lentil|mothbeans|blackgram,lentil|blackgram|mothbeans,False,0.840000000000,0.870000000000,0.010000000000,0
48,203,chickpea,temperature,absolute,1.000000000000,18.868056470000,19.868056470000,False,chickpea,chickpea,1.000000000000,1.000000000000,chickpea|apple|banana,chickpea|apple|banana,False,1.000000000000,1.000000000000,0.000000000000,0
49,696,mungbean,temperature,absolute,1.000000000000,27.956396630000,28.956396630000,False,mungbean,mungbean,1.000000000000,1.000000000000,mungbean|apple|banana,mungbean|apple|banana,False,1.000000000000,1.000000000000,0.000000000000,0
50,1737,papaya,temperature,absolute,1.000000000000,31.532437790000,32.532437790000,False,papaya,papaya,0.930000000000,0.930000000000,papaya|rice|apple,papaya|rice|apple,False,0.860000000000,0.860000000000,0.000000000000,0
51,961,pomegranate,temperature,absolute,1.000000000000,20.938929160000,21.938929160000,False,pomegranate,pomegranate,0.990000000000,0.990000000000,pomegranate|orange|apple,pomegranate|orange|apple,False,0.980000000000,0.980000000000,0.000000000000,0
52,405,pigeonpeas,temperature,absolute,1.000000000000,30.332765990000,31.332765990000,False,pigeonpeas,pigeonpeas,0.920000000000,0.920000000000,pigeonpeas|mango|coconut,pigeonpeas|mango|coconut,False,0.850000000000,0.850000000000,0.000000000000,0
53,1392,watermelon,temperature,absolute,1.000000000000,25.897623150000,26.897623150000,False,watermelon,watermelon,1.000000000000,1.000000000000,watermelon|apple|banana,watermelon|apple|banana,False,1.000000000000,1.000000000000,0.000000000000,0
54,1158,mango,temperature,absolute,1.000000000000,29.143050080000,30.143050080000,False,mango,mango,0.980000000000,0.980000000000,mango|mothbeans|orange,mango|mothbeans|orange,False,0.970000000000,0.970000000000,0.000000000000,0
55,768,blackgram,temperature,absolute,1.000000000000,32.839637570000,33.839637570000,False,blackgram,blackgram,0.680000000000,0.680000000000,blackgram|mothbeans|lentil,blackgram|mothbeans|pigeonpeas,False,0.440000000000,0.450000000000,0.000000000000,0
56,1763,papaya,temperature,absolute,1.000000000000,30.420121340000,31.420121340000,False,papaya,papaya,0.990000000000,1.000000000000,papaya|banana|apple,papaya|apple|banana,False,0.980000000000,1.000000000000,0.010000000000,0
57,1798,papaya,temperature,absolute,1.000000000000,37.035519030000,38.035519030000,False,papaya,papaya,1.000000000000,1.000000000000,papaya|apple|banana,papaya|apple|banana,False,1.000000000000,1.000000000000,0.000000000000,0
58,2173,coffee,temperature,absolute,1.000000000000,26.357709060000,27.357709060000,False,coffee,coffee,0.980000000000,1.000000000000,coffee|coconut|apple,coffee|apple|banana,False,0.960000000000,1.000000000000,0.020000000000,0
59,825,lentil,temperature,absolute,1.000000000000,25.879902870000,26.879902870000,False,lentil,lentil,0.990000000000,0.990000000000,lentil|blackgram|apple,lentil|blackgram|apple,False,0.980000000000,0.980000000000,0.000000000000,0
60,813,lentil,temperature,absolute,1.000000000000,28.420628470000,29.420628470000,False,lentil,lentil,0.820000000000,0.810000000000,lentil|mothbeans|blackgram,lentil|mothbeans|blackgram,False,0.710000000000,0.690000000000,0.010000000000,0
61,539,mothbeans,temperature,absolute,1.000000000000,30.884827220000,31.884827220000,False,mothbeans,mothbeans,0.960000000000,0.920000000000,mothbeans|lentil|pigeonpeas,mothbeans|lentil|pigeonpeas,False,0.930000000000,0.890000000000,0.040000000000,0
62,2157,coffee,temperature,absolute,1.000000000000,24.229846590000,25.229846590000,False,coffee,coffee,1.000000000000,1.000000000000,coffee|apple|banana,coffee|apple|banana,False,1.000000000000,1.000000000000,0.000000000000,0
63,1032,banana,temperature,absolute,1.000000000000,25.145176350000,26.145176350000,False,banana,banana,0.970000000000,0.970000000000,banana|jute|apple,banana|jute|apple,False,0.940000000000,0.940000000000,0.000000000000,0
64,1707,papaya,temperature,absolute,1.000000000000,23.485469730000,24.485469730000,False,papaya,papaya,0.930000000000,0.930000000000,papaya|pomegranate|pigeonpeas,papaya|pomegranate|pigeonpeas,False,0.900000000000,0.900000000000,0.000000000000,0
65,54,rice,temperature,absolute,1.000000000000,26.229168970000,27.229168970000,False,rice,rice,0.980000000000,0.790000000000,rice|jute|apple,rice|banana|coffee,False,0.960000000000,0.710000000000,0.190000000000,0
66,1630,orange,temperature,absolute,1.000000000000,30.491838370000,31.491838370000,False,orange,orange,0.980000000000,0.990000000000,orange|mango|pomegranate,orange|pomegranate|apple,False,0.970000000000,0.980000000000,0.010000000000,0
67,1818,coconut,temperature,absolute,1.000000000000,28.033805980000,29.033805980000,False,coconut,coconut,1.000000000000,1.000000000000,coconut|apple|banana,coconut|apple|banana,False,1.000000000000,1.000000000000,0.000000000000,0
69,920,pomegranate,temperature,absolute,1.000000000000,22.487201440000,23.487201440000,False,pomegranate,pomegranate,0.970000000000,0.970000000000,pomegranate|orange|apple,pomegranate|orange|apple,False,0.940000000000,0.940000000000,0.000000000000,0
70,1033,banana,temperature,absolute,1.000000000000,28.654562630000,29.654562630000,False,banana,banana,1.000000000000,1.000000000000,banana|apple|blackgram,banana|apple|blackgram,False,1.000000000000,1.000000000000,0.000000000000,0
71,1458,muskmelon,temperature,absolute,1.000000000000,29.471562590000,30.471562590000,False,muskmelon,muskmelon,1.000000000000,1.000000000000,muskmelon|apple|banana,muskmelon|apple|banana,False,1.000000000000,1.000000000000,0.000000000000,0
72,1369,watermelon,temperature,absolute,1.000000000000,25.418640240000,26.418640240000,False,watermelon,watermelon,1.000000000000,1.000000000000,watermelon|apple|banana,watermelon|apple|banana,False,1.000000000000,1.000000000000,0.000000000000,0
73,859,lentil,temperature,absolute,1.000000000000,24.874255050000,25.874255050000,False,lentil,lentil,1.000000000000,0.980000000000,lentil|apple|banana,lentil|blackgram|mothbeans,False,1.000000000000,0.970000000000,0.020000000000,0
75,1854,coconut,temperature,absolute,1.000000000000,26.509086110000,27.509086110000,False,coconut,coconut,1.000000000000,0.980000000000,coconut|apple|banana,coconut|coffee|mango,False,1.000000000000,0.970000000000,0.020000000000,0
76,575,mothbeans,temperature,absolute,1.000000000000,28.009374230000,29.009374230000,False,mothbeans,mothbeans,0.900000000000,0.900000000000,mothbeans|lentil|mungbean,mothbeans|lentil|mungbean,False,0.820000000000,0.820000000000,0.000000000000,0
77,606,mungbean,temperature,absolute,1.000000000000,28.562121580000,29.562121580000,False,mungbean,mungbean,0.980000000000,0.980000000000,mungbean|blackgram|apple,mungbean|blackgram|apple,False,0.960000000000,0.960000000000,0.000000000000,0
78,614,mungbean,temperature,absolute,1.000000000000,29.755389030000,30.755389030000,False,mungbean,mungbean,0.970000000000,0.780000000000,mungbean|mothbeans|orange,mungbean|papaya|mothbeans,False,0.950000000000,0.680000000000,0.190000000000,0
80,2182,coffee,temperature,absolute,1.000000000000,26.717173930000,27.717173930000,False,coffee,coffee,0.990000000000,1.000000000000,coffee|coconut|apple,coffee|apple|banana,False,0.980000000000,1.000000000000,0.010000000000,0
82,1473,muskmelon,temperature,absolute,1.000000000000,28.585464900000,29.585464900000,False,muskmelon,muskmelon,1.000000000000,1.000000000000,muskmelon|apple|banana,muskmelon|apple|banana,False,1.000000000000,1.000000000000,0.000000000000,0
83,303,kidneybeans,temperature,absolute,1.000000000000,16.433403420000,17.433403420000,False,kidneybeans,kidneybeans,0.950000000000,0.950000000000,kidneybeans|chickpea|pigeonpeas,kidneybeans|chickpea|pigeonpeas,False,0.910000000000,0.910000000000,0.000000000000,0
85,937,pomegranate,temperature,absolute,1.000000000000,24.944676320000,25.944676320000,False,pomegranate,pomegranate,0.910000000000,0.580000000000,pomegranate|papaya|orange,pomegranate|papaya|coconut,False,0.870000000000,0.420000000000,0.330000000000,0
86,1697,orange,temperature,absolute,1.000000000000,27.681673180000,28.681673180000,False,orange,orange,0.980000000000,0.980000000000,orange|mango|pomegranate,orange|mango|pomegranate,False,0.970000000000,0.970000000000,0.000000000000,0
87,1987,cotton,temperature,absolute,1.000000000000,24.688547990000,25.688547990000,False,cotton,cotton,1.000000000000,0.990000000000,cotton|apple|banana,cotton|maize|apple,False,1.000000000000,0.980000000000,0.010000000000,0
88,1851,coconut,temperature,absolute,1.000000000000,27.593768450000,28.593768450000,False,coconut,coconut,0.990000000000,1.000000000000,coconut|coffee|apple,coconut|apple|banana,False,0.980000000000,1.000000000000,0.010000000000,0
91,613,mungbean,temperature,absolute,1.000000000000,29.008124000000,30.008124000000,False,mungbean,mungbean,1.000000000000,0.900000000000,mungbean|apple|banana,mungbean|mothbeans|orange,False,1.000000000000,0.820000000000,0.100000000000,0
93,1960,cotton,temperature,absolute,1.000000000000,25.320237170000,26.320237170000,False,cotton,cotton,1.000000000000,0.950000000000,cotton|apple|banana,cotton|mungbean|coffee,False,1.000000000000,0.930000000000,0.050000000000,0
95,1225,grapes,temperature,absolute,1.000000000000,12.087022000000,13.087022000000,False,grapes,grapes,1.000000000000,1.000000000000,grapes|apple|banana,grapes|apple|banana,False,1.000000000000,1.000000000000,0.000000000000,0
96,1988,cotton,temperature,absolute,1.000000000000,25.849972690000,26.849972690000,False,cotton,cotton,1.000000000000,0.870000000000,cotton|apple|banana,cotton|mungbean|coffee,False,1.000000000000,0.780000000000,0.130000000000,0
97,227,chickpea,temperature,absolute,1.000000000000,19.030253050000,20.030253050000,False,chickpea,chickpea,0.940000000000,0.940000000000,chickpea|kidneybeans|coffee,chickpea|kidneybeans|coffee,False,0.910000000000,0.910000000000,0.000000000000,0
100,1499,muskmelon,temperature,absolute,1.000000000000,28.960178850000,29.960178850000,False,muskmelon,muskmelon,1.000000000000,1.000000000000,muskmelon|apple|banana,muskmelon|apple|banana,False,1.000000000000,1.000000000000,0.000000000000,0
101,989,pomegranate,temperature,absolute,1.000000000000,24.383189650000,25.383189650000,False,pomegranate,pomegranate,0.990000000000,0.640000000000,pomegranate|orange|apple,pomegranate|coconut|orange,False,0.980000000000,0.490000000000,0.350000000000,0
103,497,pigeonpeas,temperature,absolute,1.000000000000,29.650529470000,30.650529470000,False,pigeonpeas,pigeonpeas,0.980000000000,0.990000000000,pigeonpeas|blackgram|papaya,pigeonpeas|papaya|apple,False,0.970000000000,0.980000000000,0.010000000000,0
104,472,pigeonpeas,temperature,absolute,1.000000000000,18.729876760000,19.729876760000,False,pigeonpeas,pigeonpeas,0.940000000000,0.930000000000,pigeonpeas|lentil|mothbeans,pigeonpeas|lentil|mothbeans,False,0.900000000000,0.890000000000,0.010000000000,0
106,323,kidneybeans,temperature,absolute,1.000000000000,17.481897350000,18.481897350000,False,kidneybeans,kidneybeans,0.990000000000,0.990000000000,kidneybeans|chickpea|apple,kidneybeans|chickpea|apple,False,0.980000000000,0.980000000000,0.000000000000,0
108,44,rice,temperature,absolute,1.000000000000,26.313554980000,27.313554980000,False,rice,rice,0.900000000000,0.650000000000,rice|jute|papaya,rice|banana|papaya,False,0.830000000000,0.540000000000,0.250000000000,0
109,84,rice,temperature,absolute,1.000000000000,25.282722300000,26.282722300000,False,rice,rice,1.000000000000,1.000000000000,rice|apple|banana,rice|apple|banana,False,1.000000000000,1.000000000000,0.000000000000,0
110,1551,apple,temperature,absolute,1.000000000000,23.502014280000,24.502014280000,False,apple,apple,1.000000000000,0.820000000000,apple|banana|blackgram,apple|grapes|papaya,False,1.000000000000,0.660000000000,0.180000000000,0
111,647,mungbean,temperature,absolute,1.000000000000,27.108180930000,28.108180930000,False,mungbean,mungbean,1.000000000000,1.000000000000,mungbean|apple|banana,mungbean|apple|banana,False,1.000000000000,1.000000000000,0.000000000000,0
115,1456,muskmelon,temperature,absolute,1.000000000000,27.968722790000,28.968722790000,False,muskmelon,muskmelon,1.000000000000,1.000000000000,muskmelon|apple|banana,muskmelon|apple|banana,False,1.000000000000,1.000000000000,0.000000000000,0
121,250,chickpea,temperature,absolute,1.000000000000,19.407517440000,20.407517440000,False,chickpea,chickpea,1.000000000000,1.000000000000,chickpea|apple|banana,chickpea|apple|banana,False,1.000000000000,1.000000000000,0.000000000000,0
122,199,maize,temperature,absolute,1.000000000000,25.730444320000,26.730444320000,False,maize,maize,0.940000000000,0.870000000000,maize|coffee|blackgram,maize|pigeonpeas|blackgram,False,0.920000000000,0.830000000000,0.070000000000,0
124,110,maize,temperature,absolute,1.000000000000,23.316891240000,24.316891240000,False,maize,maize,0.970000000000,0.920000000000,maize|cotton|mungbean,maize|cotton|jute,False,0.960000000000,0.900000000000,0.050000000000,0
128,1859,coconut,temperature,absolute,1.000000000000,28.963182580000,29.963182580000,False,coconut,coconut,1.000000000000,0.960000000000,coconut|apple|banana,coconut|mango|orange,False,1.000000000000,0.940000000000,0.040000000000,0
131,226,chickpea,temperature,absolute,1.000000000000,18.287200700000,19.287200700000,False,chickpea,chickpea,0.920000000000,0.920000000000,chickpea|kidneybeans|apple,chickpea|kidneybeans|apple,False,0.840000000000,0.840000000000,0.000000000000,0
136,1552,apple,temperature,absolute,1.000000000000,23.462603210000,24.462603210000,False,apple,apple,1.000000000000,0.800000000000,apple|banana|blackgram,apple|grapes|papaya,False,1.000000000000,0.620000000000,0.200000000000,0
148,461,pigeonpeas,temperature,absolute,1.000000000000,34.872486590000,35.872486590000,False,pigeonpeas,pigeonpeas,0.990000000000,0.990000000000,pigeonpeas|lentil|apple,pigeonpeas|lentil|apple,False,0.980000000000,0.980000000000,0.000000000000,0
156,474,pigeonpeas,temperature,absolute,1.000000000000,20.435177720000,21.435177720000,False,pigeonpeas,pigeonpeas,0.970000000000,0.970000000000,pigeonpeas|coffee|kidneybeans,pigeonpeas|coffee|kidneybeans,False,0.960000000000,0.960000000000,0.000000000000,0
157,1419,muskmelon,temperature,absolute,1.000000000000,29.692386990000,30.692386990000,False,muskmelon,muskmelon,1.000000000000,0.970000000000,muskmelon|apple|banana,muskmelon|papaya|apple,False,1.000000000000,0.940000000000,0.030000000000,0
164,305,kidneybeans,temperature,absolute,1.000000000000,17.848065610000,18.848065610000,False,kidneybeans,kidneybeans,0.990000000000,0.990000000000,kidneybeans|pigeonpeas|apple,kidneybeans|pigeonpeas|apple,False,0.980000000000,0.980000000000,0.000000000000,0
189,361,kidneybeans,temperature,absolute,1.000000000000,20.120043000000,21.120043000000,False,kidneybeans,kidneybeans,1.000000000000,1.000000000000,kidneybeans|apple|banana,kidneybeans|apple|banana,False,1.000000000000,1.000000000000,0.000000000000,0
0,1609,orange,temperature,absolute,2.000000000000,23.961475830000,25.961475830000,False,orange,orange,0.970000000000,0.970000000000,orange|pomegranate|apple,orange|pomegranate|mungbean,False,0.940000000000,0.950000000000,0.000000000000,0
1,1072,banana,temperature,absolute,2.000000000000,25.341197740000,27.341197740000,False,banana,banana,0.930000000000,1.000000000000,banana|papaya|cotton,banana|apple|blackgram,False,0.890000000000,1.000000000000,0.070000000000,0
2,1912,cotton,temperature,absolute,2.000000000000,24.147295300000,26.147295300000,False,cotton,cotton,1.000000000000,0.970000000000,cotton|apple|banana,cotton|coconut|coffee,False,1.000000000000,0.960000000000,0.030000000000,0
3,100,maize,temperature,absolute,2.000000000000,22.613599530000,24.613599530000,False,maize,maize,0.990000000000,0.990000000000,maize|mothbeans|apple,maize|mothbeans|apple,False,0.980000000000,0.980000000000,0.000000000000,0
4,1645,orange,temperature,absolute,2.000000000000,24.536100670000,26.536100670000,False,orange,orange,0.990000000000,0.970000000000,orange|pomegranate|apple,orange|coconut|papaya,False,0.980000000000,0.960000000000,0.020000000000,0
5,221,chickpea,temperature,absolute,2.000000000000,20.093405930000,22.093405930000,False,chickpea,chickpea,1.000000000000,0.940000000000,chickpea|apple|banana,chickpea|kidneybeans|coffee,False,1.000000000000,0.900000000000,0.060000000000,0
6,28,rice,temperature,absolute,2.000000000000,20.775761470000,22.775761470000,False,rice,rice,0.990000000000,0.990000000000,rice|jute|apple,rice|jute|apple,False,0.980000000000,0.980000000000,0.000000000000,0
7,701,blackgram,temperature,absolute,2.000000000000,26.734339650000,28.734339650000,False,blackgram,blackgram,0.970000000000,1.000000000000,blackgram|lentil|apple,blackgram|apple|banana,False,0.940000000000,1.000000000000,0.030000000000,0
8,1097,banana,temperature,absolute,2.000000000000,28.672089150000,30.672089150000,False,banana,banana,1.000000000000,0.920000000000,banana|apple|blackgram,banana|papaya|apple,False,1.000000000000,0.840000000000,0.080000000000,0
9,1638,orange,temperature,absolute,2.000000000000,21.213069730000,23.213069730000,False,orange,orange,1.000000000000,1.000000000000,orange|apple|banana,orange|apple|banana,False,1.000000000000,1.000000000000,0.000000000000,0
10,1391,watermelon,temperature,absolute,2.000000000000,24.543569680000,26.543569680000,False,watermelon,watermelon,1.000000000000,1.000000000000,watermelon|apple|banana,watermelon|apple|banana,False,1.000000000000,1.000000000000,0.000000000000,0
11,901,pomegranate,temperature,absolute,2.000000000000,19.656900850000,21.656900850000,False,pomegranate,pomegranate,1.000000000000,1.000000000000,pomegranate|apple|banana,pomegranate|apple|banana,False,1.000000000000,1.000000000000,0.000000000000,0
12,1386,watermelon,temperature,absolute,2.000000000000,26.275206310000,28.275206310000,False,watermelon,watermelon,1.000000000000,0.670000000000,watermelon|apple|banana,watermelon|muskmelon|banana,False,1.000000000000,0.520000000000,0.330000000000,0
13,171,maize,temperature,absolute,2.000000000000,21.701814470000,23.701814470000,False,maize,maize,1.000000000000,1.000000000000,maize|apple|banana,maize|apple|banana,False,1.000000000000,1.000000000000,0.000000000000,0
14,544,mothbeans,temperature,absolute,2.000000000000,26.457077780000,28.457077780000,False,mothbeans,mothbeans,0.810000000000,0.880000000000,mothbeans|blackgram|pigeonpeas,mothbeans|pigeonpeas|blackgram,False,0.740000000000,0.830000000000,0.070000000000,0
15,1264,grapes,temperature,absolute,2.000000000000,13.285043310000,15.285043310000,False,grapes,grapes,1.000000000000,1.000000000000,grapes|apple|banana,grapes|apple|banana,False,1.000000000000,1.000000000000,0.000000000000,0
16,1220,grapes,temperature,absolute,2.000000000000,36.731266470000,38.731266470000,False,grapes,grapes,1.000000000000,1.000000000000,grapes|apple|banana,grapes|apple|banana,False,1.000000000000,1.000000000000,0.000000000000,0
17,1154,mango,temperature,absolute,2.000000000000,30.172941050000,32.172941050000,False,mango,mango,1.000000000000,1.000000000000,mango|apple|banana,mango|apple|banana,False,1.000000000000,1.000000000000,0.000000000000,0
18,1131,mango,temperature,absolute,2.000000000000,31.409488210000,33.409488210000,False,mango,mango,0.980000000000,0.980000000000,mango|mothbeans|papaya,mango|mothbeans|papaya,False,0.970000000000,0.970000000000,0.000000000000,0
19,1514,apple,temperature,absolute,2.000000000000,23.672877490000,25.672877490000,False,apple,apple,1.000000000000,0.740000000000,apple|banana|blackgram,apple|grapes|papaya,False,1.000000000000,0.550000000000,0.260000000000,0
20,795,blackgram,temperature,absolute,2.000000000000,33.369843950000,35.369843950000,False,blackgram,blackgram,0.990000000000,0.990000000000,blackgram|lentil|apple,blackgram|lentil|apple,False,0.980000000000,0.980000000000,0.000000000000,0
21,1502,apple,temperature,absolute,2.000000000000,22.608009880000,24.608009880000,False,apple,apple,1.000000000000,0.810000000000,apple|banana|blackgram,apple|grapes|papaya,False,1.000000000000,0.640000000000,0.190000000000,0
22,585,mothbeans,temperature,absolute,2.000000000000,29.612530650000,31.612530650000,False,mothbeans,mothbeans,0.790000000000,0.840000000000,mothbeans|lentil|blackgram,mothbeans|lentil|blackgram,False,0.610000000000,0.720000000000,0.050000000000,0
23,387,kidneybeans,temperature,absolute,2.000000000000,17.308445320000,19.308445320000,False,kidneybeans,kidneybeans,0.990000000000,0.990000000000,kidneybeans|pigeonpeas|apple,kidneybeans|pigeonpeas|apple,False,0.980000000000,0.980000000000,0.000000000000,0
24,1591,apple,temperature,absolute,2.000000000000,23.640829790000,25.640829790000,False,apple,apple,0.980000000000,0.720000000000,apple|grapes|banana,apple|grapes|papaya,False,0.960000000000,0.510000000000,0.260000000000,0
25,2003,jute,temperature,absolute,2.000000000000,25.721008680000,27.721008680000,False,jute,jute,0.980000000000,0.680000000000,jute|rice|watermelon,jute|banana|coffee,False,0.970000000000,0.610000000000,0.300000000000,0
26,505,mothbeans,temperature,absolute,2.000000000000,31.999285790000,33.999285790000,False,mothbeans,mothbeans,0.890000000000,0.850000000000,mothbeans|blackgram|pigeonpeas,mothbeans|blackgram|pigeonpeas,False,0.840000000000,0.770000000000,0.040000000000,0
27,1342,watermelon,temperature,absolute,2.000000000000,25.920302210000,27.920302210000,False,watermelon,watermelon,1.000000000000,0.670000000000,watermelon|apple|banana,watermelon|muskmelon|banana,False,1.000000000000,0.510000000000,0.330000000000,0
28,0,rice,temperature,absolute,2.000000000000,20.879743710000,22.879743710000,False,rice,rice,0.900000000000,0.870000000000,rice|jute|apple,rice|jute|apple,False,0.800000000000,0.740000000000,0.030000000000,0
29,2106,coffee,temperature,absolute,2.000000000000,23.059518960000,25.059518960000,False,coffee,coffee,1.000000000000,1.000000000000,coffee|apple|banana,coffee|apple|banana,False,1.000000000000,1.000000000000,0.000000000000,0
30,1102,mango,temperature,absolute,2.000000000000,27.003155450000,29.003155450000,False,mango,mango,0.920000000000,1.000000000000,mango|coconut|coffee,mango|apple|banana,False,0.900000000000,1.000000000000,0.080000000000,0
31,2086,jute,temperature,absolute,2.000000000000,26.508386670000,28.508386670000,False,jute,jute,0.930000000000,0.650000000000,jute|rice|banana,jute|papaya|rice,False,0.870000000000,0.560000000000,0.280000000000,0
32,1036,banana,temperature,absolute,2.000000000000,25.409098960000,27.409098960000,False,banana,banana,1.000000000000,1.000000000000,banana|apple|blackgram,banana|apple|blackgram,False,1.000000000000,1.000000000000,0.000000000000,0
33,2167,coffee,temperature,absolute,2.000000000000,26.444140970000,28.444140970000,False,coffee,coffee,1.000000000000,0.960000000000,coffee|apple|banana,coffee|coconut|mango,False,1.000000000000,0.930000000000,0.040000000000,0
34,2050,jute,temperature,absolute,2.000000000000,25.274633500000,27.274633500000,False,jute,jute,0.990000000000,0.770000000000,jute|rice|apple,jute|banana|papaya,False,0.980000000000,0.690000000000,0.220000000000,0
35,737,blackgram,temperature,absolute,2.000000000000,26.237731290000,28.237731290000,False,blackgram,blackgram,0.910000000000,0.980000000000,blackgram|maize|lentil,blackgram|maize|apple,False,0.830000000000,0.960000000000,0.070000000000,0
36,1298,grapes,temperature,absolute,2.000000000000,18.706790770000,20.706790770000,False,grapes,grapes,1.000000000000,1.000000000000,grapes|apple|banana,grapes|apple|banana,False,1.000000000000,1.000000000000,0.000000000000,0
37,1200,grapes,temperature,absolute,2.000000000000,29.996772320000,31.996772320000,False,grapes,grapes,1.000000000000,1.000000000000,grapes|apple|banana,grapes|apple|banana,False,1.000000000000,1.000000000000,0.000000000000,0
38,731,blackgram,temperature,absolute,2.000000000000,33.863511720000,35.863511720000,False,blackgram,blackgram,0.990000000000,0.980000000000,blackgram|mothbeans|apple,blackgram|mothbeans|pigeonpeas,False,0.980000000000,0.970000000000,0.010000000000,0
39,2042,jute,temperature,absolute,2.000000000000,24.893263180000,26.893263180000,False,jute,jute,0.930000000000,0.890000000000,jute|rice|papaya,jute|rice|papaya,False,0.890000000000,0.820000000000,0.040000000000,0
40,1829,coconut,temperature,absolute,2.000000000000,27.148652850000,29.148652850000,False,coconut,coconut,1.000000000000,1.000000000000,coconut|apple|banana,coconut|apple|banana,False,1.000000000000,1.000000000000,0.000000000000,0
41,1716,papaya,temperature,absolute,2.000000000000,38.441871700000,40.441871700000,False,papaya,papaya,0.990000000000,0.990000000000,papaya|grapes|apple,papaya|grapes|apple,False,0.980000000000,0.980000000000,0.000000000000,0
42,1156,mango,temperature,absolute,2.000000000000,32.060971970000,34.060971970000,False,mango,mango,1.000000000000,1.000000000000,mango|apple|banana,mango|apple|banana,False,1.000000000000,1.000000000000,0.000000000000,0
43,185,maize,temperature,absolute,2.000000000000,25.082397190000,27.082397190000,False,maize,maize,0.970000000000,0.730000000000,maize|mothbeans|coffee,maize|mothbeans|coffee,False,0.950000000000,0.630000000000,0.240000000000,0
44,861,lentil,temperature,absolute,2.000000000000,20.060039850000,22.060039850000,False,lentil,lentil,0.980000000000,0.980000000000,lentil|blackgram|apple,lentil|blackgram|apple,False,0.960000000000,0.960000000000,0.000000000000,0
45,2022,jute,temperature,absolute,2.000000000000,26.874838900000,28.874838900000,False,jute,jute,0.940000000000,0.680000000000,jute|rice|watermelon,jute|papaya|coffee,False,0.890000000000,0.570000000000,0.260000000000,0
46,1973,cotton,temperature,absolute,2.000000000000,22.953571500000,24.953571500000,False,cotton,cotton,0.960000000000,0.960000000000,cotton|maize|banana,cotton|maize|banana,False,0.940000000000,0.940000000000,0.000000000000,0
47,850,lentil,temperature,absolute,2.000000000000,24.121926080000,26.121926080000,False,lentil,lentil,0.900000000000,0.910000000000,lentil|mothbeans|blackgram,lentil|blackgram|mothbeans,False,0.840000000000,0.870000000000,0.010000000000,0
48,203,chickpea,temperature,absolute,2.000000000000,18.868056470000,20.868056470000,False,chickpea,chickpea,1.000000000000,0.970000000000,chickpea|apple|banana,chickpea|kidneybeans|apple,False,1.000000000000,0.940000000000,0.030000000000,0
49,696,mungbean,temperature,absolute,2.000000000000,27.956396630000,29.956396630000,False,mungbean,mungbean,1.000000000000,0.960000000000,mungbean|apple|banana,mungbean|lentil|mothbeans,False,1.000000000000,0.940000000000,0.040000000000,0
50,1737,papaya,temperature,absolute,2.000000000000,31.532437790000,33.532437790000,False,papaya,papaya,0.930000000000,0.930000000000,papaya|rice|apple,papaya|rice|apple,False,0.860000000000,0.860000000000,0.000000000000,0
51,961,pomegranate,temperature,absolute,2.000000000000,20.938929160000,22.938929160000,False,pomegranate,pomegranate,0.990000000000,0.990000000000,pomegranate|orange|apple,pomegranate|orange|apple,False,0.980000000000,0.980000000000,0.000000000000,0
52,405,pigeonpeas,temperature,absolute,2.000000000000,30.332765990000,32.332765990000,False,pigeonpeas,pigeonpeas,0.920000000000,0.920000000000,pigeonpeas|mango|coconut,pigeonpeas|mango|coconut,False,0.850000000000,0.850000000000,0.000000000000,0
53,1392,watermelon,temperature,absolute,2.000000000000,25.897623150000,27.897623150000,False,watermelon,watermelon,1.000000000000,0.660000000000,watermelon|apple|banana,watermelon|muskmelon|banana,False,1.000000000000,0.500000000000,0.340000000000,0
54,1158,mango,temperature,absolute,2.000000000000,29.143050080000,31.143050080000,False,mango,mango,0.980000000000,0.980000000000,mango|mothbeans|orange,mango|mothbeans|orange,False,0.970000000000,0.970000000000,0.000000000000,0
55,768,blackgram,temperature,absolute,2.000000000000,32.839637570000,34.839637570000,False,blackgram,blackgram,0.680000000000,0.680000000000,blackgram|mothbeans|lentil,blackgram|mothbeans|pigeonpeas,False,0.440000000000,0.450000000000,0.000000000000,0
56,1763,papaya,temperature,absolute,2.000000000000,30.420121340000,32.420121340000,False,papaya,papaya,0.990000000000,1.000000000000,papaya|banana|apple,papaya|apple|banana,False,0.980000000000,1.000000000000,0.010000000000,0
57,1798,papaya,temperature,absolute,2.000000000000,37.035519030000,39.035519030000,False,papaya,papaya,1.000000000000,1.000000000000,papaya|apple|banana,papaya|apple|banana,False,1.000000000000,1.000000000000,0.000000000000,0
58,2173,coffee,temperature,absolute,2.000000000000,26.357709060000,28.357709060000,False,coffee,coffee,0.980000000000,0.960000000000,coffee|coconut|apple,coffee|coconut|mango,False,0.960000000000,0.930000000000,0.020000000000,0
59,825,lentil,temperature,absolute,2.000000000000,25.879902870000,27.879902870000,False,lentil,lentil,0.990000000000,0.970000000000,lentil|blackgram|apple,lentil|blackgram|mothbeans,False,0.980000000000,0.960000000000,0.020000000000,0
60,813,lentil,temperature,absolute,2.000000000000,28.420628470000,30.420628470000,False,lentil,lentil,0.820000000000,0.650000000000,lentil|mothbeans|blackgram,lentil|mothbeans|blackgram,False,0.710000000000,0.450000000000,0.170000000000,0
61,539,mothbeans,temperature,absolute,2.000000000000,30.884827220000,32.884827220000,False,mothbeans,mothbeans,0.960000000000,0.910000000000,mothbeans|lentil|pigeonpeas,mothbeans|pigeonpeas|lentil,False,0.930000000000,0.870000000000,0.050000000000,0
62,2157,coffee,temperature,absolute,2.000000000000,24.229846590000,26.229846590000,False,coffee,coffee,1.000000000000,1.000000000000,coffee|apple|banana,coffee|apple|banana,False,1.000000000000,1.000000000000,0.000000000000,0
63,1032,banana,temperature,absolute,2.000000000000,25.145176350000,27.145176350000,False,banana,banana,0.970000000000,0.990000000000,banana|jute|apple,banana|jute|apple,False,0.940000000000,0.980000000000,0.020000000000,0
64,1707,papaya,temperature,absolute,2.000000000000,23.485469730000,25.485469730000,False,papaya,papaya,0.930000000000,0.940000000000,papaya|pomegranate|pigeonpeas,papaya|pigeonpeas|coconut,False,0.900000000000,0.920000000000,0.010000000000,0
65,54,rice,temperature,absolute,2.000000000000,26.229168970000,28.229168970000,False,rice,rice,0.980000000000,0.740000000000,rice|jute|apple,rice|papaya|banana,False,0.960000000000,0.650000000000,0.240000000000,0
66,1630,orange,temperature,absolute,2.000000000000,30.491838370000,32.491838370000,False,orange,orange,0.980000000000,0.990000000000,orange|mango|pomegranate,orange|pomegranate|apple,False,0.970000000000,0.980000000000,0.010000000000,0
67,1818,coconut,temperature,absolute,2.000000000000,28.033805980000,30.033805980000,False,coconut,coconut,1.000000000000,0.950000000000,coconut|apple|banana,coconut|mango|orange,False,1.000000000000,0.930000000000,0.050000000000,0
69,920,pomegranate,temperature,absolute,2.000000000000,22.487201440000,24.487201440000,False,pomegranate,pomegranate,0.970000000000,0.970000000000,pomegranate|orange|apple,pomegranate|orange|apple,False,0.940000000000,0.940000000000,0.000000000000,0
70,1033,banana,temperature,absolute,2.000000000000,28.654562630000,30.654562630000,False,banana,banana,1.000000000000,0.920000000000,banana|apple|blackgram,banana|papaya|apple,False,1.000000000000,0.840000000000,0.080000000000,0
71,1458,muskmelon,temperature,absolute,2.000000000000,29.471562590000,31.471562590000,False,muskmelon,muskmelon,1.000000000000,0.970000000000,muskmelon|apple|banana,muskmelon|papaya|apple,False,1.000000000000,0.940000000000,0.030000000000,0
72,1369,watermelon,temperature,absolute,2.000000000000,25.418640240000,27.418640240000,False,watermelon,watermelon,1.000000000000,0.680000000000,watermelon|apple|banana,watermelon|muskmelon|banana,False,1.000000000000,0.530000000000,0.320000000000,0
73,859,lentil,temperature,absolute,2.000000000000,24.874255050000,26.874255050000,False,lentil,lentil,1.000000000000,0.980000000000,lentil|apple|banana,lentil|blackgram|mothbeans,False,1.000000000000,0.970000000000,0.020000000000,0
75,1854,coconut,temperature,absolute,2.000000000000,26.509086110000,28.509086110000,False,coconut,coconut,1.000000000000,0.990000000000,coconut|apple|banana,coconut|mango|apple,False,1.000000000000,0.980000000000,0.010000000000,0
76,575,mothbeans,temperature,absolute,2.000000000000,28.009374230000,30.009374230000,False,mothbeans,mothbeans,0.900000000000,0.900000000000,mothbeans|lentil|mungbean,mothbeans|lentil|pigeonpeas,False,0.820000000000,0.840000000000,0.000000000000,0
77,606,mungbean,temperature,absolute,2.000000000000,28.562121580000,30.562121580000,False,mungbean,mungbean,0.980000000000,0.790000000000,mungbean|blackgram|apple,mungbean|papaya|mothbeans,False,0.960000000000,0.680000000000,0.190000000000,0
78,614,mungbean,temperature,absolute,2.000000000000,29.755389030000,31.755389030000,False,mungbean,mungbean,0.970000000000,0.780000000000,mungbean|mothbeans|orange,mungbean|papaya|mothbeans,False,0.950000000000,0.670000000000,0.190000000000,0
80,2182,coffee,temperature,absolute,2.000000000000,26.717173930000,28.717173930000,False,coffee,coffee,0.990000000000,0.960000000000,coffee|coconut|apple,coffee|coconut|mango,False,0.980000000000,0.930000000000,0.030000000000,0
82,1473,muskmelon,temperature,absolute,2.000000000000,28.585464900000,30.585464900000,False,muskmelon,muskmelon,1.000000000000,1.000000000000,muskmelon|apple|banana,muskmelon|apple|banana,False,1.000000000000,1.000000000000,0.000000000000,0
83,303,kidneybeans,temperature,absolute,2.000000000000,16.433403420000,18.433403420000,False,kidneybeans,kidneybeans,0.950000000000,0.950000000000,kidneybeans|chickpea|pigeonpeas,kidneybeans|chickpea|pigeonpeas,False,0.910000000000,0.910000000000,0.000000000000,0
85,937,pomegranate,temperature,absolute,2.000000000000,24.944676320000,26.944676320000,False,pomegranate,pomegranate,0.910000000000,0.500000000000,pomegranate|papaya|orange,pomegranate|papaya|coconut,False,0.870000000000,0.340000000000,0.410000000000,0
86,1697,orange,temperature,absolute,2.000000000000,27.681673180000,29.681673180000,False,orange,orange,0.980000000000,0.990000000000,orange|mango|pomegranate,orange|pomegranate|apple,False,0.970000000000,0.980000000000,0.010000000000,0
87,1987,cotton,temperature,absolute,2.000000000000,24.688547990000,26.688547990000,False,cotton,cotton,1.000000000000,0.920000000000,cotton|apple|banana,cotton|mungbean|coffee,False,1.000000000000,0.860000000000,0.080000000000,0
88,1851,coconut,temperature,absolute,2.000000000000,27.593768450000,29.593768450000,False,coconut,coconut,0.990000000000,0.990000000000,coconut|coffee|apple,coconut|papaya|apple,False,0.980000000000,0.980000000000,0.000000000000,0
91,613,mungbean,temperature,absolute,2.000000000000,29.008124000000,31.008124000000,False,mungbean,mungbean,1.000000000000,0.790000000000,mungbean|apple|banana,mungbean|papaya|mothbeans,False,1.000000000000,0.680000000000,0.210000000000,0
93,1960,cotton,temperature,absolute,2.000000000000,25.320237170000,27.320237170000,False,cotton,cotton,1.000000000000,0.680000000000,cotton|apple|banana,cotton|banana|mungbean,False,1.000000000000,0.590000000000,0.320000000000,0
95,1225,grapes,temperature,absolute,2.000000000000,12.087022000000,14.087022000000,False,grapes,grapes,1.000000000000,1.000000000000,grapes|apple|banana,grapes|apple|banana,False,1.000000000000,1.000000000000,0.000000000000,0
96,1988,cotton,temperature,absolute,2.000000000000,25.849972690000,27.849972690000,False,cotton,cotton,1.000000000000,0.650000000000,cotton|apple|banana,cotton|mungbean|coffee,False,1.000000000000,0.520000000000,0.350000000000,0
97,227,chickpea,temperature,absolute,2.000000000000,19.030253050000,21.030253050000,False,chickpea,chickpea,0.940000000000,0.910000000000,chickpea|kidneybeans|coffee,chickpea|kidneybeans|coffee,False,0.910000000000,0.860000000000,0.030000000000,0
100,1499,muskmelon,temperature,absolute,2.000000000000,28.960178850000,30.960178850000,False,muskmelon,muskmelon,1.000000000000,0.980000000000,muskmelon|apple|banana,muskmelon|papaya|apple,False,1.000000000000,0.960000000000,0.020000000000,0
101,989,pomegranate,temperature,absolute,2.000000000000,24.383189650000,26.383189650000,False,pomegranate,pomegranate,0.990000000000,0.570000000000,pomegranate|orange|apple,pomegranate|coconut|orange,False,0.980000000000,0.400000000000,0.420000000000,0
103,497,pigeonpeas,temperature,absolute,2.000000000000,29.650529470000,31.650529470000,False,pigeonpeas,pigeonpeas,0.980000000000,0.990000000000,pigeonpeas|blackgram|papaya,pigeonpeas|papaya|apple,False,0.970000000000,0.980000000000,0.010000000000,0
104,472,pigeonpeas,temperature,absolute,2.000000000000,18.729876760000,20.729876760000,False,pigeonpeas,pigeonpeas,0.940000000000,0.940000000000,pigeonpeas|lentil|mothbeans,pigeonpeas|lentil|mothbeans,False,0.900000000000,0.910000000000,0.000000000000,0
106,323,kidneybeans,temperature,absolute,2.000000000000,17.481897350000,19.481897350000,False,kidneybeans,kidneybeans,0.990000000000,0.990000000000,kidneybeans|chickpea|apple,kidneybeans|chickpea|apple,False,0.980000000000,0.980000000000,0.000000000000,0
108,44,rice,temperature,absolute,2.000000000000,26.313554980000,28.313554980000,False,rice,rice,0.900000000000,0.610000000000,rice|jute|papaya,rice|papaya|banana,False,0.830000000000,0.470000000000,0.290000000000,0
109,84,rice,temperature,absolute,2.000000000000,25.282722300000,27.282722300000,False,rice,rice,1.000000000000,0.780000000000,rice|apple|banana,rice|banana|coconut,False,1.000000000000,0.720000000000,0.220000000000,0
110,1551,apple,temperature,absolute,2.000000000000,23.502014280000,25.502014280000,False,apple,apple,1.000000000000,0.740000000000,apple|banana|blackgram,apple|grapes|papaya,False,1.000000000000,0.550000000000,0.260000000000,0
111,647,mungbean,temperature,absolute,2.000000000000,27.108180930000,29.108180930000,False,mungbean,mungbean,1.000000000000,1.000000000000,mungbean|apple|banana,mungbean|apple|banana,False,1.000000000000,1.000000000000,0.000000000000,0
115,1456,muskmelon,temperature,absolute,2.000000000000,27.968722790000,29.968722790000,False,muskmelon,muskmelon,1.000000000000,1.000000000000,muskmelon|apple|banana,muskmelon|apple|banana,False,1.000000000000,1.000000000000,0.000000000000,0
121,250,chickpea,temperature,absolute,2.000000000000,19.407517440000,21.407517440000,False,chickpea,chickpea,1.000000000000,0.970000000000,chickpea|apple|banana,chickpea|kidneybeans|coffee,False,1.000000000000,0.950000000000,0.030000000000,0
122,199,maize,temperature,absolute,2.000000000000,25.730444320000,27.730444320000,False,maize,maize,0.940000000000,0.670000000000,maize|coffee|blackgram,maize|pigeonpeas|coffee,False,0.920000000000,0.570000000000,0.270000000000,0
124,110,maize,temperature,absolute,2.000000000000,23.316891240000,25.316891240000,False,maize,maize,0.970000000000,0.910000000000,maize|cotton|mungbean,maize|cotton|banana,False,0.960000000000,0.880000000000,0.060000000000,0
128,1859,coconut,temperature,absolute,2.000000000000,28.963182580000,30.963182580000,False,coconut,coconut,1.000000000000,0.940000000000,coconut|apple|banana,coconut|orange|mango,False,1.000000000000,0.910000000000,0.060000000000,0
131,226,chickpea,temperature,absolute,2.000000000000,18.287200700000,20.287200700000,False,chickpea,chickpea,0.920000000000,0.930000000000,chickpea|kidneybeans|apple,chickpea|kidneybeans|apple,False,0.840000000000,0.860000000000,0.010000000000,0
136,1552,apple,temperature,absolute,2.000000000000,23.462603210000,25.462603210000,False,apple,apple,1.000000000000,0.720000000000,apple|banana|blackgram,apple|grapes|papaya,False,1.000000000000,0.510000000000,0.280000000000,0
148,461,pigeonpeas,temperature,absolute,2.000000000000,34.872486590000,36.872486590000,False,pigeonpeas,pigeonpeas,0.990000000000,0.990000000000,pigeonpeas|lentil|apple,pigeonpeas|lentil|apple,False,0.980000000000,0.980000000000,0.000000000000,0
156,474,pigeonpeas,temperature,absolute,2.000000000000,20.435177720000,22.435177720000,False,pigeonpeas,pigeonpeas,0.970000000000,0.970000000000,pigeonpeas|coffee|kidneybeans,pigeonpeas|coffee|kidneybeans,False,0.960000000000,0.960000000000,0.000000000000,0
157,1419,muskmelon,temperature,absolute,2.000000000000,29.692386990000,31.692386990000,False,muskmelon,muskmelon,1.000000000000,0.970000000000,muskmelon|apple|banana,muskmelon|papaya|apple,False,1.000000000000,0.940000000000,0.030000000000,0
164,305,kidneybeans,temperature,absolute,2.000000000000,17.848065610000,19.848065610000,False,kidneybeans,kidneybeans,0.990000000000,1.000000000000,kidneybeans|pigeonpeas|apple,kidneybeans|apple|banana,False,0.980000000000,1.000000000000,0.010000000000,0
189,361,kidneybeans,temperature,absolute,2.000000000000,20.120043000000,22.120043000000,False,kidneybeans,kidneybeans,1.000000000000,1.000000000000,kidneybeans|apple|banana,kidneybeans|apple|banana,False,1.000000000000,1.000000000000,0.000000000000,0
0,1609,orange,humidity,absolute,-5.000000000000,90.264080170000,85.264080170000,False,orange,orange,0.970000000000,0.660000000000,orange|pomegranate|apple,orange|pomegranate|cotton,False,0.940000000000,0.430000000000,0.310000000000,0
1,1072,banana,humidity,absolute,-5.000000000000,84.473213140000,79.473213140000,False,banana,banana,0.930000000000,0.930000000000,banana|papaya|cotton,banana|papaya|cotton,False,0.890000000000,0.900000000000,0.000000000000,0
2,1912,cotton,humidity,absolute,-5.000000000000,75.882985980000,70.882985980000,False,cotton,maize,1.000000000000,0.630000000000,cotton|apple|banana,maize|cotton|coffee,True,1.000000000000,0.370000000000,0.370000000000,1
3,100,maize,humidity,absolute,-5.000000000000,63.690705640000,58.690705640000,False,maize,maize,0.990000000000,0.990000000000,maize|mothbeans|apple,maize|mothbeans|apple,False,0.980000000000,0.980000000000,0.000000000000,0
4,1645,orange,humidity,absolute,-5.000000000000,91.909972280000,86.909972280000,False,orange,orange,0.990000000000,0.680000000000,orange|pomegranate|apple,orange|pomegranate|mungbean,False,0.980000000000,0.470000000000,0.310000000000,0
5,221,chickpea,humidity,absolute,-5.000000000000,15.112796120000,14.258039810000,True,chickpea,chickpea,1.000000000000,1.000000000000,chickpea|apple|banana,chickpea|apple|banana,False,1.000000000000,1.000000000000,0.000000000000,0
6,28,rice,humidity,absolute,-5.000000000000,84.497743970000,79.497743970000,False,rice,rice,0.990000000000,0.720000000000,rice|jute|apple,rice|jute|apple,False,0.980000000000,0.440000000000,0.270000000000,0
7,701,blackgram,humidity,absolute,-5.000000000000,68.139997210000,63.139997210000,False,blackgram,blackgram,0.970000000000,0.940000000000,blackgram|lentil|apple,blackgram|lentil|mothbeans,False,0.940000000000,0.910000000000,0.030000000000,0
8,1097,banana,humidity,absolute,-5.000000000000,82.207936130000,77.207936130000,False,banana,banana,1.000000000000,1.000000000000,banana|apple|blackgram,banana|apple|blackgram,False,1.000000000000,1.000000000000,0.000000000000,0
9,1638,orange,humidity,absolute,-5.000000000000,91.353492160000,86.353492160000,False,orange,orange,1.000000000000,0.690000000000,orange|apple|banana,orange|pomegranate|maize,False,1.000000000000,0.490000000000,0.310000000000,0
10,1391,watermelon,humidity,absolute,-5.000000000000,84.608082770000,79.608082770000,False,watermelon,watermelon,1.000000000000,0.960000000000,watermelon|apple|banana,watermelon|banana|jute,False,1.000000000000,0.930000000000,0.040000000000,0
11,901,pomegranate,humidity,absolute,-5.000000000000,89.937010230000,84.937010230000,False,pomegranate,pomegranate,1.000000000000,0.950000000000,pomegranate|apple|banana,pomegranate|banana|rice,False,1.000000000000,0.930000000000,0.050000000000,0
12,1386,watermelon,humidity,absolute,-5.000000000000,86.632495550000,81.632495550000,False,watermelon,watermelon,1.000000000000,1.000000000000,watermelon|apple|banana,watermelon|apple|banana,False,1.000000000000,1.000000000000,0.000000000000,0
13,171,maize,humidity,absolute,-5.000000000000,60.474705190000,55.474705190000,False,maize,maize,1.000000000000,1.000000000000,maize|apple|banana,maize|apple|banana,False,1.000000000000,1.000000000000,0.000000000000,0
14,544,mothbeans,humidity,absolute,-5.000000000000,56.402262770000,51.402262770000,False,mothbeans,mothbeans,0.810000000000,0.850000000000,mothbeans|blackgram|pigeonpeas,mothbeans|blackgram|pigeonpeas,False,0.740000000000,0.790000000000,0.040000000000,0
15,1264,grapes,humidity,absolute,-5.000000000000,83.541938160000,78.541938160000,False,grapes,grapes,1.000000000000,1.000000000000,grapes|apple|banana,grapes|apple|banana,False,1.000000000000,1.000000000000,0.000000000000,0
16,1220,grapes,humidity,absolute,-5.000000000000,80.589319380000,75.589319380000,False,grapes,grapes,1.000000000000,0.990000000000,grapes|apple|banana,grapes|blackgram|apple,False,1.000000000000,0.980000000000,0.010000000000,0
17,1154,mango,humidity,absolute,-5.000000000000,51.084590300000,46.084590300000,False,mango,mango,1.000000000000,0.990000000000,mango|apple|banana,mango|pigeonpeas|apple,False,1.000000000000,0.980000000000,0.010000000000,0
18,1131,mango,humidity,absolute,-5.000000000000,49.217291270000,44.217291270000,False,mango,mango,0.980000000000,0.960000000000,mango|mothbeans|papaya,mango|pigeonpeas|mothbeans,False,0.970000000000,0.940000000000,0.020000000000,0
19,1514,apple,humidity,absolute,-5.000000000000,90.493557400000,85.493557400000,False,apple,apple,1.000000000000,0.520000000000,apple|banana|blackgram,apple|grapes|pomegranate,False,1.000000000000,0.070000000000,0.480000000000,0
20,795,blackgram,humidity,absolute,-5.000000000000,65.677181630000,60.677181630000,False,blackgram,blackgram,0.990000000000,1.000000000000,blackgram|lentil|apple,blackgram|apple|banana,False,0.980000000000,1.000000000000,0.010000000000,0
21,1502,apple,humidity,absolute,-5.000000000000,94.589006010000,89.589006010000,False,apple,apple,1.000000000000,0.940000000000,apple|banana|blackgram,apple|grapes|pomegranate,False,1.000000000000,0.910000000000,0.060000000000,0
22,585,mothbeans,humidity,absolute,-5.000000000000,63.047491270000,58.047491270000,False,mothbeans,mothbeans,0.790000000000,0.950000000000,mothbeans|lentil|blackgram,mothbeans|lentil|maize,False,0.610000000000,0.930000000000,0.160000000000,0
23,387,kidneybeans,humidity,absolute,-5.000000000000,20.017309140000,15.017309140000,False,kidneybeans,kidneybeans,0.990000000000,0.940000000000,kidneybeans|pigeonpeas|apple,kidneybeans|chickpea|pigeonpeas,False,0.980000000000,0.890000000000,0.050000000000,0
24,1591,apple,humidity,absolute,-5.000000000000,90.952579270000,85.952579270000,False,apple,apple,0.980000000000,0.510000000000,apple|grapes|banana,apple|grapes|pomegranate,False,0.960000000000,0.050000000000,0.470000000000,0
25,2003,jute,humidity,absolute,-5.000000000000,88.165135790000,83.165135790000,False,jute,jute,0.980000000000,0.940000000000,jute|rice|watermelon,jute|rice|apple,False,0.970000000000,0.880000000000,0.040000000000,0
26,505,mothbeans,humidity,absolute,-5.000000000000,54.107746100000,49.107746100000,False,mothbeans,mothbeans,0.890000000000,0.890000000000,mothbeans|blackgram|pigeonpeas,mothbeans|pigeonpeas|blackgram,False,0.840000000000,0.840000000000,0.000000000000,0
27,1342,watermelon,humidity,absolute,-5.000000000000,83.472025660000,78.472025660000,False,watermelon,watermelon,1.000000000000,0.950000000000,watermelon|apple|banana,watermelon|banana|jute,False,1.000000000000,0.920000000000,0.050000000000,0
28,0,rice,humidity,absolute,-5.000000000000,82.002744230000,77.002744230000,False,rice,rice,0.900000000000,0.610000000000,rice|jute|apple,rice|jute|apple,False,0.800000000000,0.220000000000,0.290000000000,0
29,2106,coffee,humidity,absolute,-5.000000000000,50.406094360000,45.406094360000,False,coffee,coffee,1.000000000000,1.000000000000,coffee|apple|banana,coffee|apple|banana,False,1.000000000000,1.000000000000,0.000000000000,0
30,1102,mango,humidity,absolute,-5.000000000000,47.675254340000,42.675254340000,False,mango,mango,0.920000000000,0.890000000000,mango|coconut|coffee,mango|coconut|coffee,False,0.900000000000,0.870000000000,0.030000000000,0
31,2086,jute,humidity,absolute,-5.000000000000,86.842640050000,81.842640050000,False,jute,jute,0.930000000000,0.910000000000,jute|rice|banana,jute|rice|apple,False,0.870000000000,0.820000000000,0.020000000000,0
32,1036,banana,humidity,absolute,-5.000000000000,82.362080970000,77.362080970000,False,banana,banana,1.000000000000,1.000000000000,banana|apple|blackgram,banana|apple|blackgram,False,1.000000000000,1.000000000000,0.000000000000,0
33,2167,coffee,humidity,absolute,-5.000000000000,53.838761890000,48.838761890000,False,coffee,coffee,1.000000000000,1.000000000000,coffee|apple|banana,coffee|apple|banana,False,1.000000000000,1.000000000000,0.000000000000,0
34,2050,jute,humidity,absolute,-5.000000000000,73.745958100000,68.745958100000,False,jute,coffee,0.990000000000,0.510000000000,jute|rice|apple,coffee|jute|maize,True,0.980000000000,0.120000000000,0.480000000000,1
35,737,blackgram,humidity,absolute,-5.000000000000,67.885213960000,62.885213960000,False,blackgram,blackgram,0.910000000000,0.910000000000,blackgram|maize|lentil,blackgram|maize|lentil,False,0.830000000000,0.830000000000,0.000000000000,0
36,1298,grapes,humidity,absolute,-5.000000000000,83.479529200000,78.479529200000,False,grapes,grapes,1.000000000000,1.000000000000,grapes|apple|banana,grapes|apple|banana,False,1.000000000000,1.000000000000,0.000000000000,0
37,1200,grapes,humidity,absolute,-5.000000000000,81.541566120000,76.541566120000,False,grapes,grapes,1.000000000000,1.000000000000,grapes|apple|banana,grapes|apple|banana,False,1.000000000000,1.000000000000,0.000000000000,0
38,731,blackgram,humidity,absolute,-5.000000000000,68.592322890000,63.592322890000,False,blackgram,blackgram,0.990000000000,0.990000000000,blackgram|mothbeans|apple,blackgram|mothbeans|apple,False,0.980000000000,0.980000000000,0.000000000000,0
39,2042,jute,humidity,absolute,-5.000000000000,77.012225850000,72.012225850000,False,jute,jute,0.930000000000,0.960000000000,jute|rice|papaya,jute|rice|banana,False,0.890000000000,0.940000000000,0.030000000000,0
40,1829,coconut,humidity,absolute,-5.000000000000,96.663552130000,91.663552130000,False,coconut,coconut,1.000000000000,0.990000000000,coconut|apple|banana,coconut|pomegranate|apple,False,1.000000000000,0.980000000000,0.010000000000,0
41,1716,papaya,humidity,absolute,-5.000000000000,93.637390390000,88.637390390000,False,papaya,papaya,0.990000000000,0.710000000000,papaya|grapes|apple,papaya|banana|mungbean,False,0.980000000000,0.640000000000,0.280000000000,0
42,1156,mango,humidity,absolute,-5.000000000000,51.084941810000,46.084941810000,False,mango,mango,1.000000000000,1.000000000000,mango|apple|banana,mango|apple|banana,False,1.000000000000,1.000000000000,0.000000000000,0
43,185,maize,humidity,absolute,-5.000000000000,65.921958440000,60.921958440000,False,maize,maize,0.970000000000,0.970000000000,maize|mothbeans|coffee,maize|mothbeans|coffee,False,0.950000000000,0.950000000000,0.000000000000,0
44,861,lentil,humidity,absolute,-5.000000000000,67.762525830000,62.762525830000,False,lentil,lentil,0.980000000000,0.990000000000,lentil|blackgram|apple,lentil|blackgram|apple,False,0.960000000000,0.980000000000,0.010000000000,0
45,2022,jute,humidity,absolute,-5.000000000000,79.787251520000,74.787251520000,False,jute,jute,0.940000000000,0.970000000000,jute|rice|watermelon,jute|rice|apple,False,0.890000000000,0.940000000000,0.030000000000,0
46,1973,cotton,humidity,absolute,-5.000000000000,78.715558320000,73.715558320000,False,cotton,cotton,0.960000000000,0.490000000000,cotton|maize|banana,cotton|maize|coffee,False,0.940000000000,0.040000000000,0.470000000000,0
47,850,lentil,humidity,absolute,-5.000000000000,61.095335450000,56.095335450000,False,lentil,lentil,0.900000000000,0.530000000000,lentil|mothbeans|blackgram,lentil|mothbeans|pigeonpeas,False,0.840000000000,0.190000000000,0.370000000000,0
48,203,chickpea,humidity,absolute,-5.000000000000,15.658092140000,14.258039810000,True,chickpea,chickpea,1.000000000000,1.000000000000,chickpea|apple|banana,chickpea|apple|banana,False,1.000000000000,1.000000000000,0.000000000000,0
49,696,mungbean,humidity,absolute,-5.000000000000,83.527060380000,78.527060380000,False,mungbean,mungbean,1.000000000000,1.000000000000,mungbean|apple|banana,mungbean|apple|banana,False,1.000000000000,1.000000000000,0.000000000000,0
50,1737,papaya,humidity,absolute,-5.000000000000,90.873949330000,85.873949330000,False,papaya,papaya,0.930000000000,0.540000000000,papaya|rice|apple,papaya|rice|jute,False,0.860000000000,0.330000000000,0.390000000000,0
51,961,pomegranate,humidity,absolute,-5.000000000000,85.429128690000,80.429128690000,False,pomegranate,pomegranate,0.990000000000,0.900000000000,pomegranate|orange|apple,pomegranate|rice|banana,False,0.980000000000,0.870000000000,0.090000000000,0
52,405,pigeonpeas,humidity,absolute,-5.000000000000,42.352498790000,37.352498790000,False,pigeonpeas,pigeonpeas,0.920000000000,0.920000000000,pigeonpeas|mango|coconut,pigeonpeas|mango|coconut,False,0.850000000000,0.850000000000,0.000000000000,0
53,1392,watermelon,humidity,absolute,-5.000000000000,81.966648320000,76.966648320000,False,watermelon,watermelon,1.000000000000,0.950000000000,watermelon|apple|banana,watermelon|banana|jute,False,1.000000000000,0.920000000000,0.050000000000,0
54,1158,mango,humidity,absolute,-5.000000000000,49.409832940000,44.409832940000,False,mango,mango,0.980000000000,0.960000000000,mango|mothbeans|orange,mango|pigeonpeas|mothbeans,False,0.970000000000,0.940000000000,0.020000000000,0
55,768,blackgram,humidity,absolute,-5.000000000000,67.998035730000,62.998035730000,False,blackgram,blackgram,0.680000000000,0.630000000000,blackgram|mothbeans|lentil,blackgram|mothbeans|pigeonpeas,False,0.440000000000,0.310000000000,0.050000000000,0
56,1763,papaya,humidity,absolute,-5.000000000000,93.126597930000,88.126597930000,False,papaya,papaya,0.990000000000,0.660000000000,papaya|banana|apple,papaya|banana|jute,False,0.980000000000,0.540000000000,0.330000000000,0
57,1798,papaya,humidity,absolute,-5.000000000000,91.794301660000,86.794301660000,False,papaya,papaya,1.000000000000,0.690000000000,papaya|apple|banana,papaya|jute|banana,False,1.000000000000,0.570000000000,0.310000000000,0
58,2173,coffee,humidity,absolute,-5.000000000000,64.575780340000,59.575780340000,False,coffee,coffee,0.980000000000,0.980000000000,coffee|coconut|apple,coffee|coconut|apple,False,0.960000000000,0.960000000000,0.000000000000,0
59,825,lentil,humidity,absolute,-5.000000000000,67.551090240000,62.551090240000,False,lentil,lentil,0.990000000000,0.990000000000,lentil|blackgram|apple,lentil|blackgram|apple,False,0.980000000000,0.980000000000,0.000000000000,0
60,813,lentil,humidity,absolute,-5.000000000000,61.773363430000,56.773363430000,False,lentil,mothbeans,0.820000000000,0.450000000000,lentil|mothbeans|blackgram,mothbeans|lentil|pigeonpeas,True,0.710000000000,0.020000000000,0.370000000000,1
61,539,mothbeans,humidity,absolute,-5.000000000000,41.365618350000,36.365618350000,False,mothbeans,mothbeans,0.960000000000,0.910000000000,mothbeans|lentil|pigeonpeas,mothbeans|pigeonpeas|lentil,False,0.930000000000,0.850000000000,0.050000000000,0
62,2157,coffee,humidity,absolute,-5.000000000000,67.377683530000,62.377683530000,False,coffee,coffee,1.000000000000,1.000000000000,coffee|apple|banana,coffee|apple|banana,False,1.000000000000,1.000000000000,0.000000000000,0
63,1032,banana,humidity,absolute,-5.000000000000,81.382041040000,76.382041040000,False,banana,banana,0.970000000000,0.980000000000,banana|jute|apple,banana|jute|apple,False,0.940000000000,0.960000000000,0.010000000000,0
64,1707,papaya,humidity,absolute,-5.000000000000,93.710436920000,88.710436920000,False,papaya,papaya,0.930000000000,0.630000000000,papaya|pomegranate|pigeonpeas,papaya|pomegranate|jute,False,0.900000000000,0.500000000000,0.300000000000,0
65,54,rice,humidity,absolute,-5.000000000000,83.836258190000,78.836258190000,False,rice,rice,0.980000000000,0.730000000000,rice|jute|apple,rice|jute|banana,False,0.960000000000,0.480000000000,0.250000000000,0
66,1630,orange,humidity,absolute,-5.000000000000,90.458286500000,85.458286500000,False,orange,orange,0.980000000000,0.710000000000,orange|mango|pomegranate,orange|pomegranate|mungbean,False,0.970000000000,0.570000000000,0.270000000000,0
67,1818,coconut,humidity,absolute,-5.000000000000,95.016305930000,90.016305930000,False,coconut,coconut,1.000000000000,0.970000000000,coconut|apple|banana,coconut|rice|pomegranate,False,1.000000000000,0.950000000000,0.030000000000,0
69,920,pomegranate,humidity,absolute,-5.000000000000,89.922488300000,84.922488300000,False,pomegranate,pomegranate,0.970000000000,0.930000000000,pomegranate|orange|apple,pomegranate|banana|orange,False,0.940000000000,0.910000000000,0.040000000000,0
70,1033,banana,humidity,absolute,-5.000000000000,79.286936870000,74.286936870000,False,banana,banana,1.000000000000,0.940000000000,banana|apple|blackgram,banana|coffee|maize,False,1.000000000000,0.920000000000,0.060000000000,0
71,1458,muskmelon,humidity,absolute,-5.000000000000,90.770696180000,85.770696180000,False,muskmelon,muskmelon,1.000000000000,0.690000000000,muskmelon|apple|banana,muskmelon|watermelon|banana,False,1.000000000000,0.420000000000,0.310000000000,0
72,1369,watermelon,humidity,absolute,-5.000000000000,81.121229890000,76.121229890000,False,watermelon,watermelon,1.000000000000,0.960000000000,watermelon|apple|banana,watermelon|banana|jute,False,1.000000000000,0.930000000000,0.040000000000,0
73,859,lentil,humidity,absolute,-5.000000000000,64.002139290000,59.002139290000,False,lentil,lentil,1.000000000000,0.580000000000,lentil|apple|banana,lentil|mothbeans|pigeonpeas,False,1.000000000000,0.250000000000,0.420000000000,0
75,1854,coconut,humidity,absolute,-5.000000000000,94.484145440000,89.484145440000,False,coconut,coconut,1.000000000000,0.780000000000,coconut|apple|banana,coconut|pomegranate|mungbean,False,1.000000000000,0.680000000000,0.220000000000,0
76,575,mothbeans,humidity,absolute,-5.000000000000,52.609500140000,47.609500140000,False,mothbeans,mothbeans,0.900000000000,0.900000000000,mothbeans|lentil|mungbean,mothbeans|lentil|mungbean,False,0.820000000000,0.820000000000,0.000000000000,0
77,606,mungbean,humidity,absolute,-5.000000000000,83.248558550000,78.248558550000,False,mungbean,mungbean,0.980000000000,0.980000000000,mungbean|blackgram|apple,mungbean|blackgram|apple,False,0.960000000000,0.960000000000,0.000000000000,0
78,614,mungbean,humidity,absolute,-5.000000000000,86.451932970000,81.451932970000,False,mungbean,mungbean,0.970000000000,0.970000000000,mungbean|mothbeans|orange,mungbean|mothbeans|orange,False,0.950000000000,0.950000000000,0.000000000000,0
80,2182,coffee,humidity,absolute,-5.000000000000,50.501485280000,45.501485280000,False,coffee,coffee,0.990000000000,0.990000000000,coffee|coconut|apple,coffee|coconut|apple,False,0.980000000000,0.980000000000,0.000000000000,0
82,1473,muskmelon,humidity,absolute,-5.000000000000,91.892168490000,86.892168490000,False,muskmelon,muskmelon,1.000000000000,0.700000000000,muskmelon|apple|banana,muskmelon|watermelon|banana,False,1.000000000000,0.440000000000,0.300000000000,0
83,303,kidneybeans,humidity,absolute,-5.000000000000,24.240458750000,19.240458750000,False,kidneybeans,kidneybeans,0.950000000000,0.930000000000,kidneybeans|chickpea|pigeonpeas,kidneybeans|chickpea|pigeonpeas,False,0.910000000000,0.870000000000,0.020000000000,0
85,937,pomegranate,humidity,absolute,-5.000000000000,94.257026720000,89.257026720000,False,pomegranate,pomegranate,0.910000000000,0.960000000000,pomegranate|papaya|orange,pomegranate|grapes|orange,False,0.870000000000,0.950000000000,0.050000000000,0
86,1697,orange,humidity,absolute,-5.000000000000,94.473168790000,89.473168790000,False,orange,orange,0.980000000000,0.720000000000,orange|mango|pomegranate,orange|pomegranate|mungbean,False,0.970000000000,0.600000000000,0.260000000000,0
87,1987,cotton,humidity,absolute,-5.000000000000,78.512069720000,73.512069720000,False,cotton,cotton,1.000000000000,0.540000000000,cotton|apple|banana,cotton|maize|coffee,False,1.000000000000,0.150000000000,0.460000000000,0
88,1851,coconut,humidity,absolute,-5.000000000000,92.485196060000,87.485196060000,False,coconut,coconut,0.990000000000,0.780000000000,coconut|coffee|apple,coconut|pomegranate|mungbean,False,0.980000000000,0.710000000000,0.210000000000,0
91,613,mungbean,humidity,absolute,-5.000000000000,84.960893550000,79.960893550000,False,mungbean,mungbean,1.000000000000,1.000000000000,mungbean|apple|banana,mungbean|apple|banana,False,1.000000000000,1.000000000000,0.000000000000,0
93,1960,cotton,humidity,absolute,-5.000000000000,81.794759170000,76.794759170000,False,cotton,cotton,1.000000000000,1.000000000000,cotton|apple|banana,cotton|apple|banana,False,1.000000000000,1.000000000000,0.000000000000,0
95,1225,grapes,humidity,absolute,-5.000000000000,83.593987340000,78.593987340000,False,grapes,grapes,1.000000000000,1.000000000000,grapes|apple|banana,grapes|apple|banana,False,1.000000000000,1.000000000000,0.000000000000,0
96,1988,cotton,humidity,absolute,-5.000000000000,84.168552310000,79.168552310000,False,cotton,cotton,1.000000000000,1.000000000000,cotton|apple|banana,cotton|apple|banana,False,1.000000000000,1.000000000000,0.000000000000,0
97,227,chickpea,humidity,absolute,-5.000000000000,18.667255650000,14.258039810000,True,chickpea,chickpea,0.940000000000,0.940000000000,chickpea|kidneybeans|coffee,chickpea|kidneybeans|coffee,False,0.910000000000,0.910000000000,0.000000000000,0
100,1499,muskmelon,humidity,absolute,-5.000000000000,91.695321780000,86.695321780000,False,muskmelon,muskmelon,1.000000000000,0.690000000000,muskmelon|apple|banana,muskmelon|watermelon|banana,False,1.000000000000,0.420000000000,0.310000000000,0
101,989,pomegranate,humidity,absolute,-5.000000000000,91.194315550000,86.194315550000,False,pomegranate,pomegranate,0.990000000000,0.990000000000,pomegranate|orange|apple,pomegranate|watermelon|apple,False,0.980000000000,0.980000000000,0.000000000000,0
103,497,pigeonpeas,humidity,absolute,-5.000000000000,42.898332350000,37.898332350000,False,pigeonpeas,pigeonpeas,0.980000000000,0.980000000000,pigeonpeas|blackgram|papaya,pigeonpeas|blackgram|papaya,False,0.970000000000,0.970000000000,0.000000000000,0
104,472,pigeonpeas,humidity,absolute,-5.000000000000,61.331862490000,56.331862490000,False,pigeonpeas,pigeonpeas,0.940000000000,0.990000000000,pigeonpeas|lentil|mothbeans,pigeonpeas|lentil|apple,False,0.900000000000,0.980000000000,0.050000000000,0
106,323,kidneybeans,humidity,absolute,-5.000000000000,18.825197300000,14.258039810000,True,kidneybeans,kidneybeans,0.990000000000,0.950000000000,kidneybeans|chickpea|apple,kidneybeans|chickpea|apple,False,0.980000000000,0.900000000000,0.040000000000,0
108,44,rice,humidity,absolute,-5.000000000000,82.366989920000,77.366989920000,False,rice,rice,0.900000000000,0.580000000000,rice|jute|papaya,rice|jute|papaya,False,0.830000000000,0.190000000000,0.320000000000,0
109,84,rice,humidity,absolute,-5.000000000000,80.543728130000,75.543728130000,False,rice,rice,1.000000000000,0.640000000000,rice|apple|banana,rice|jute|banana,False,1.000000000000,0.300000000000,0.360000000000,0
110,1551,apple,humidity,absolute,-5.000000000000,92.210839610000,87.210839610000,False,apple,apple,1.000000000000,0.930000000000,apple|banana|blackgram,apple|grapes|pomegranate,False,1.000000000000,0.890000000000,0.070000000000,0
111,647,mungbean,humidity,absolute,-5.000000000000,87.451266900000,82.451266900000,False,mungbean,mungbean,1.000000000000,1.000000000000,mungbean|apple|banana,mungbean|apple|banana,False,1.000000000000,1.000000000000,0.000000000000,0
115,1456,muskmelon,humidity,absolute,-5.000000000000,92.174447960000,87.174447960000,False,muskmelon,muskmelon,1.000000000000,0.700000000000,muskmelon|apple|banana,muskmelon|watermelon|banana,False,1.000000000000,0.440000000000,0.300000000000,0
121,250,chickpea,humidity,absolute,-5.000000000000,18.980305070000,14.258039810000,True,chickpea,chickpea,1.000000000000,1.000000000000,chickpea|apple|banana,chickpea|apple|banana,False,1.000000000000,1.000000000000,0.000000000000,0
122,199,maize,humidity,absolute,-5.000000000000,70.747392560000,65.747392560000,False,maize,maize,0.940000000000,0.950000000000,maize|coffee|blackgram,maize|coffee|pigeonpeas,False,0.920000000000,0.930000000000,0.010000000000,0
124,110,maize,humidity,absolute,-5.000000000000,73.454153700000,68.454153700000,False,maize,maize,0.970000000000,1.000000000000,maize|cotton|mungbean,maize|apple|banana,False,0.960000000000,1.000000000000,0.030000000000,0
128,1859,coconut,humidity,absolute,-5.000000000000,95.163336730000,90.163336730000,False,coconut,coconut,1.000000000000,0.970000000000,coconut|apple|banana,coconut|rice|pomegranate,False,1.000000000000,0.950000000000,0.030000000000,0
131,226,chickpea,humidity,absolute,-5.000000000000,16.679216160000,14.258039810000,True,chickpea,chickpea,0.920000000000,0.920000000000,chickpea|kidneybeans|apple,chickpea|kidneybeans|apple,False,0.840000000000,0.840000000000,0.000000000000,0
136,1552,apple,humidity,absolute,-5.000000000000,91.456650040000,86.456650040000,False,apple,apple,1.000000000000,0.540000000000,apple|banana|blackgram,apple|grapes|pomegranate,False,1.000000000000,0.110000000000,0.460000000000,0
148,461,pigeonpeas,humidity,absolute,-5.000000000000,38.837860120000,33.837860120000,False,pigeonpeas,pigeonpeas,0.990000000000,0.990000000000,pigeonpeas|lentil|apple,pigeonpeas|lentil|apple,False,0.980000000000,0.980000000000,0.000000000000,0
156,474,pigeonpeas,humidity,absolute,-5.000000000000,39.372526340000,34.372526340000,False,pigeonpeas,pigeonpeas,0.970000000000,0.970000000000,pigeonpeas|coffee|kidneybeans,pigeonpeas|coffee|kidneybeans,False,0.960000000000,0.960000000000,0.000000000000,0
157,1419,muskmelon,humidity,absolute,-5.000000000000,92.588625440000,87.588625440000,False,muskmelon,muskmelon,1.000000000000,0.710000000000,muskmelon|apple|banana,muskmelon|watermelon|blackgram,False,1.000000000000,0.440000000000,0.290000000000,0
164,305,kidneybeans,humidity,absolute,-5.000000000000,18.776219510000,14.258039810000,True,kidneybeans,kidneybeans,0.990000000000,0.940000000000,kidneybeans|pigeonpeas|apple,kidneybeans|chickpea|pigeonpeas,False,0.980000000000,0.890000000000,0.050000000000,0
189,361,kidneybeans,humidity,absolute,-5.000000000000,22.898456070000,17.898456070000,False,kidneybeans,kidneybeans,1.000000000000,0.960000000000,kidneybeans|apple|banana,kidneybeans|chickpea|apple,False,1.000000000000,0.920000000000,0.040000000000,0
0,1609,orange,humidity,absolute,-2.500000000000,90.264080170000,87.764080170000,False,orange,orange,0.970000000000,0.680000000000,orange|pomegranate|apple,orange|pomegranate|mungbean,False,0.940000000000,0.450000000000,0.290000000000,0
1,1072,banana,humidity,absolute,-2.500000000000,84.473213140000,81.973213140000,False,banana,banana,0.930000000000,0.930000000000,banana|papaya|cotton,banana|papaya|cotton,False,0.890000000000,0.890000000000,0.000000000000,0
2,1912,cotton,humidity,absolute,-2.500000000000,75.882985980000,73.382985980000,False,cotton,cotton,1.000000000000,0.480000000000,cotton|apple|banana,cotton|maize|coffee,False,1.000000000000,0.020000000000,0.520000000000,0
3,100,maize,humidity,absolute,-2.500000000000,63.690705640000,61.190705640000,False,maize,maize,0.990000000000,0.990000000000,maize|mothbeans|apple,maize|mothbeans|apple,False,0.980000000000,0.980000000000,0.000000000000,0
4,1645,orange,humidity,absolute,-2.500000000000,91.909972280000,89.409972280000,False,orange,orange,0.990000000000,0.710000000000,orange|pomegranate|apple,orange|pomegranate|mungbean,False,0.980000000000,0.510000000000,0.280000000000,0
5,221,chickpea,humidity,absolute,-2.500000000000,15.112796120000,14.258039810000,True,chickpea,chickpea,1.000000000000,1.000000000000,chickpea|apple|banana,chickpea|apple|banana,False,1.000000000000,1.000000000000,0.000000000000,0
6,28,rice,humidity,absolute,-2.500000000000,84.497743970000,81.997743970000,False,rice,rice,0.990000000000,0.980000000000,rice|jute|apple,rice|jute|apple,False,0.980000000000,0.960000000000,0.010000000000,0
7,701,blackgram,humidity,absolute,-2.500000000000,68.139997210000,65.639997210000,False,blackgram,blackgram,0.970000000000,0.960000000000,blackgram|lentil|apple,blackgram|lentil|pigeonpeas,False,0.940000000000,0.930000000000,0.010000000000,0
8,1097,banana,humidity,absolute,-2.500000000000,82.207936130000,79.707936130000,False,banana,banana,1.000000000000,1.000000000000,banana|apple|blackgram,banana|apple|blackgram,False,1.000000000000,1.000000000000,0.000000000000,0
9,1638,orange,humidity,absolute,-2.500000000000,91.353492160000,88.853492160000,False,orange,orange,1.000000000000,0.710000000000,orange|apple|banana,orange|pomegranate|mungbean,False,1.000000000000,0.510000000000,0.290000000000,0
10,1391,watermelon,humidity,absolute,-2.500000000000,84.608082770000,82.108082770000,False,watermelon,watermelon,1.000000000000,1.000000000000,watermelon|apple|banana,watermelon|apple|banana,False,1.000000000000,1.000000000000,0.000000000000,0
11,901,pomegranate,humidity,absolute,-2.500000000000,89.937010230000,87.437010230000,False,pomegranate,pomegranate,1.000000000000,1.000000000000,pomegranate|apple|banana,pomegranate|apple|banana,False,1.000000000000,1.000000000000,0.000000000000,0
12,1386,watermelon,humidity,absolute,-2.500000000000,86.632495550000,84.132495550000,False,watermelon,watermelon,1.000000000000,1.000000000000,watermelon|apple|banana,watermelon|apple|banana,False,1.000000000000,1.000000000000,0.000000000000,0
13,171,maize,humidity,absolute,-2.500000000000,60.474705190000,57.974705190000,False,maize,maize,1.000000000000,1.000000000000,maize|apple|banana,maize|apple|banana,False,1.000000000000,1.000000000000,0.000000000000,0
14,544,mothbeans,humidity,absolute,-2.500000000000,56.402262770000,53.902262770000,False,mothbeans,mothbeans,0.810000000000,0.860000000000,mothbeans|blackgram|pigeonpeas,mothbeans|blackgram|pigeonpeas,False,0.740000000000,0.800000000000,0.050000000000,0
15,1264,grapes,humidity,absolute,-2.500000000000,83.541938160000,81.041938160000,False,grapes,grapes,1.000000000000,1.000000000000,grapes|apple|banana,grapes|apple|banana,False,1.000000000000,1.000000000000,0.000000000000,0
16,1220,grapes,humidity,absolute,-2.500000000000,80.589319380000,78.089319380000,False,grapes,grapes,1.000000000000,1.000000000000,grapes|apple|banana,grapes|apple|banana,False,1.000000000000,1.000000000000,0.000000000000,0
17,1154,mango,humidity,absolute,-2.500000000000,51.084590300000,48.584590300000,False,mango,mango,1.000000000000,1.000000000000,mango|apple|banana,mango|apple|banana,False,1.000000000000,1.000000000000,0.000000000000,0
18,1131,mango,humidity,absolute,-2.500000000000,49.217291270000,46.717291270000,False,mango,mango,0.980000000000,0.970000000000,mango|mothbeans|papaya,mango|mothbeans|papaya,False,0.970000000000,0.960000000000,0.010000000000,0
19,1514,apple,humidity,absolute,-2.500000000000,90.493557400000,87.993557400000,False,apple,apple,1.000000000000,0.940000000000,apple|banana|blackgram,apple|grapes|pomegranate,False,1.000000000000,0.910000000000,0.060000000000,0
20,795,blackgram,humidity,absolute,-2.500000000000,65.677181630000,63.177181630000,False,blackgram,blackgram,0.990000000000,0.990000000000,blackgram|lentil|apple,blackgram|lentil|apple,False,0.980000000000,0.980000000000,0.000000000000,0
21,1502,apple,humidity,absolute,-2.500000000000,94.589006010000,92.089006010000,False,apple,apple,1.000000000000,1.000000000000,apple|banana|blackgram,apple|banana|blackgram,False,1.000000000000,1.000000000000,0.000000000000,0
22,585,mothbeans,humidity,absolute,-2.500000000000,63.047491270000,60.547491270000,False,mothbeans,mothbeans,0.790000000000,0.810000000000,mothbeans|lentil|blackgram,mothbeans|lentil|maize,False,0.610000000000,0.650000000000,0.020000000000,0
23,387,kidneybeans,humidity,absolute,-2.500000000000,20.017309140000,17.517309140000,False,kidneybeans,kidneybeans,0.990000000000,0.960000000000,kidneybeans|pigeonpeas|apple,kidneybeans|chickpea|pigeonpeas,False,0.980000000000,0.930000000000,0.030000000000,0
24,1591,apple,humidity,absolute,-2.500000000000,90.952579270000,88.452579270000,False,apple,apple,0.980000000000,0.920000000000,apple|grapes|banana,apple|grapes|pomegranate,False,0.960000000000,0.870000000000,0.060000000000,0
25,2003,jute,humidity,absolute,-2.500000000000,88.165135790000,85.665135790000,False,jute,jute,0.980000000000,0.960000000000,jute|rice|watermelon,jute|rice|watermelon,False,0.970000000000,0.930000000000,0.020000000000,0
26,505,mothbeans,humidity,absolute,-2.500000000000,54.107746100000,51.607746100000,False,mothbeans,mothbeans,0.890000000000,0.880000000000,mothbeans|blackgram|pigeonpeas,mothbeans|blackgram|pigeonpeas,False,0.840000000000,0.830000000000,0.010000000000,0
27,1342,watermelon,humidity,absolute,-2.500000000000,83.472025660000,80.972025660000,False,watermelon,watermelon,1.000000000000,1.000000000000,watermelon|apple|banana,watermelon|apple|banana,False,1.000000000000,1.000000000000,0.000000000000,0
28,0,rice,humidity,absolute,-2.500000000000,82.002744230000,79.502744230000,False,rice,rice,0.900000000000,0.650000000000,rice|jute|apple,rice|jute|apple,False,0.800000000000,0.300000000000,0.250000000000,0
29,2106,coffee,humidity,absolute,-2.500000000000,50.406094360000,47.906094360000,False,coffee,coffee,1.000000000000,1.000000000000,coffee|apple|banana,coffee|apple|banana,False,1.000000000000,1.000000000000,0.000000000000,0
30,1102,mango,humidity,absolute,-2.500000000000,47.675254340000,45.175254340000,False,mango,mango,0.920000000000,0.910000000000,mango|coconut|coffee,mango|coconut|coffee,False,0.900000000000,0.890000000000,0.010000000000,0
31,2086,jute,humidity,absolute,-2.500000000000,86.842640050000,84.342640050000,False,jute,jute,0.930000000000,0.880000000000,jute|rice|banana,jute|rice|banana,False,0.870000000000,0.770000000000,0.050000000000,0
32,1036,banana,humidity,absolute,-2.500000000000,82.362080970000,79.862080970000,False,banana,banana,1.000000000000,1.000000000000,banana|apple|blackgram,banana|apple|blackgram,False,1.000000000000,1.000000000000,0.000000000000,0
33,2167,coffee,humidity,absolute,-2.500000000000,53.838761890000,51.338761890000,False,coffee,coffee,1.000000000000,1.000000000000,coffee|apple|banana,coffee|apple|banana,False,1.000000000000,1.000000000000,0.000000000000,0
34,2050,jute,humidity,absolute,-2.500000000000,73.745958100000,71.245958100000,False,jute,jute,0.990000000000,0.980000000000,jute|rice|apple,jute|coffee|maize,False,0.980000000000,0.970000000000,0.010000000000,0
35,737,blackgram,humidity,absolute,-2.500000000000,67.885213960000,65.385213960000,False,blackgram,blackgram,0.910000000000,0.910000000000,blackgram|maize|lentil,blackgram|maize|lentil,False,0.830000000000,0.830000000000,0.000000000000,0
36,1298,grapes,humidity,absolute,-2.500000000000,83.479529200000,80.979529200000,False,grapes,grapes,1.000000000000,1.000000000000,grapes|apple|banana,grapes|apple|banana,False,1.000000000000,1.000000000000,0.000000000000,0
37,1200,grapes,humidity,absolute,-2.500000000000,81.541566120000,79.041566120000,False,grapes,grapes,1.000000000000,1.000000000000,grapes|apple|banana,grapes|apple|banana,False,1.000000000000,1.000000000000,0.000000000000,0
38,731,blackgram,humidity,absolute,-2.500000000000,68.592322890000,66.092322890000,False,blackgram,blackgram,0.990000000000,0.980000000000,blackgram|mothbeans|apple,blackgram|lentil|mothbeans,False,0.980000000000,0.970000000000,0.010000000000,0
39,2042,jute,humidity,absolute,-2.500000000000,77.012225850000,74.512225850000,False,jute,jute,0.930000000000,0.930000000000,jute|rice|papaya,jute|rice|papaya,False,0.890000000000,0.890000000000,0.000000000000,0
40,1829,coconut,humidity,absolute,-2.500000000000,96.663552130000,94.163552130000,False,coconut,coconut,1.000000000000,0.990000000000,coconut|apple|banana,coconut|pomegranate|apple,False,1.000000000000,0.980000000000,0.010000000000,0
41,1716,papaya,humidity,absolute,-2.500000000000,93.637390390000,91.137390390000,False,papaya,papaya,0.990000000000,0.990000000000,papaya|grapes|apple,papaya|grapes|apple,False,0.980000000000,0.980000000000,0.000000000000,0
42,1156,mango,humidity,absolute,-2.500000000000,51.084941810000,48.584941810000,False,mango,mango,1.000000000000,1.000000000000,mango|apple|banana,mango|apple|banana,False,1.000000000000,1.000000000000,0.000000000000,0
43,185,maize,humidity,absolute,-2.500000000000,65.921958440000,63.421958440000,False,maize,maize,0.970000000000,0.970000000000,maize|mothbeans|coffee,maize|mothbeans|coffee,False,0.950000000000,0.950000000000,0.000000000000,0
44,861,lentil,humidity,absolute,-2.500000000000,67.762525830000,65.262525830000,False,lentil,lentil,0.980000000000,0.980000000000,lentil|blackgram|apple,lentil|blackgram|apple,False,0.960000000000,0.960000000000,0.000000000000,0
45,2022,jute,humidity,absolute,-2.500000000000,79.787251520000,77.287251520000,False,jute,jute,0.940000000000,0.970000000000,jute|rice|watermelon,jute|rice|apple,False,0.890000000000,0.940000000000,0.030000000000,0
46,1973,cotton,humidity,absolute,-2.500000000000,78.715558320000,76.215558320000,False,cotton,cotton,0.960000000000,0.960000000000,cotton|maize|banana,cotton|maize|banana,False,0.940000000000,0.940000000000,0.000000000000,0
47,850,lentil,humidity,absolute,-2.500000000000,61.095335450000,58.595335450000,False,lentil,lentil,0.900000000000,0.530000000000,lentil|mothbeans|blackgram,lentil|mothbeans|pigeonpeas,False,0.840000000000,0.190000000000,0.370000000000,0
48,203,chickpea,humidity,absolute,-2.500000000000,15.658092140000,14.258039810000,True,chickpea,chickpea,1.000000000000,1.000000000000,chickpea|apple|banana,chickpea|apple|banana,False,1.000000000000,1.000000000000,0.000000000000,0
49,696,mungbean,humidity,absolute,-2.500000000000,83.527060380000,81.027060380000,False,mungbean,mungbean,1.000000000000,1.000000000000,mungbean|apple|banana,mungbean|apple|banana,False,1.000000000000,1.000000000000,0.000000000000,0
50,1737,papaya,humidity,absolute,-2.500000000000,90.873949330000,88.373949330000,False,papaya,papaya,0.930000000000,0.610000000000,papaya|rice|apple,papaya|rice|jute,False,0.860000000000,0.430000000000,0.320000000000,0
51,961,pomegranate,humidity,absolute,-2.500000000000,85.429128690000,82.929128690000,False,pomegranate,pomegranate,0.990000000000,0.900000000000,pomegranate|orange|apple,pomegranate|rice|banana,False,0.980000000000,0.870000000000,0.090000000000,0
52,405,pigeonpeas,humidity,absolute,-2.500000000000,42.352498790000,39.852498790000,False,pigeonpeas,pigeonpeas,0.920000000000,0.920000000000,pigeonpeas|mango|coconut,pigeonpeas|mango|coconut,False,0.850000000000,0.850000000000,0.000000000000,0
53,1392,watermelon,humidity,absolute,-2.500000000000,81.966648320000,79.466648320000,False,watermelon,watermelon,1.000000000000,0.950000000000,watermelon|apple|banana,watermelon|banana|jute,False,1.000000000000,0.920000000000,0.050000000000,0
54,1158,mango,humidity,absolute,-2.500000000000,49.409832940000,46.909832940000,False,mango,mango,0.980000000000,0.970000000000,mango|mothbeans|orange,mango|mothbeans|orange,False,0.970000000000,0.960000000000,0.010000000000,0
55,768,blackgram,humidity,absolute,-2.500000000000,67.998035730000,65.498035730000,False,blackgram,blackgram,0.680000000000,0.680000000000,blackgram|mothbeans|lentil,blackgram|mothbeans|lentil,False,0.440000000000,0.440000000000,0.000000000000,0
56,1763,papaya,humidity,absolute,-2.500000000000,93.126597930000,90.626597930000,False,papaya,papaya,0.990000000000,0.990000000000,papaya|banana|apple,papaya|banana|apple,False,0.980000000000,0.980000000000,0.000000000000,0
57,1798,papaya,humidity,absolute,-2.500000000000,91.794301660000,89.294301660000,False,papaya,papaya,1.000000000000,0.710000000000,papaya|apple|banana,papaya|jute|banana,False,1.000000000000,0.590000000000,0.290000000000,0
58,2173,coffee,humidity,absolute,-2.500000000000,64.575780340000,62.075780340000,False,coffee,coffee,0.980000000000,0.980000000000,coffee|coconut|apple,coffee|coconut|apple,False,0.960000000000,0.960000000000,0.000000000000,0
59,825,lentil,humidity,absolute,-2.500000000000,67.551090240000,65.051090240000,False,lentil,lentil,0.990000000000,0.990000000000,lentil|blackgram|apple,lentil|blackgram|apple,False,0.980000000000,0.980000000000,0.000000000000,0
60,813,lentil,humidity,absolute,-2.500000000000,61.773363430000,59.273363430000,False,lentil,lentil,0.820000000000,0.460000000000,lentil|mothbeans|blackgram,lentil|mothbeans|blackgram,False,0.710000000000,0.040000000000,0.360000000000,0
61,539,mothbeans,humidity,absolute,-2.500000000000,41.365618350000,38.865618350000,False,mothbeans,mothbeans,0.960000000000,0.910000000000,mothbeans|lentil|pigeonpeas,mothbeans|pigeonpeas|lentil,False,0.930000000000,0.850000000000,0.050000000000,0
62,2157,coffee,humidity,absolute,-2.500000000000,67.377683530000,64.877683530000,False,coffee,coffee,1.000000000000,1.000000000000,coffee|apple|banana,coffee|apple|banana,False,1.000000000000,1.000000000000,0.000000000000,0
63,1032,banana,humidity,absolute,-2.500000000000,81.382041040000,78.882041040000,False,banana,banana,0.970000000000,0.980000000000,banana|jute|apple,banana|jute|apple,False,0.940000000000,0.960000000000,0.010000000000,0
64,1707,papaya,humidity,absolute,-2.500000000000,93.710436920000,91.210436920000,False,papaya,papaya,0.930000000000,0.920000000000,papaya|pomegranate|pigeonpeas,papaya|pomegranate|pigeonpeas,False,0.900000000000,0.890000000000,0.010000000000,0
65,54,rice,humidity,absolute,-2.500000000000,83.836258190000,81.336258190000,False,rice,rice,0.980000000000,0.990000000000,rice|jute|apple,rice|jute|apple,False,0.960000000000,0.980000000000,0.010000000000,0
66,1630,orange,humidity,absolute,-2.500000000000,90.458286500000,87.958286500000,False,orange,orange,0.980000000000,0.730000000000,orange|mango|pomegranate,orange|pomegranate|mungbean,False,0.970000000000,0.600000000000,0.250000000000,0
67,1818,coconut,humidity,absolute,-2.500000000000,95.016305930000,92.516305930000,False,coconut,coconut,1.000000000000,1.000000000000,coconut|apple|banana,coconut|apple|banana,False,1.000000000000,1.000000000000,0.000000000000,0
69,920,pomegranate,humidity,absolute,-2.500000000000,89.922488300000,87.422488300000,False,pomegranate,pomegranate,0.970000000000,0.980000000000,pomegranate|orange|apple,pomegranate|orange|apple,False,0.940000000000,0.960000000000,0.010000000000,0
70,1033,banana,humidity,absolute,-2.500000000000,79.286936870000,76.786936870000,False,banana,banana,1.000000000000,1.000000000000,banana|apple|blackgram,banana|apple|blackgram,False,1.000000000000,1.000000000000,0.000000000000,0
71,1458,muskmelon,humidity,absolute,-2.500000000000,90.770696180000,88.270696180000,False,muskmelon,muskmelon,1.000000000000,0.710000000000,muskmelon|apple|banana,muskmelon|watermelon|blackgram,False,1.000000000000,0.440000000000,0.290000000000,0
72,1369,watermelon,humidity,absolute,-2.500000000000,81.121229890000,78.621229890000,False,watermelon,watermelon,1.000000000000,0.960000000000,watermelon|apple|banana,watermelon|banana|jute,False,1.000000000000,0.930000000000,0.040000000000,0
73,859,lentil,humidity,absolute,-2.500000000000,64.002139290000,61.502139290000,False,lentil,lentil,1.000000000000,0.940000000000,lentil|apple|banana,lentil|mothbeans|blackgram,False,1.000000000000,0.900000000000,0.060000000000,0
75,1854,coconut,humidity,absolute,-2.500000000000,94.484145440000,91.984145440000,False,coconut,coconut,1.000000000000,1.000000000000,coconut|apple|banana,coconut|apple|banana,False,1.000000000000,1.000000000000,0.000000000000,0
76,575,mothbeans,humidity,absolute,-2.500000000000,52.609500140000,50.109500140000,False,mothbeans,mothbeans,0.900000000000,0.900000000000,mothbeans|lentil|mungbean,mothbeans|lentil|mungbean,False,0.820000000000,0.820000000000,0.000000000000,0
77,606,mungbean,humidity,absolute,-2.500000000000,83.248558550000,80.748558550000,False,mungbean,mungbean,0.980000000000,0.980000000000,mungbean|blackgram|apple,mungbean|blackgram|apple,False,0.960000000000,0.960000000000,0.000000000000,0
78,614,mungbean,humidity,absolute,-2.500000000000,86.451932970000,83.951932970000,False,mungbean,mungbean,0.970000000000,0.970000000000,mungbean|mothbeans|orange,mungbean|mothbeans|orange,False,0.950000000000,0.950000000000,0.000000000000,0
80,2182,coffee,humidity,absolute,-2.500000000000,50.501485280000,48.001485280000,False,coffee,coffee,0.990000000000,0.990000000000,coffee|coconut|apple,coffee|coconut|apple,False,0.980000000000,0.980000000000,0.000000000000,0
82,1473,muskmelon,humidity,absolute,-2.500000000000,91.892168490000,89.392168490000,False,muskmelon,muskmelon,1.000000000000,0.720000000000,muskmelon|apple|banana,muskmelon|watermelon|blackgram,False,1.000000000000,0.460000000000,0.280000000000,0
83,303,kidneybeans,humidity,absolute,-2.500000000000,24.240458750000,21.740458750000,False,kidneybeans,kidneybeans,0.950000000000,0.950000000000,kidneybeans|chickpea|pigeonpeas,kidneybeans|chickpea|pigeonpeas,False,0.910000000000,0.910000000000,0.000000000000,0
85,937,pomegranate,humidity,absolute,-2.500000000000,94.257026720000,91.757026720000,False,pomegranate,pomegranate,0.910000000000,0.910000000000,pomegranate|papaya|orange,pomegranate|papaya|orange,False,0.870000000000,0.870000000000,0.000000000000,0
86,1697,orange,humidity,absolute,-2.500000000000,94.473168790000,91.973168790000,False,orange,orange,0.980000000000,0.980000000000,orange|mango|pomegranate,orange|mango|pomegranate,False,0.970000000000,0.970000000000,0.000000000000,0
87,1987,cotton,humidity,absolute,-2.500000000000,78.512069720000,76.012069720000,False,cotton,cotton,1.000000000000,1.000000000000,cotton|apple|banana,cotton|apple|banana,False,1.000000000000,1.000000000000,0.000000000000,0
88,1851,coconut,humidity,absolute,-2.500000000000,92.485196060000,89.985196060000,False,coconut,coconut,0.990000000000,0.890000000000,coconut|coffee|apple,coconut|mungbean|pomegranate,False,0.980000000000,0.860000000000,0.100000000000,0
91,613,mungbean,humidity,absolute,-2.500000000000,84.960893550000,82.460893550000,False,mungbean,mungbean,1.000000000000,1.000000000000,mungbean|apple|banana,mungbean|apple|banana,False,1.000000000000,1.000000000000,0.000000000000,0
93,1960,cotton,humidity,absolute,-2.500000000000,81.794759170000,79.294759170000,False,cotton,cotton,1.000000000000,1.000000000000,cotton|apple|banana,cotton|apple|banana,False,1.000000000000,1.000000000000,0.000000000000,0
95,1225,grapes,humidity,absolute,-2.500000000000,83.593987340000,81.093987340000,False,grapes,grapes,1.000000000000,1.000000000000,grapes|apple|banana,grapes|apple|banana,False,1.000000000000,1.000000000000,0.000000000000,0
96,1988,cotton,humidity,absolute,-2.500000000000,84.168552310000,81.668552310000,False,cotton,cotton,1.000000000000,1.000000000000,cotton|apple|banana,cotton|apple|banana,False,1.000000000000,1.000000000000,0.000000000000,0
97,227,chickpea,humidity,absolute,-2.500000000000,18.667255650000,16.167255650000,False,chickpea,chickpea,0.940000000000,0.940000000000,chickpea|kidneybeans|coffee,chickpea|kidneybeans|coffee,False,0.910000000000,0.910000000000,0.000000000000,0
100,1499,muskmelon,humidity,absolute,-2.500000000000,91.695321780000,89.195321780000,False,muskmelon,muskmelon,1.000000000000,0.710000000000,muskmelon|apple|banana,muskmelon|watermelon|blackgram,False,1.000000000000,0.440000000000,0.290000000000,0
101,989,pomegranate,humidity,absolute,-2.500000000000,91.194315550000,88.694315550000,False,pomegranate,pomegranate,0.990000000000,0.990000000000,pomegranate|orange|apple,pomegranate|watermelon|apple,False,0.980000000000,0.980000000000,0.000000000000,0
103,497,pigeonpeas,humidity,absolute,-2.500000000000,42.898332350000,40.398332350000,False,pigeonpeas,pigeonpeas,0.980000000000,0.980000000000,pigeonpeas|blackgram|papaya,pigeonpeas|blackgram|papaya,False,0.970000000000,0.970000000000,0.000000000000,0
104,472,pigeonpeas,humidity,absolute,-2.500000000000,61.331862490000,58.831862490000,False,pigeonpeas,pigeonpeas,0.940000000000,0.980000000000,pigeonpeas|lentil|mothbeans,pigeonpeas|lentil|apple,False,0.900000000000,0.960000000000,0.040000000000,0
106,323,kidneybeans,humidity,absolute,-2.500000000000,18.825197300000,16.325197300000,False,kidneybeans,kidneybeans,0.990000000000,0.950000000000,kidneybeans|chickpea|apple,kidneybeans|chickpea|apple,False,0.980000000000,0.900000000000,0.040000000000,0
108,44,rice,humidity,absolute,-2.500000000000,82.366989920000,79.866989920000,False,rice,rice,0.900000000000,0.680000000000,rice|jute|papaya,rice|jute|papaya,False,0.830000000000,0.400000000000,0.220000000000,0
109,84,rice,humidity,absolute,-2.500000000000,80.543728130000,78.043728130000,False,rice,rice,1.000000000000,0.670000000000,rice|apple|banana,rice|jute|banana,False,1.000000000000,0.360000000000,0.330000000000,0
110,1551,apple,humidity,absolute,-2.500000000000,92.210839610000,89.710839610000,False,apple,apple,1.000000000000,0.940000000000,apple|banana|blackgram,apple|grapes|pomegranate,False,1.000000000000,0.910000000000,0.060000000000,0
111,647,mungbean,humidity,absolute,-2.500000000000,87.451266900000,84.951266900000,False,mungbean,mungbean,1.000000000000,1.000000000000,mungbean|apple|banana,mungbean|apple|banana,False,1.000000000000,1.000000000000,0.000000000000,0
115,1456,muskmelon,humidity,absolute,-2.500000000000,92.174447960000,89.674447960000,False,muskmelon,muskmelon,1.000000000000,0.720000000000,muskmelon|apple|banana,muskmelon|watermelon|blackgram,False,1.000000000000,0.460000000000,0.280000000000,0
121,250,chickpea,humidity,absolute,-2.500000000000,18.980305070000,16.480305070000,False,chickpea,chickpea,1.000000000000,1.000000000000,chickpea|apple|banana,chickpea|apple|banana,False,1.000000000000,1.000000000000,0.000000000000,0
122,199,maize,humidity,absolute,-2.500000000000,70.747392560000,68.247392560000,False,maize,maize,0.940000000000,0.950000000000,maize|coffee|blackgram,maize|coffee|blackgram,False,0.920000000000,0.930000000000,0.010000000000,0
124,110,maize,humidity,absolute,-2.500000000000,73.454153700000,70.954153700000,False,maize,maize,0.970000000000,1.000000000000,maize|cotton|mungbean,maize|apple|banana,False,0.960000000000,1.000000000000,0.030000000000,0
128,1859,coconut,humidity,absolute,-2.500000000000,95.163336730000,92.663336730000,False,coconut,coconut,1.000000000000,1.000000000000,coconut|apple|banana,coconut|apple|banana,False,1.000000000000,1.000000000000,0.000000000000,0
131,226,chickpea,humidity,absolute,-2.500000000000,16.679216160000,14.258039810000,True,chickpea,chickpea,0.920000000000,0.920000000000,chickpea|kidneybeans|apple,chickpea|kidneybeans|apple,False,0.840000000000,0.840000000000,0.000000000000,0
136,1552,apple,humidity,absolute,-2.500000000000,91.456650040000,88.956650040000,False,apple,apple,1.000000000000,0.940000000000,apple|banana|blackgram,apple|grapes|pomegranate,False,1.000000000000,0.910000000000,0.060000000000,0
148,461,pigeonpeas,humidity,absolute,-2.500000000000,38.837860120000,36.337860120000,False,pigeonpeas,pigeonpeas,0.990000000000,0.990000000000,pigeonpeas|lentil|apple,pigeonpeas|lentil|apple,False,0.980000000000,0.980000000000,0.000000000000,0
156,474,pigeonpeas,humidity,absolute,-2.500000000000,39.372526340000,36.872526340000,False,pigeonpeas,pigeonpeas,0.970000000000,0.970000000000,pigeonpeas|coffee|kidneybeans,pigeonpeas|coffee|kidneybeans,False,0.960000000000,0.960000000000,0.000000000000,0
157,1419,muskmelon,humidity,absolute,-2.500000000000,92.588625440000,90.088625440000,False,muskmelon,muskmelon,1.000000000000,1.000000000000,muskmelon|apple|banana,muskmelon|apple|banana,False,1.000000000000,1.000000000000,0.000000000000,0
164,305,kidneybeans,humidity,absolute,-2.500000000000,18.776219510000,16.276219510000,False,kidneybeans,kidneybeans,0.990000000000,0.940000000000,kidneybeans|pigeonpeas|apple,kidneybeans|chickpea|pigeonpeas,False,0.980000000000,0.890000000000,0.050000000000,0
189,361,kidneybeans,humidity,absolute,-2.500000000000,22.898456070000,20.398456070000,False,kidneybeans,kidneybeans,1.000000000000,1.000000000000,kidneybeans|apple|banana,kidneybeans|apple|banana,False,1.000000000000,1.000000000000,0.000000000000,0
0,1609,orange,humidity,absolute,0.000000000000,90.264080170000,90.264080170000,False,orange,orange,0.970000000000,0.970000000000,orange|pomegranate|apple,orange|pomegranate|apple,False,0.940000000000,0.940000000000,0.000000000000,0
1,1072,banana,humidity,absolute,0.000000000000,84.473213140000,84.473213140000,False,banana,banana,0.930000000000,0.930000000000,banana|papaya|cotton,banana|papaya|cotton,False,0.890000000000,0.890000000000,0.000000000000,0
2,1912,cotton,humidity,absolute,0.000000000000,75.882985980000,75.882985980000,False,cotton,cotton,1.000000000000,1.000000000000,cotton|apple|banana,cotton|apple|banana,False,1.000000000000,1.000000000000,0.000000000000,0
3,100,maize,humidity,absolute,0.000000000000,63.690705640000,63.690705640000,False,maize,maize,0.990000000000,0.990000000000,maize|mothbeans|apple,maize|mothbeans|apple,False,0.980000000000,0.980000000000,0.000000000000,0
4,1645,orange,humidity,absolute,0.000000000000,91.909972280000,91.909972280000,False,orange,orange,0.990000000000,0.990000000000,orange|pomegranate|apple,orange|pomegranate|apple,False,0.980000000000,0.980000000000,0.000000000000,0
5,221,chickpea,humidity,absolute,0.000000000000,15.112796120000,15.112796120000,False,chickpea,chickpea,1.000000000000,1.000000000000,chickpea|apple|banana,chickpea|apple|banana,False,1.000000000000,1.000000000000,0.000000000000,0
6,28,rice,humidity,absolute,0.000000000000,84.497743970000,84.497743970000,False,rice,rice,0.990000000000,0.990000000000,rice|jute|apple,rice|jute|apple,False,0.980000000000,0.980000000000,0.000000000000,0
7,701,blackgram,humidity,absolute,0.000000000000,68.139997210000,68.139997210000,False,blackgram,blackgram,0.970000000000,0.970000000000,blackgram|lentil|apple,blackgram|lentil|apple,False,0.940000000000,0.940000000000,0.000000000000,0
8,1097,banana,humidity,absolute,0.000000000000,82.207936130000,82.207936130000,False,banana,banana,1.000000000000,1.000000000000,banana|apple|blackgram,banana|apple|blackgram,False,1.000000000000,1.000000000000,0.000000000000,0
9,1638,orange,humidity,absolute,0.000000000000,91.353492160000,91.353492160000,False,orange,orange,1.000000000000,1.000000000000,orange|apple|banana,orange|apple|banana,False,1.000000000000,1.000000000000,0.000000000000,0
10,1391,watermelon,humidity,absolute,0.000000000000,84.608082770000,84.608082770000,False,watermelon,watermelon,1.000000000000,1.000000000000,watermelon|apple|banana,watermelon|apple|banana,False,1.000000000000,1.000000000000,0.000000000000,0
11,901,pomegranate,humidity,absolute,0.000000000000,89.937010230000,89.937010230000,False,pomegranate,pomegranate,1.000000000000,1.000000000000,pomegranate|apple|banana,pomegranate|apple|banana,False,1.000000000000,1.000000000000,0.000000000000,0
12,1386,watermelon,humidity,absolute,0.000000000000,86.632495550000,86.632495550000,False,watermelon,watermelon,1.000000000000,1.000000000000,watermelon|apple|banana,watermelon|apple|banana,False,1.000000000000,1.000000000000,0.000000000000,0
13,171,maize,humidity,absolute,0.000000000000,60.474705190000,60.474705190000,False,maize,maize,1.000000000000,1.000000000000,maize|apple|banana,maize|apple|banana,False,1.000000000000,1.000000000000,0.000000000000,0
14,544,mothbeans,humidity,absolute,0.000000000000,56.402262770000,56.402262770000,False,mothbeans,mothbeans,0.810000000000,0.810000000000,mothbeans|blackgram|pigeonpeas,mothbeans|blackgram|pigeonpeas,False,0.740000000000,0.740000000000,0.000000000000,0
15,1264,grapes,humidity,absolute,0.000000000000,83.541938160000,83.541938160000,False,grapes,grapes,1.000000000000,1.000000000000,grapes|apple|banana,grapes|apple|banana,False,1.000000000000,1.000000000000,0.000000000000,0
16,1220,grapes,humidity,absolute,0.000000000000,80.589319380000,80.589319380000,False,grapes,grapes,1.000000000000,1.000000000000,grapes|apple|banana,grapes|apple|banana,False,1.000000000000,1.000000000000,0.000000000000,0
17,1154,mango,humidity,absolute,0.000000000000,51.084590300000,51.084590300000,False,mango,mango,1.000000000000,1.000000000000,mango|apple|banana,mango|apple|banana,False,1.000000000000,1.000000000000,0.000000000000,0
18,1131,mango,humidity,absolute,0.000000000000,49.217291270000,49.217291270000,False,mango,mango,0.980000000000,0.980000000000,mango|mothbeans|papaya,mango|mothbeans|papaya,False,0.970000000000,0.970000000000,0.000000000000,0
19,1514,apple,humidity,absolute,0.000000000000,90.493557400000,90.493557400000,False,apple,apple,1.000000000000,1.000000000000,apple|banana|blackgram,apple|banana|blackgram,False,1.000000000000,1.000000000000,0.000000000000,0
20,795,blackgram,humidity,absolute,0.000000000000,65.677181630000,65.677181630000,False,blackgram,blackgram,0.990000000000,0.990000000000,blackgram|lentil|apple,blackgram|lentil|apple,False,0.980000000000,0.980000000000,0.000000000000,0
21,1502,apple,humidity,absolute,0.000000000000,94.589006010000,94.589006010000,False,apple,apple,1.000000000000,1.000000000000,apple|banana|blackgram,apple|banana|blackgram,False,1.000000000000,1.000000000000,0.000000000000,0
22,585,mothbeans,humidity,absolute,0.000000000000,63.047491270000,63.047491270000,False,mothbeans,mothbeans,0.790000000000,0.790000000000,mothbeans|lentil|blackgram,mothbeans|lentil|blackgram,False,0.610000000000,0.610000000000,0.000000000000,0
23,387,kidneybeans,humidity,absolute,0.000000000000,20.017309140000,20.017309140000,False,kidneybeans,kidneybeans,0.990000000000,0.990000000000,kidneybeans|pigeonpeas|apple,kidneybeans|pigeonpeas|apple,False,0.980000000000,0.980000000000,0.000000000000,0
24,1591,apple,humidity,absolute,0.000000000000,90.952579270000,90.952579270000,False,apple,apple,0.980000000000,0.980000000000,apple|grapes|banana,apple|grapes|banana,False,0.960000000000,0.960000000000,0.000000000000,0
25,2003,jute,humidity,absolute,0.000000000000,88.165135790000,88.165135790000,False,jute,jute,0.980000000000,0.980000000000,jute|rice|watermelon,jute|rice|watermelon,False,0.970000000000,0.970000000000,0.000000000000,0
26,505,mothbeans,humidity,absolute,0.000000000000,54.107746100000,54.107746100000,False,mothbeans,mothbeans,0.890000000000,0.890000000000,mothbeans|blackgram|pigeonpeas,mothbeans|blackgram|pigeonpeas,False,0.840000000000,0.840000000000,0.000000000000,0
27,1342,watermelon,humidity,absolute,0.000000000000,83.472025660000,83.472025660000,False,watermelon,watermelon,1.000000000000,1.000000000000,watermelon|apple|banana,watermelon|apple|banana,False,1.000000000000,1.000000000000,0.000000000000,0
28,0,rice,humidity,absolute,0.000000000000,82.002744230000,82.002744230000,False,rice,rice,0.900000000000,0.900000000000,rice|jute|apple,rice|jute|apple,False,0.800000000000,0.800000000000,0.000000000000,0
29,2106,coffee,humidity,absolute,0.000000000000,50.406094360000,50.406094360000,False,coffee,coffee,1.000000000000,1.000000000000,coffee|apple|banana,coffee|apple|banana,False,1.000000000000,1.000000000000,0.000000000000,0
30,1102,mango,humidity,absolute,0.000000000000,47.675254340000,47.675254340000,False,mango,mango,0.920000000000,0.920000000000,mango|coconut|coffee,mango|coconut|coffee,False,0.900000000000,0.900000000000,0.000000000000,0
31,2086,jute,humidity,absolute,0.000000000000,86.842640050000,86.842640050000,False,jute,jute,0.930000000000,0.930000000000,jute|rice|banana,jute|rice|banana,False,0.870000000000,0.870000000000,0.000000000000,0
32,1036,banana,humidity,absolute,0.000000000000,82.362080970000,82.362080970000,False,banana,banana,1.000000000000,1.000000000000,banana|apple|blackgram,banana|apple|blackgram,False,1.000000000000,1.000000000000,0.000000000000,0
33,2167,coffee,humidity,absolute,0.000000000000,53.838761890000,53.838761890000,False,coffee,coffee,1.000000000000,1.000000000000,coffee|apple|banana,coffee|apple|banana,False,1.000000000000,1.000000000000,0.000000000000,0
34,2050,jute,humidity,absolute,0.000000000000,73.745958100000,73.745958100000,False,jute,jute,0.990000000000,0.990000000000,jute|rice|apple,jute|rice|apple,False,0.980000000000,0.980000000000,0.000000000000,0
35,737,blackgram,humidity,absolute,0.000000000000,67.885213960000,67.885213960000,False,blackgram,blackgram,0.910000000000,0.910000000000,blackgram|maize|lentil,blackgram|maize|lentil,False,0.830000000000,0.830000000000,0.000000000000,0
36,1298,grapes,humidity,absolute,0.000000000000,83.479529200000,83.479529200000,False,grapes,grapes,1.000000000000,1.000000000000,grapes|apple|banana,grapes|apple|banana,False,1.000000000000,1.000000000000,0.000000000000,0
37,1200,grapes,humidity,absolute,0.000000000000,81.541566120000,81.541566120000,False,grapes,grapes,1.000000000000,1.000000000000,grapes|apple|banana,grapes|apple|banana,False,1.000000000000,1.000000000000,0.000000000000,0
38,731,blackgram,humidity,absolute,0.000000000000,68.592322890000,68.592322890000,False,blackgram,blackgram,0.990000000000,0.990000000000,blackgram|mothbeans|apple,blackgram|mothbeans|apple,False,0.980000000000,0.980000000000,0.000000000000,0
39,2042,jute,humidity,absolute,0.000000000000,77.012225850000,77.012225850000,False,jute,jute,0.930000000000,0.930000000000,jute|rice|papaya,jute|rice|papaya,False,0.890000000000,0.890000000000,0.000000000000,0
40,1829,coconut,humidity,absolute,0.000000000000,96.663552130000,96.663552130000,False,coconut,coconut,1.000000000000,1.000000000000,coconut|apple|banana,coconut|apple|banana,False,1.000000000000,1.000000000000,0.000000000000,0
41,1716,papaya,humidity,absolute,0.000000000000,93.637390390000,93.637390390000,False,papaya,papaya,0.990000000000,0.990000000000,papaya|grapes|apple,papaya|grapes|apple,False,0.980000000000,0.980000000000,0.000000000000,0
42,1156,mango,humidity,absolute,0.000000000000,51.084941810000,51.084941810000,False,mango,mango,1.000000000000,1.000000000000,mango|apple|banana,mango|apple|banana,False,1.000000000000,1.000000000000,0.000000000000,0
43,185,maize,humidity,absolute,0.000000000000,65.921958440000,65.921958440000,False,maize,maize,0.970000000000,0.970000000000,maize|mothbeans|coffee,maize|mothbeans|coffee,False,0.950000000000,0.950000000000,0.000000000000,0
44,861,lentil,humidity,absolute,0.000000000000,67.762525830000,67.762525830000,False,lentil,lentil,0.980000000000,0.980000000000,lentil|blackgram|apple,lentil|blackgram|apple,False,0.960000000000,0.960000000000,0.000000000000,0
45,2022,jute,humidity,absolute,0.000000000000,79.787251520000,79.787251520000,False,jute,jute,0.940000000000,0.940000000000,jute|rice|watermelon,jute|rice|watermelon,False,0.890000000000,0.890000000000,0.000000000000,0
46,1973,cotton,humidity,absolute,0.000000000000,78.715558320000,78.715558320000,False,cotton,cotton,0.960000000000,0.960000000000,cotton|maize|banana,cotton|maize|banana,False,0.940000000000,0.940000000000,0.000000000000,0
47,850,lentil,humidity,absolute,0.000000000000,61.095335450000,61.095335450000,False,lentil,lentil,0.900000000000,0.900000000000,lentil|mothbeans|blackgram,lentil|mothbeans|blackgram,False,0.840000000000,0.840000000000,0.000000000000,0
48,203,chickpea,humidity,absolute,0.000000000000,15.658092140000,15.658092140000,False,chickpea,chickpea,1.000000000000,1.000000000000,chickpea|apple|banana,chickpea|apple|banana,False,1.000000000000,1.000000000000,0.000000000000,0
49,696,mungbean,humidity,absolute,0.000000000000,83.527060380000,83.527060380000,False,mungbean,mungbean,1.000000000000,1.000000000000,mungbean|apple|banana,mungbean|apple|banana,False,1.000000000000,1.000000000000,0.000000000000,0
50,1737,papaya,humidity,absolute,0.000000000000,90.873949330000,90.873949330000,False,papaya,papaya,0.930000000000,0.930000000000,papaya|rice|apple,papaya|rice|apple,False,0.860000000000,0.860000000000,0.000000000000,0
51,961,pomegranate,humidity,absolute,0.000000000000,85.429128690000,85.429128690000,False,pomegranate,pomegranate,0.990000000000,0.990000000000,pomegranate|orange|apple,pomegranate|orange|apple,False,0.980000000000,0.980000000000,0.000000000000,0
52,405,pigeonpeas,humidity,absolute,0.000000000000,42.352498790000,42.352498790000,False,pigeonpeas,pigeonpeas,0.920000000000,0.920000000000,pigeonpeas|mango|coconut,pigeonpeas|mango|coconut,False,0.850000000000,0.850000000000,0.000000000000,0
53,1392,watermelon,humidity,absolute,0.000000000000,81.966648320000,81.966648320000,False,watermelon,watermelon,1.000000000000,1.000000000000,watermelon|apple|banana,watermelon|apple|banana,False,1.000000000000,1.000000000000,0.000000000000,0
54,1158,mango,humidity,absolute,0.000000000000,49.409832940000,49.409832940000,False,mango,mango,0.980000000000,0.980000000000,mango|mothbeans|orange,mango|mothbeans|orange,False,0.970000000000,0.970000000000,0.000000000000,0
55,768,blackgram,humidity,absolute,0.000000000000,67.998035730000,67.998035730000,False,blackgram,blackgram,0.680000000000,0.680000000000,blackgram|mothbeans|lentil,blackgram|mothbeans|lentil,False,0.440000000000,0.440000000000,0.000000000000,0
56,1763,papaya,humidity,absolute,0.000000000000,93.126597930000,93.126597930000,False,papaya,papaya,0.990000000000,0.990000000000,papaya|banana|apple,papaya|banana|apple,False,0.980000000000,0.980000000000,0.000000000000,0
57,1798,papaya,humidity,absolute,0.000000000000,91.794301660000,91.794301660000,False,papaya,papaya,1.000000000000,1.000000000000,papaya|apple|banana,papaya|apple|banana,False,1.000000000000,1.000000000000,0.000000000000,0
58,2173,coffee,humidity,absolute,0.000000000000,64.575780340000,64.575780340000,False,coffee,coffee,0.980000000000,0.980000000000,coffee|coconut|apple,coffee|coconut|apple,False,0.960000000000,0.960000000000,0.000000000000,0
59,825,lentil,humidity,absolute,0.000000000000,67.551090240000,67.551090240000,False,lentil,lentil,0.990000000000,0.990000000000,lentil|blackgram|apple,lentil|blackgram|apple,False,0.980000000000,0.980000000000,0.000000000000,0
60,813,lentil,humidity,absolute,0.000000000000,61.773363430000,61.773363430000,False,lentil,lentil,0.820000000000,0.820000000000,lentil|mothbeans|blackgram,lentil|mothbeans|blackgram,False,0.710000000000,0.710000000000,0.000000000000,0
61,539,mothbeans,humidity,absolute,0.000000000000,41.365618350000,41.365618350000,False,mothbeans,mothbeans,0.960000000000,0.960000000000,mothbeans|lentil|pigeonpeas,mothbeans|lentil|pigeonpeas,False,0.930000000000,0.930000000000,0.000000000000,0
62,2157,coffee,humidity,absolute,0.000000000000,67.377683530000,67.377683530000,False,coffee,coffee,1.000000000000,1.000000000000,coffee|apple|banana,coffee|apple|banana,False,1.000000000000,1.000000000000,0.000000000000,0
63,1032,banana,humidity,absolute,0.000000000000,81.382041040000,81.382041040000,False,banana,banana,0.970000000000,0.970000000000,banana|jute|apple,banana|jute|apple,False,0.940000000000,0.940000000000,0.000000000000,0
64,1707,papaya,humidity,absolute,0.000000000000,93.710436920000,93.710436920000,False,papaya,papaya,0.930000000000,0.930000000000,papaya|pomegranate|pigeonpeas,papaya|pomegranate|pigeonpeas,False,0.900000000000,0.900000000000,0.000000000000,0
65,54,rice,humidity,absolute,0.000000000000,83.836258190000,83.836258190000,False,rice,rice,0.980000000000,0.980000000000,rice|jute|apple,rice|jute|apple,False,0.960000000000,0.960000000000,0.000000000000,0
66,1630,orange,humidity,absolute,0.000000000000,90.458286500000,90.458286500000,False,orange,orange,0.980000000000,0.980000000000,orange|mango|pomegranate,orange|mango|pomegranate,False,0.970000000000,0.970000000000,0.000000000000,0
67,1818,coconut,humidity,absolute,0.000000000000,95.016305930000,95.016305930000,False,coconut,coconut,1.000000000000,1.000000000000,coconut|apple|banana,coconut|apple|banana,False,1.000000000000,1.000000000000,0.000000000000,0
69,920,pomegranate,humidity,absolute,0.000000000000,89.922488300000,89.922488300000,False,pomegranate,pomegranate,0.970000000000,0.970000000000,pomegranate|orange|apple,pomegranate|orange|apple,False,0.940000000000,0.940000000000,0.000000000000,0
70,1033,banana,humidity,absolute,0.000000000000,79.286936870000,79.286936870000,False,banana,banana,1.000000000000,1.000000000000,banana|apple|blackgram,banana|apple|blackgram,False,1.000000000000,1.000000000000,0.000000000000,0
71,1458,muskmelon,humidity,absolute,0.000000000000,90.770696180000,90.770696180000,False,muskmelon,muskmelon,1.000000000000,1.000000000000,muskmelon|apple|banana,muskmelon|apple|banana,False,1.000000000000,1.000000000000,0.000000000000,0
72,1369,watermelon,humidity,absolute,0.000000000000,81.121229890000,81.121229890000,False,watermelon,watermelon,1.000000000000,1.000000000000,watermelon|apple|banana,watermelon|apple|banana,False,1.000000000000,1.000000000000,0.000000000000,0
73,859,lentil,humidity,absolute,0.000000000000,64.002139290000,64.002139290000,False,lentil,lentil,1.000000000000,1.000000000000,lentil|apple|banana,lentil|apple|banana,False,1.000000000000,1.000000000000,0.000000000000,0
75,1854,coconut,humidity,absolute,0.000000000000,94.484145440000,94.484145440000,False,coconut,coconut,1.000000000000,1.000000000000,coconut|apple|banana,coconut|apple|banana,False,1.000000000000,1.000000000000,0.000000000000,0
76,575,mothbeans,humidity,absolute,0.000000000000,52.609500140000,52.609500140000,False,mothbeans,mothbeans,0.900000000000,0.900000000000,mothbeans|lentil|mungbean,mothbeans|lentil|mungbean,False,0.820000000000,0.820000000000,0.000000000000,0
77,606,mungbean,humidity,absolute,0.000000000000,83.248558550000,83.248558550000,False,mungbean,mungbean,0.980000000000,0.980000000000,mungbean|blackgram|apple,mungbean|blackgram|apple,False,0.960000000000,0.960000000000,0.000000000000,0
78,614,mungbean,humidity,absolute,0.000000000000,86.451932970000,86.451932970000,False,mungbean,mungbean,0.970000000000,0.970000000000,mungbean|mothbeans|orange,mungbean|mothbeans|orange,False,0.950000000000,0.950000000000,0.000000000000,0
80,2182,coffee,humidity,absolute,0.000000000000,50.501485280000,50.501485280000,False,coffee,coffee,0.990000000000,0.990000000000,coffee|coconut|apple,coffee|coconut|apple,False,0.980000000000,0.980000000000,0.000000000000,0
82,1473,muskmelon,humidity,absolute,0.000000000000,91.892168490000,91.892168490000,False,muskmelon,muskmelon,1.000000000000,1.000000000000,muskmelon|apple|banana,muskmelon|apple|banana,False,1.000000000000,1.000000000000,0.000000000000,0
83,303,kidneybeans,humidity,absolute,0.000000000000,24.240458750000,24.240458750000,False,kidneybeans,kidneybeans,0.950000000000,0.950000000000,kidneybeans|chickpea|pigeonpeas,kidneybeans|chickpea|pigeonpeas,False,0.910000000000,0.910000000000,0.000000000000,0
85,937,pomegranate,humidity,absolute,0.000000000000,94.257026720000,94.257026720000,False,pomegranate,pomegranate,0.910000000000,0.910000000000,pomegranate|papaya|orange,pomegranate|papaya|orange,False,0.870000000000,0.870000000000,0.000000000000,0
86,1697,orange,humidity,absolute,0.000000000000,94.473168790000,94.473168790000,False,orange,orange,0.980000000000,0.980000000000,orange|mango|pomegranate,orange|mango|pomegranate,False,0.970000000000,0.970000000000,0.000000000000,0
87,1987,cotton,humidity,absolute,0.000000000000,78.512069720000,78.512069720000,False,cotton,cotton,1.000000000000,1.000000000000,cotton|apple|banana,cotton|apple|banana,False,1.000000000000,1.000000000000,0.000000000000,0
88,1851,coconut,humidity,absolute,0.000000000000,92.485196060000,92.485196060000,False,coconut,coconut,0.990000000000,0.990000000000,coconut|coffee|apple,coconut|coffee|apple,False,0.980000000000,0.980000000000,0.000000000000,0
91,613,mungbean,humidity,absolute,0.000000000000,84.960893550000,84.960893550000,False,mungbean,mungbean,1.000000000000,1.000000000000,mungbean|apple|banana,mungbean|apple|banana,False,1.000000000000,1.000000000000,0.000000000000,0
93,1960,cotton,humidity,absolute,0.000000000000,81.794759170000,81.794759170000,False,cotton,cotton,1.000000000000,1.000000000000,cotton|apple|banana,cotton|apple|banana,False,1.000000000000,1.000000000000,0.000000000000,0
95,1225,grapes,humidity,absolute,0.000000000000,83.593987340000,83.593987340000,False,grapes,grapes,1.000000000000,1.000000000000,grapes|apple|banana,grapes|apple|banana,False,1.000000000000,1.000000000000,0.000000000000,0
96,1988,cotton,humidity,absolute,0.000000000000,84.168552310000,84.168552310000,False,cotton,cotton,1.000000000000,1.000000000000,cotton|apple|banana,cotton|apple|banana,False,1.000000000000,1.000000000000,0.000000000000,0
97,227,chickpea,humidity,absolute,0.000000000000,18.667255650000,18.667255650000,False,chickpea,chickpea,0.940000000000,0.940000000000,chickpea|kidneybeans|coffee,chickpea|kidneybeans|coffee,False,0.910000000000,0.910000000000,0.000000000000,0
100,1499,muskmelon,humidity,absolute,0.000000000000,91.695321780000,91.695321780000,False,muskmelon,muskmelon,1.000000000000,1.000000000000,muskmelon|apple|banana,muskmelon|apple|banana,False,1.000000000000,1.000000000000,0.000000000000,0
101,989,pomegranate,humidity,absolute,0.000000000000,91.194315550000,91.194315550000,False,pomegranate,pomegranate,0.990000000000,0.990000000000,pomegranate|orange|apple,pomegranate|orange|apple,False,0.980000000000,0.980000000000,0.000000000000,0
103,497,pigeonpeas,humidity,absolute,0.000000000000,42.898332350000,42.898332350000,False,pigeonpeas,pigeonpeas,0.980000000000,0.980000000000,pigeonpeas|blackgram|papaya,pigeonpeas|blackgram|papaya,False,0.970000000000,0.970000000000,0.000000000000,0
104,472,pigeonpeas,humidity,absolute,0.000000000000,61.331862490000,61.331862490000,False,pigeonpeas,pigeonpeas,0.940000000000,0.940000000000,pigeonpeas|lentil|mothbeans,pigeonpeas|lentil|mothbeans,False,0.900000000000,0.900000000000,0.000000000000,0
106,323,kidneybeans,humidity,absolute,0.000000000000,18.825197300000,18.825197300000,False,kidneybeans,kidneybeans,0.990000000000,0.990000000000,kidneybeans|chickpea|apple,kidneybeans|chickpea|apple,False,0.980000000000,0.980000000000,0.000000000000,0
108,44,rice,humidity,absolute,0.000000000000,82.366989920000,82.366989920000,False,rice,rice,0.900000000000,0.900000000000,rice|jute|papaya,rice|jute|papaya,False,0.830000000000,0.830000000000,0.000000000000,0
109,84,rice,humidity,absolute,0.000000000000,80.543728130000,80.543728130000,False,rice,rice,1.000000000000,1.000000000000,rice|apple|banana,rice|apple|banana,False,1.000000000000,1.000000000000,0.000000000000,0
110,1551,apple,humidity,absolute,0.000000000000,92.210839610000,92.210839610000,False,apple,apple,1.000000000000,1.000000000000,apple|banana|blackgram,apple|banana|blackgram,False,1.000000000000,1.000000000000,0.000000000000,0
111,647,mungbean,humidity,absolute,0.000000000000,87.451266900000,87.451266900000,False,mungbean,mungbean,1.000000000000,1.000000000000,mungbean|apple|banana,mungbean|apple|banana,False,1.000000000000,1.000000000000,0.000000000000,0
115,1456,muskmelon,humidity,absolute,0.000000000000,92.174447960000,92.174447960000,False,muskmelon,muskmelon,1.000000000000,1.000000000000,muskmelon|apple|banana,muskmelon|apple|banana,False,1.000000000000,1.000000000000,0.000000000000,0
121,250,chickpea,humidity,absolute,0.000000000000,18.980305070000,18.980305070000,False,chickpea,chickpea,1.000000000000,1.000000000000,chickpea|apple|banana,chickpea|apple|banana,False,1.000000000000,1.000000000000,0.000000000000,0
122,199,maize,humidity,absolute,0.000000000000,70.747392560000,70.747392560000,False,maize,maize,0.940000000000,0.940000000000,maize|coffee|blackgram,maize|coffee|blackgram,False,0.920000000000,0.920000000000,0.000000000000,0
124,110,maize,humidity,absolute,0.000000000000,73.454153700000,73.454153700000,False,maize,maize,0.970000000000,0.970000000000,maize|cotton|mungbean,maize|cotton|mungbean,False,0.960000000000,0.960000000000,0.000000000000,0
128,1859,coconut,humidity,absolute,0.000000000000,95.163336730000,95.163336730000,False,coconut,coconut,1.000000000000,1.000000000000,coconut|apple|banana,coconut|apple|banana,False,1.000000000000,1.000000000000,0.000000000000,0
131,226,chickpea,humidity,absolute,0.000000000000,16.679216160000,16.679216160000,False,chickpea,chickpea,0.920000000000,0.920000000000,chickpea|kidneybeans|apple,chickpea|kidneybeans|apple,False,0.840000000000,0.840000000000,0.000000000000,0
136,1552,apple,humidity,absolute,0.000000000000,91.456650040000,91.456650040000,False,apple,apple,1.000000000000,1.000000000000,apple|banana|blackgram,apple|banana|blackgram,False,1.000000000000,1.000000000000,0.000000000000,0
148,461,pigeonpeas,humidity,absolute,0.000000000000,38.837860120000,38.837860120000,False,pigeonpeas,pigeonpeas,0.990000000000,0.990000000000,pigeonpeas|lentil|apple,pigeonpeas|lentil|apple,False,0.980000000000,0.980000000000,0.000000000000,0
156,474,pigeonpeas,humidity,absolute,0.000000000000,39.372526340000,39.372526340000,False,pigeonpeas,pigeonpeas,0.970000000000,0.970000000000,pigeonpeas|coffee|kidneybeans,pigeonpeas|coffee|kidneybeans,False,0.960000000000,0.960000000000,0.000000000000,0
157,1419,muskmelon,humidity,absolute,0.000000000000,92.588625440000,92.588625440000,False,muskmelon,muskmelon,1.000000000000,1.000000000000,muskmelon|apple|banana,muskmelon|apple|banana,False,1.000000000000,1.000000000000,0.000000000000,0
164,305,kidneybeans,humidity,absolute,0.000000000000,18.776219510000,18.776219510000,False,kidneybeans,kidneybeans,0.990000000000,0.990000000000,kidneybeans|pigeonpeas|apple,kidneybeans|pigeonpeas|apple,False,0.980000000000,0.980000000000,0.000000000000,0
189,361,kidneybeans,humidity,absolute,0.000000000000,22.898456070000,22.898456070000,False,kidneybeans,kidneybeans,1.000000000000,1.000000000000,kidneybeans|apple|banana,kidneybeans|apple|banana,False,1.000000000000,1.000000000000,0.000000000000,0
0,1609,orange,humidity,absolute,2.500000000000,90.264080170000,92.764080170000,False,orange,orange,0.970000000000,0.970000000000,orange|pomegranate|apple,orange|pomegranate|apple,False,0.940000000000,0.940000000000,0.000000000000,0
1,1072,banana,humidity,absolute,2.500000000000,84.473213140000,86.973213140000,False,banana,banana,0.930000000000,0.860000000000,banana|papaya|cotton,banana|papaya|watermelon,False,0.890000000000,0.820000000000,0.070000000000,0
2,1912,cotton,humidity,absolute,2.500000000000,75.882985980000,78.382985980000,False,cotton,cotton,1.000000000000,1.000000000000,cotton|apple|banana,cotton|apple|banana,False,1.000000000000,1.000000000000,0.000000000000,0
3,100,maize,humidity,absolute,2.500000000000,63.690705640000,66.190705640000,False,maize,maize,0.990000000000,0.990000000000,maize|mothbeans|apple,maize|mothbeans|apple,False,0.980000000000,0.980000000000,0.000000000000,0
4,1645,orange,humidity,absolute,2.500000000000,91.909972280000,94.409972280000,False,orange,orange,0.990000000000,0.980000000000,orange|pomegranate|apple,orange|pomegranate|apple,False,0.980000000000,0.960000000000,0.010000000000,0
5,221,chickpea,humidity,absolute,2.500000000000,15.112796120000,17.612796120000,False,chickpea,chickpea,1.000000000000,1.000000000000,chickpea|apple|banana,chickpea|apple|banana,False,1.000000000000,1.000000000000,0.000000000000,0
6,28,rice,humidity,absolute,2.500000000000,84.497743970000,86.997743970000,False,rice,rice,0.990000000000,0.840000000000,rice|jute|apple,rice|jute|pomegranate,False,0.980000000000,0.710000000000,0.150000000000,0
7,701,blackgram,humidity,absolute,2.500000000000,68.139997210000,70.639997210000,False,blackgram,blackgram,0.970000000000,0.930000000000,blackgram|lentil|apple,blackgram|maize|lentil,False,0.940000000000,0.900000000000,0.040000000000,0
8,1097,banana,humidity,absolute,2.500000000000,82.207936130000,84.707936130000,False,banana,banana,1.000000000000,1.000000000000,banana|apple|blackgram,banana|apple|blackgram,False,1.000000000000,1.000000000000,0.000000000000,0
9,1638,orange,humidity,absolute,2.500000000000,91.353492160000,93.853492160000,False,orange,orange,1.000000000000,1.000000000000,orange|apple|banana,orange|apple|banana,False,1.000000000000,1.000000000000,0.000000000000,0
10,1391,watermelon,humidity,absolute,2.500000000000,84.608082770000,87.108082770000,False,watermelon,watermelon,1.000000000000,1.000000000000,watermelon|apple|banana,watermelon|apple|banana,False,1.000000000000,1.000000000000,0.000000000000,0
11,901,pomegranate,humidity,absolute,2.500000000000,89.937010230000,92.437010230000,False,pomegranate,pomegranate,1.000000000000,1.000000000000,pomegranate|apple|banana,pomegranate|apple|banana,False,1.000000000000,1.000000000000,0.000000000000,0
12,1386,watermelon,humidity,absolute,2.500000000000,86.632495550000,89.132495550000,False,watermelon,watermelon,1.000000000000,1.000000000000,watermelon|apple|banana,watermelon|apple|banana,False,1.000000000000,1.000000000000,0.000000000000,0
13,171,maize,humidity,absolute,2.500000000000,60.474705190000,62.974705190000,False,maize,maize,1.000000000000,1.000000000000,maize|apple|banana,maize|apple|banana,False,1.000000000000,1.000000000000,0.000000000000,0
14,544,mothbeans,humidity,absolute,2.500000000000,56.402262770000,58.902262770000,False,mothbeans,mothbeans,0.810000000000,0.790000000000,mothbeans|blackgram|pigeonpeas,mothbeans|blackgram|lentil,False,0.740000000000,0.700000000000,0.020000000000,0
15,1264,grapes,humidity,absolute,2.500000000000,83.541938160000,86.041938160000,False,grapes,grapes,1.000000000000,0.970000000000,grapes|apple|banana,grapes|apple|pomegranate,False,1.000000000000,0.950000000000,0.030000000000,0
16,1220,grapes,humidity,absolute,2.500000000000,80.589319380000,83.089319380000,False,grapes,grapes,1.000000000000,1.000000000000,grapes|apple|banana,grapes|apple|banana,False,1.000000000000,1.000000000000,0.000000000000,0
17,1154,mango,humidity,absolute,2.500000000000,51.084590300000,53.584590300000,False,mango,mango,1.000000000000,1.000000000000,mango|apple|banana,mango|apple|banana,False,1.000000000000,1.000000000000,0.000000000000,0
18,1131,mango,humidity,absolute,2.500000000000,49.217291270000,51.717291270000,False,mango,mango,0.980000000000,0.980000000000,mango|mothbeans|papaya,mango|mothbeans|papaya,False,0.970000000000,0.970000000000,0.000000000000,0
19,1514,apple,humidity,absolute,2.500000000000,90.493557400000,92.993557400000,False,apple,apple,1.000000000000,1.000000000000,apple|banana|blackgram,apple|banana|blackgram,False,1.000000000000,1.000000000000,0.000000000000,0
20,795,blackgram,humidity,absolute,2.500000000000,65.677181630000,68.177181630000,False,blackgram,blackgram,0.990000000000,0.990000000000,blackgram|lentil|apple,blackgram|lentil|apple,False,0.980000000000,0.980000000000,0.000000000000,0
21,1502,apple,humidity,absolute,2.500000000000,94.589006010000,97.089006010000,False,apple,apple,1.000000000000,1.000000000000,apple|banana|blackgram,apple|banana|blackgram,False,1.000000000000,1.000000000000,0.000000000000,0
22,585,mothbeans,humidity,absolute,2.500000000000,63.047491270000,65.547491270000,False,mothbeans,mothbeans,0.790000000000,0.750000000000,mothbeans|lentil|blackgram,mothbeans|lentil|mungbean,False,0.610000000000,0.540000000000,0.040000000000,0
23,387,kidneybeans,humidity,absolute,2.500000000000,20.017309140000,22.517309140000,False,kidneybeans,kidneybeans,0.990000000000,0.990000000000,kidneybeans|pigeonpeas|apple,kidneybeans|pigeonpeas|apple,False,0.980000000000,0.980000000000,0.000000000000,0
24,1591,apple,humidity,absolute,2.500000000000,90.952579270000,93.452579270000,False,apple,apple,0.980000000000,0.980000000000,apple|grapes|banana,apple|grapes|banana,False,0.960000000000,0.960000000000,0.000000000000,0
25,2003,jute,humidity,absolute,2.500000000000,88.165135790000,90.665135790000,False,jute,jute,0.980000000000,0.570000000000,jute|rice|watermelon,jute|papaya|muskmelon,False,0.970000000000,0.280000000000,0.410000000000,0
26,505,mothbeans,humidity,absolute,2.500000000000,54.107746100000,56.607746100000,False,mothbeans,mothbeans,0.890000000000,0.880000000000,mothbeans|blackgram|pigeonpeas,mothbeans|blackgram|pigeonpeas,False,0.840000000000,0.820000000000,0.010000000000,0
27,1342,watermelon,humidity,absolute,2.500000000000,83.472025660000,85.972025660000,False,watermelon,watermelon,1.000000000000,1.000000000000,watermelon|apple|banana,watermelon|apple|banana,False,1.000000000000,1.000000000000,0.000000000000,0
28,0,rice,humidity,absolute,2.500000000000,82.002744230000,84.502744230000,False,rice,rice,0.900000000000,0.920000000000,rice|jute|apple,rice|jute|apple,False,0.800000000000,0.840000000000,0.020000000000,0
29,2106,coffee,humidity,absolute,2.500000000000,50.406094360000,52.906094360000,False,coffee,coffee,1.000000000000,1.000000000000,coffee|apple|banana,coffee|apple|banana,False,1.000000000000,1.000000000000,0.000000000000,0
30,1102,mango,humidity,absolute,2.500000000000,47.675254340000,50.175254340000,False,mango,mango,0.920000000000,0.920000000000,mango|coconut|coffee,mango|coconut|coffee,False,0.900000000000,0.900000000000,0.000000000000,0
31,2086,jute,humidity,absolute,2.500000000000,86.842640050000,89.342640050000,False,jute,jute,0.930000000000,0.930000000000,jute|rice|banana,jute|rice|banana,False,0.870000000000,0.870000000000,0.000000000000,0
32,1036,banana,humidity,absolute,2.500000000000,82.362080970000,84.862080970000,False,banana,banana,1.000000000000,1.000000000000,banana|apple|blackgram,banana|apple|blackgram,False,1.000000000000,1.000000000000,0.000000000000,0
33,2167,coffee,humidity,absolute,2.500000000000,53.838761890000,56.338761890000,False,coffee,coffee,1.000000000000,1.000000000000,coffee|apple|banana,coffee|apple|banana,False,1.000000000000,1.000000000000,0.000000000000,0
34,2050,jute,humidity,absolute,2.500000000000,73.745958100000,76.245958100000,False,jute,jute,0.990000000000,0.980000000000,jute|rice|apple,jute|banana|rice,False,0.980000000000,0.970000000000,0.010000000000,0
35,737,blackgram,humidity,absolute,2.500000000000,67.885213960000,70.385213960000,False,blackgram,blackgram,0.910000000000,0.890000000000,blackgram|maize|lentil,blackgram|maize|lentil,False,0.830000000000,0.800000000000,0.020000000000,0
36,1298,grapes,humidity,absolute,2.500000000000,83.479529200000,85.979529200000,False,grapes,grapes,1.000000000000,0.970000000000,grapes|apple|banana,grapes|apple|pomegranate,False,1.000000000000,0.950000000000,0.030000000000,0
37,1200,grapes,humidity,absolute,2.500000000000,81.541566120000,84.041566120000,False,grapes,grapes,1.000000000000,1.000000000000,grapes|apple|banana,grapes|apple|banana,False,1.000000000000,1.000000000000,0.000000000000,0
38,731,blackgram,humidity,absolute,2.500000000000,68.592322890000,71.092322890000,False,blackgram,blackgram,0.990000000000,0.870000000000,blackgram|mothbeans|apple,blackgram|mungbean|papaya,False,0.980000000000,0.830000000000,0.120000000000,0
39,2042,jute,humidity,absolute,2.500000000000,77.012225850000,79.512225850000,False,jute,jute,0.930000000000,0.910000000000,jute|rice|papaya,jute|rice|papaya,False,0.890000000000,0.850000000000,0.020000000000,0
40,1829,coconut,humidity,absolute,2.500000000000,96.663552130000,99.163552130000,False,coconut,coconut,1.000000000000,1.000000000000,coconut|apple|banana,coconut|apple|banana,False,1.000000000000,1.000000000000,0.000000000000,0
41,1716,papaya,humidity,absolute,2.500000000000,93.637390390000,96.137390390000,False,papaya,papaya,0.990000000000,0.990000000000,papaya|grapes|apple,papaya|grapes|apple,False,0.980000000000,0.980000000000,0.000000000000,0
42,1156,mango,humidity,absolute,2.500000000000,51.084941810000,53.584941810000,False,mango,mango,1.000000000000,1.000000000000,mango|apple|banana,mango|apple|banana,False,1.000000000000,1.000000000000,0.000000000000,0
43,185,maize,humidity,absolute,2.500000000000,65.921958440000,68.421958440000,False,maize,maize,0.970000000000,0.970000000000,maize|mothbeans|coffee,maize|mothbeans|coffee,False,0.950000000000,0.950000000000,0.000000000000,0
44,861,lentil,humidity,absolute,2.500000000000,67.762525830000,70.262525830000,False,lentil,lentil,0.980000000000,0.970000000000,lentil|blackgram|apple,lentil|blackgram|pigeonpeas,False,0.960000000000,0.950000000000,0.010000000000,0
45,2022,jute,humidity,absolute,2.500000000000,79.787251520000,82.287251520000,False,jute,jute,0.940000000000,0.850000000000,jute|rice|watermelon,jute|rice|apple,False,0.890000000000,0.700000000000,0.090000000000,0
46,1973,cotton,humidity,absolute,2.500000000000,78.715558320000,81.215558320000,False,cotton,cotton,0.960000000000,0.960000000000,cotton|maize|banana,cotton|maize|banana,False,0.940000000000,0.940000000000,0.000000000000,0
47,850,lentil,humidity,absolute,2.500000000000,61.095335450000,63.595335450000,False,lentil,lentil,0.900000000000,0.970000000000,lentil|mothbeans|blackgram,lentil|blackgram|mothbeans,False,0.840000000000,0.960000000000,0.070000000000,0
48,203,chickpea,humidity,absolute,2.500000000000,15.658092140000,18.158092140000,False,chickpea,chickpea,1.000000000000,1.000000000000,chickpea|apple|banana,chickpea|apple|banana,False,1.000000000000,1.000000000000,0.000000000000,0
49,696,mungbean,humidity,absolute,2.500000000000,83.527060380000,86.027060380000,False,mungbean,mungbean,1.000000000000,1.000000000000,mungbean|apple|banana,mungbean|apple|banana,False,1.000000000000,1.000000000000,0.000000000000,0
50,1737,papaya,humidity,absolute,2.500000000000,90.873949330000,93.373949330000,False,papaya,papaya,0.930000000000,0.930000000000,papaya|rice|apple,papaya|rice|apple,False,0.860000000000,0.860000000000,0.000000000000,0
51,961,pomegranate,humidity,absolute,2.500000000000,85.429128690000,87.929128690000,False,pomegranate,pomegranate,0.990000000000,0.990000000000,pomegranate|orange|apple,pomegranate|orange|apple,False,0.980000000000,0.980000000000,0.000000000000,0
52,405,pigeonpeas,humidity,absolute,2.500000000000,42.352498790000,44.852498790000,False,pigeonpeas,pigeonpeas,0.920000000000,0.920000000000,pigeonpeas|mango|coconut,pigeonpeas|mango|coconut,False,0.850000000000,0.850000000000,0.000000000000,0
53,1392,watermelon,humidity,absolute,2.500000000000,81.966648320000,84.466648320000,False,watermelon,watermelon,1.000000000000,1.000000000000,watermelon|apple|banana,watermelon|apple|banana,False,1.000000000000,1.000000000000,0.000000000000,0
54,1158,mango,humidity,absolute,2.500000000000,49.409832940000,51.909832940000,False,mango,mango,0.980000000000,0.980000000000,mango|mothbeans|orange,mango|mothbeans|orange,False,0.970000000000,0.970000000000,0.000000000000,0
55,768,blackgram,humidity,absolute,2.500000000000,67.998035730000,70.498035730000,False,blackgram,blackgram,0.680000000000,0.650000000000,blackgram|mothbeans|lentil,blackgram|mothbeans|pigeonpeas,False,0.440000000000,0.430000000000,0.030000000000,0
56,1763,papaya,humidity,absolute,2.500000000000,93.126597930000,95.626597930000,False,papaya,papaya,0.990000000000,0.990000000000,papaya|banana|apple,papaya|banana|apple,False,0.980000000000,0.980000000000,0.000000000000,0
57,1798,papaya,humidity,absolute,2.500000000000,91.794301660000,94.294301660000,False,papaya,papaya,1.000000000000,1.000000000000,papaya|apple|banana,papaya|apple|banana,False,1.000000000000,1.000000000000,0.000000000000,0
58,2173,coffee,humidity,absolute,2.500000000000,64.575780340000,67.075780340000,False,coffee,coffee,0.980000000000,0.980000000000,coffee|coconut|apple,coffee|coconut|apple,False,0.960000000000,0.960000000000,0.000000000000,0
59,825,lentil,humidity,absolute,2.500000000000,67.551090240000,70.051090240000,False,lentil,lentil,0.990000000000,0.980000000000,lentil|blackgram|apple,lentil|blackgram|apple,False,0.980000000000,0.960000000000,0.010000000000,0
60,813,lentil,humidity,absolute,2.500000000000,61.773363430000,64.273363430000,False,lentil,lentil,0.820000000000,0.840000000000,lentil|mothbeans|blackgram,lentil|mothbeans|blackgram,False,0.710000000000,0.740000000000,0.020000000000,0
61,539,mothbeans,humidity,absolute,2.500000000000,41.365618350000,43.865618350000,False,mothbeans,mothbeans,0.960000000000,0.960000000000,mothbeans|lentil|pigeonpeas,mothbeans|lentil|pigeonpeas,False,0.930000000000,0.930000000000,0.000000000000,0
62,2157,coffee,humidity,absolute,2.500000000000,67.377683530000,69.877683530000,False,coffee,coffee,1.000000000000,0.990000000000,coffee|apple|banana,coffee|jute|apple,False,1.000000000000,0.980000000000,0.010000000000,0
63,1032,banana,humidity,absolute,2.500000000000,81.382041040000,83.882041040000,False,banana,banana,0.970000000000,0.970000000000,banana|jute|apple,banana|jute|apple,False,0.940000000000,0.940000000000,0.000000000000,0
64,1707,papaya,humidity,absolute,2.500000000000,93.710436920000,96.210436920000,False,papaya,papaya,0.930000000000,0.930000000000,papaya|pomegranate|pigeonpeas,papaya|pigeonpeas|pomegranate,False,0.900000000000,0.910000000000,0.000000000000,0
65,54,rice,humidity,absolute,2.500000000000,83.836258190000,86.336258190000,False,rice,rice,0.980000000000,0.850000000000,rice|jute|apple,rice|jute|watermelon,False,0.960000000000,0.710000000000,0.130000000000,0
66,1630,orange,humidity,absolute,2.500000000000,90.458286500000,92.958286500000,False,orange,orange,0.980000000000,0.980000000000,orange|mango|pomegranate,orange|mango|pomegranate,False,0.970000000000,0.970000000000,0.000000000000,0
67,1818,coconut,humidity,absolute,2.500000000000,95.016305930000,97.516305930000,False,coconut,coconut,1.000000000000,1.000000000000,coconut|apple|banana,coconut|apple|banana,False,1.000000000000,1.000000000000,0.000000000000,0
69,920,pomegranate,humidity,absolute,2.500000000000,89.922488300000,92.422488300000,False,pomegranate,pomegranate,0.970000000000,0.940000000000,pomegranate|orange|apple,pomegranate|orange|apple,False,0.940000000000,0.880000000000,0.030000000000,0
70,1033,banana,humidity,absolute,2.500000000000,79.286936870000,81.786936870000,False,banana,banana,1.000000000000,1.000000000000,banana|apple|blackgram,banana|apple|blackgram,False,1.000000000000,1.000000000000,0.000000000000,0
71,1458,muskmelon,humidity,absolute,2.500000000000,90.770696180000,93.270696180000,False,muskmelon,muskmelon,1.000000000000,1.000000000000,muskmelon|apple|banana,muskmelon|apple|banana,False,1.000000000000,1.000000000000,0.000000000000,0
72,1369,watermelon,humidity,absolute,2.500000000000,81.121229890000,83.621229890000,False,watermelon,watermelon,1.000000000000,1.000000000000,watermelon|apple|banana,watermelon|apple|banana,False,1.000000000000,1.000000000000,0.000000000000,0
73,859,lentil,humidity,absolute,2.500000000000,64.002139290000,66.502139290000,False,lentil,lentil,1.000000000000,1.000000000000,lentil|apple|banana,lentil|apple|banana,False,1.000000000000,1.000000000000,0.000000000000,0
75,1854,coconut,humidity,absolute,2.500000000000,94.484145440000,96.984145440000,False,coconut,coconut,1.000000000000,1.000000000000,coconut|apple|banana,coconut|apple|banana,False,1.000000000000,1.000000000000,0.000000000000,0
76,575,mothbeans,humidity,absolute,2.500000000000,52.609500140000,55.109500140000,False,mothbeans,mothbeans,0.900000000000,0.890000000000,mothbeans|lentil|mungbean,mothbeans|lentil|mungbean,False,0.820000000000,0.800000000000,0.010000000000,0
77,606,mungbean,humidity,absolute,2.500000000000,83.248558550000,85.748558550000,False,mungbean,mungbean,0.980000000000,0.980000000000,mungbean|blackgram|apple,mungbean|blackgram|apple,False,0.960000000000,0.960000000000,0.000000000000,0
78,614,mungbean,humidity,absolute,2.500000000000,86.451932970000,88.951932970000,False,mungbean,mungbean,0.970000000000,0.970000000000,mungbean|mothbeans|orange,mungbean|mothbeans|orange,False,0.950000000000,0.950000000000,0.000000000000,0
80,2182,coffee,humidity,absolute,2.500000000000,50.501485280000,53.001485280000,False,coffee,coffee,0.990000000000,0.990000000000,coffee|coconut|apple,coffee|coconut|apple,False,0.980000000000,0.980000000000,0.000000000000,0
82,1473,muskmelon,humidity,absolute,2.500000000000,91.892168490000,94.392168490000,False,muskmelon,muskmelon,1.000000000000,1.000000000000,muskmelon|apple|banana,muskmelon|apple|banana,False,1.000000000000,1.000000000000,0.000000000000,0
83,303,kidneybeans,humidity,absolute,2.500000000000,24.240458750000,26.740458750000,False,kidneybeans,kidneybeans,0.950000000000,0.950000000000,kidneybeans|chickpea|pigeonpeas,kidneybeans|chickpea|pigeonpeas,False,0.910000000000,0.910000000000,0.000000000000,0
85,937,pomegranate,humidity,absolute,2.500000000000,94.257026720000,96.757026720000,False,pomegranate,pomegranate,0.910000000000,0.890000000000,pomegranate|papaya|orange,pomegranate|coconut|papaya,False,0.870000000000,0.850000000000,0.020000000000,0
86,1697,orange,humidity,absolute,2.500000000000,94.473168790000,96.973168790000,False,orange,orange,0.980000000000,0.940000000000,orange|mango|pomegranate,orange|coconut|mango,False,0.970000000000,0.900000000000,0.040000000000,0
87,1987,cotton,humidity,absolute,2.500000000000,78.512069720000,81.012069720000,False,cotton,cotton,1.000000000000,1.000000000000,cotton|apple|banana,cotton|apple|banana,False,1.000000000000,1.000000000000,0.000000000000,0
88,1851,coconut,humidity,absolute,2.500000000000,92.485196060000,94.985196060000,False,coconut,coconut,0.990000000000,0.990000000000,coconut|coffee|apple,coconut|coffee|apple,False,0.980000000000,0.980000000000,0.000000000000,0
91,613,mungbean,humidity,absolute,2.500000000000,84.960893550000,87.460893550000,False,mungbean,mungbean,1.000000000000,1.000000000000,mungbean|apple|banana,mungbean|apple|banana,False,1.000000000000,1.000000000000,0.000000000000,0
93,1960,cotton,humidity,absolute,2.500000000000,81.794759170000,84.294759170000,False,cotton,cotton,1.000000000000,1.000000000000,cotton|apple|banana,cotton|apple|banana,False,1.000000000000,1.000000000000,0.000000000000,0
95,1225,grapes,humidity,absolute,2.500000000000,83.593987340000,86.093987340000,False,grapes,grapes,1.000000000000,0.970000000000,grapes|apple|banana,grapes|apple|pomegranate,False,1.000000000000,0.950000000000,0.030000000000,0
96,1988,cotton,humidity,absolute,2.500000000000,84.168552310000,86.668552310000,False,cotton,cotton,1.000000000000,0.960000000000,cotton|apple|banana,cotton|jute|mungbean,False,1.000000000000,0.950000000000,0.040000000000,0
97,227,chickpea,humidity,absolute,2.500000000000,18.667255650000,21.167255650000,False,chickpea,chickpea,0.940000000000,0.870000000000,chickpea|kidneybeans|coffee,chickpea|kidneybeans|coffee,False,0.910000000000,0.780000000000,0.070000000000,0
100,1499,muskmelon,humidity,absolute,2.500000000000,91.695321780000,94.195321780000,False,muskmelon,muskmelon,1.000000000000,1.000000000000,muskmelon|apple|banana,muskmelon|apple|banana,False,1.000000000000,1.000000000000,0.000000000000,0
101,989,pomegranate,humidity,absolute,2.500000000000,91.194315550000,93.694315550000,False,pomegranate,pomegranate,0.990000000000,0.990000000000,pomegranate|orange|apple,pomegranate|orange|apple,False,0.980000000000,0.980000000000,0.000000000000,0
103,497,pigeonpeas,humidity,absolute,2.500000000000,42.898332350000,45.398332350000,False,pigeonpeas,pigeonpeas,0.980000000000,0.980000000000,pigeonpeas|blackgram|papaya,pigeonpeas|blackgram|papaya,False,0.970000000000,0.970000000000,0.000000000000,0
104,472,pigeonpeas,humidity,absolute,2.500000000000,61.331862490000,63.831862490000,False,pigeonpeas,pigeonpeas,0.940000000000,0.930000000000,pigeonpeas|lentil|mothbeans,pigeonpeas|lentil|mothbeans,False,0.900000000000,0.880000000000,0.010000000000,0
106,323,kidneybeans,humidity,absolute,2.500000000000,18.825197300000,21.325197300000,False,kidneybeans,kidneybeans,0.990000000000,1.000000000000,kidneybeans|chickpea|apple,kidneybeans|apple|banana,False,0.980000000000,1.000000000000,0.010000000000,0
108,44,rice,humidity,absolute,2.500000000000,82.366989920000,84.866989920000,False,rice,rice,0.900000000000,0.900000000000,rice|jute|papaya,rice|jute|papaya,False,0.830000000000,0.830000000000,0.000000000000,0
109,84,rice,humidity,absolute,2.500000000000,80.543728130000,83.043728130000,False,rice,rice,1.000000000000,1.000000000000,rice|apple|banana,rice|apple|banana,False,1.000000000000,1.000000000000,0.000000000000,0
110,1551,apple,humidity,absolute,2.500000000000,92.210839610000,94.710839610000,False,apple,apple,1.000000000000,1.000000000000,apple|banana|blackgram,apple|banana|blackgram,False,1.000000000000,1.000000000000,0.000000000000,0
111,647,mungbean,humidity,absolute,2.500000000000,87.451266900000,89.951266900000,False,mungbean,mungbean,1.000000000000,0.960000000000,mungbean|apple|banana,mungbean|orange|papaya,False,1.000000000000,0.940000000000,0.040000000000,0
115,1456,muskmelon,humidity,absolute,2.500000000000,92.174447960000,94.674447960000,False,muskmelon,muskmelon,1.000000000000,1.000000000000,muskmelon|apple|banana,muskmelon|apple|banana,False,1.000000000000,1.000000000000,0.000000000000,0
121,250,chickpea,humidity,absolute,2.500000000000,18.980305070000,21.480305070000,False,chickpea,chickpea,1.000000000000,0.900000000000,chickpea|apple|banana,chickpea|kidneybeans|banana,False,1.000000000000,0.830000000000,0.100000000000,0
122,199,maize,humidity,absolute,2.500000000000,70.747392560000,73.247392560000,False,maize,maize,0.940000000000,0.870000000000,maize|coffee|blackgram,maize|cotton|jute,False,0.920000000000,0.820000000000,0.070000000000,0
124,110,maize,humidity,absolute,2.500000000000,73.454153700000,75.954153700000,False,maize,maize,0.970000000000,0.470000000000,maize|cotton|mungbean,maize|cotton|orange,False,0.960000000000,0.020000000000,0.500000000000,0
128,1859,coconut,humidity,absolute,2.500000000000,95.163336730000,97.663336730000,False,coconut,coconut,1.000000000000,1.000000000000,coconut|apple|banana,coconut|apple|banana,False,1.000000000000,1.000000000000,0.000000000000,0
131,226,chickpea,humidity,absolute,2.500000000000,16.679216160000,19.179216160000,False,chickpea,chickpea,0.920000000000,0.890000000000,chickpea|kidneybeans|apple,chickpea|kidneybeans|apple,False,0.840000000000,0.780000000000,0.030000000000,0
136,1552,apple,humidity,absolute,2.500000000000,91.456650040000,93.956650040000,False,apple,apple,1.000000000000,1.000000000000,apple|banana|blackgram,apple|banana|blackgram,False,1.000000000000,1.000000000000,0.000000000000,0
148,461,pigeonpeas,humidity,absolute,2.500000000000,38.837860120000,41.337860120000,False,pigeonpeas,pigeonpeas,0.990000000000,0.990000000000,pigeonpeas|lentil|apple,pigeonpeas|lentil|apple,False,0.980000000000,0.980000000000,0.000000000000,0
156,474,pigeonpeas,humidity,absolute,2.500000000000,39.372526340000,41.872526340000,False,pigeonpeas,pigeonpeas,0.970000000000,0.970000000000,pigeonpeas|coffee|kidneybeans,pigeonpeas|coffee|kidneybeans,False,0.960000000000,0.960000000000,0.000000000000,0
157,1419,muskmelon,humidity,absolute,2.500000000000,92.588625440000,95.088625440000,False,muskmelon,muskmelon,1.000000000000,0.990000000000,muskmelon|apple|banana,muskmelon|coconut|apple,False,1.000000000000,0.980000000000,0.010000000000,0
164,305,kidneybeans,humidity,absolute,2.500000000000,18.776219510000,21.276219510000,False,kidneybeans,kidneybeans,0.990000000000,0.990000000000,kidneybeans|pigeonpeas|apple,kidneybeans|pigeonpeas|apple,False,0.980000000000,0.980000000000,0.000000000000,0
189,361,kidneybeans,humidity,absolute,2.500000000000,22.898456070000,25.398456070000,False,kidneybeans,kidneybeans,1.000000000000,1.000000000000,kidneybeans|apple|banana,kidneybeans|apple|banana,False,1.000000000000,1.000000000000,0.000000000000,0
0,1609,orange,humidity,absolute,5.000000000000,90.264080170000,95.264080170000,False,orange,orange,0.970000000000,0.940000000000,orange|pomegranate|apple,orange|pomegranate|coconut,False,0.940000000000,0.900000000000,0.030000000000,0
1,1072,banana,humidity,absolute,5.000000000000,84.473213140000,89.473213140000,False,banana,banana,0.930000000000,0.790000000000,banana|papaya|cotton,banana|papaya|watermelon,False,0.890000000000,0.680000000000,0.140000000000,0
2,1912,cotton,humidity,absolute,5.000000000000,75.882985980000,80.882985980000,False,cotton,cotton,1.000000000000,1.000000000000,cotton|apple|banana,cotton|apple|banana,False,1.000000000000,1.000000000000,0.000000000000,0
3,100,maize,humidity,absolute,5.000000000000,63.690705640000,68.690705640000,False,maize,maize,0.990000000000,0.990000000000,maize|mothbeans|apple,maize|mothbeans|apple,False,0.980000000000,0.980000000000,0.000000000000,0
4,1645,orange,humidity,absolute,5.000000000000,91.909972280000,96.909972280000,False,orange,orange,0.990000000000,0.940000000000,orange|pomegranate|apple,orange|coconut|pomegranate,False,0.980000000000,0.900000000000,0.050000000000,0
5,221,chickpea,humidity,absolute,5.000000000000,15.112796120000,20.112796120000,False,chickpea,chickpea,1.000000000000,0.950000000000,chickpea|apple|banana,chickpea|kidneybeans|mothbeans,False,1.000000000000,0.910000000000,0.050000000000,0
6,28,rice,humidity,absolute,5.000000000000,84.497743970000,89.497743970000,False,rice,rice,0.990000000000,0.780000000000,rice|jute|apple,rice|jute|papaya,False,0.980000000000,0.630000000000,0.210000000000,0
7,701,blackgram,humidity,absolute,5.000000000000,68.139997210000,73.139997210000,False,blackgram,blackgram,0.970000000000,0.750000000000,blackgram|lentil|apple,blackgram|maize|mungbean,False,0.940000000000,0.670000000000,0.220000000000,0
8,1097,banana,humidity,absolute,5.000000000000,82.207936130000,87.207936130000,False,banana,banana,1.000000000000,0.940000000000,banana|apple|blackgram,banana|papaya|pomegranate,False,1.000000000000,0.920000000000,0.060000000000,0
9,1638,orange,humidity,absolute,5.000000000000,91.353492160000,96.353492160000,False,orange,orange,1.000000000000,0.960000000000,orange|apple|banana,orange|coconut|apple,False,1.000000000000,0.920000000000,0.040000000000,0
10,1391,watermelon,humidity,absolute,5.000000000000,84.608082770000,89.608082770000,False,watermelon,watermelon,1.000000000000,1.000000000000,watermelon|apple|banana,watermelon|apple|banana,False,1.000000000000,1.000000000000,0.000000000000,0
11,901,pomegranate,humidity,absolute,5.000000000000,89.937010230000,94.937010230000,False,pomegranate,pomegranate,1.000000000000,1.000000000000,pomegranate|apple|banana,pomegranate|apple|banana,False,1.000000000000,1.000000000000,0.000000000000,0
12,1386,watermelon,humidity,absolute,5.000000000000,86.632495550000,91.632495550000,False,watermelon,watermelon,1.000000000000,0.630000000000,watermelon|apple|banana,watermelon|muskmelon|papaya,False,1.000000000000,0.380000000000,0.370000000000,0
13,171,maize,humidity,absolute,5.000000000000,60.474705190000,65.474705190000,False,maize,maize,1.000000000000,1.000000000000,maize|apple|banana,maize|apple|banana,False,1.000000000000,1.000000000000,0.000000000000,0
14,544,mothbeans,humidity,absolute,5.000000000000,56.402262770000,61.402262770000,False,mothbeans,mothbeans,0.810000000000,0.780000000000,mothbeans|blackgram|pigeonpeas,mothbeans|blackgram|pigeonpeas,False,0.740000000000,0.670000000000,0.030000000000,0
15,1264,grapes,humidity,absolute,5.000000000000,83.541938160000,88.541938160000,False,grapes,grapes,1.000000000000,0.580000000000,grapes|apple|banana,grapes|apple|pomegranate,False,1.000000000000,0.170000000000,0.420000000000,0
16,1220,grapes,humidity,absolute,5.000000000000,80.589319380000,85.589319380000,False,grapes,grapes,1.000000000000,0.960000000000,grapes|apple|banana,grapes|coconut|mungbean,False,1.000000000000,0.950000000000,0.040000000000,0
17,1154,mango,humidity,absolute,5.000000000000,51.084590300000,56.084590300000,False,mango,mango,1.000000000000,0.910000000000,mango|apple|banana,mango|coffee|coconut,False,1.000000000000,0.870000000000,0.090000000000,0
18,1131,mango,humidity,absolute,5.000000000000,49.217291270000,54.217291270000,False,mango,mango,0.980000000000,0.980000000000,mango|mothbeans|papaya,mango|mothbeans|papaya,False,0.970000000000,0.970000000000,0.000000000000,0
19,1514,apple,humidity,absolute,5.000000000000,90.493557400000,95.493557400000,False,apple,apple,1.000000000000,1.000000000000,apple|banana|blackgram,apple|banana|blackgram,False,1.000000000000,1.000000000000,0.000000000000,0
20,795,blackgram,humidity,absolute,5.000000000000,65.677181630000,70.677181630000,False,blackgram,blackgram,0.990000000000,0.870000000000,blackgram|lentil|apple,blackgram|banana|mungbean,False,0.980000000000,0.840000000000,0.120000000000,0
21,1502,apple,humidity,absolute,5.000000000000,94.589006010000,99.589006010000,False,apple,apple,1.000000000000,1.000000000000,apple|banana|blackgram,apple|banana|blackgram,False,1.000000000000,1.000000000000,0.000000000000,0
22,585,mothbeans,humidity,absolute,5.000000000000,63.047491270000,68.047491270000,False,mothbeans,mothbeans,0.790000000000,0.720000000000,mothbeans|lentil|blackgram,mothbeans|lentil|mungbean,False,0.610000000000,0.500000000000,0.070000000000,0
23,387,kidneybeans,humidity,absolute,5.000000000000,20.017309140000,25.017309140000,False,kidneybeans,kidneybeans,0.990000000000,0.990000000000,kidneybeans|pigeonpeas|apple,kidneybeans|pigeonpeas|apple,False,0.980000000000,0.980000000000,0.000000000000,0
24,1591,apple,humidity,absolute,5.000000000000,90.952579270000,95.952579270000,False,apple,apple,0.980000000000,0.980000000000,apple|grapes|banana,apple|grapes|banana,False,0.960000000000,0.960000000000,0.000000000000,0
25,2003,jute,humidity,absolute,5.000000000000,88.165135790000,93.165135790000,False,jute,jute,0.980000000000,0.540000000000,jute|rice|watermelon,jute|papaya|muskmelon,False,0.970000000000,0.220000000000,0.440000000000,0
26,505,mothbeans,humidity,absolute,5.000000000000,54.107746100000,59.107746100000,False,mothbeans,mothbeans,0.890000000000,0.880000000000,mothbeans|blackgram|pigeonpeas,mothbeans|blackgram|pigeonpeas,False,0.840000000000,0.810000000000,0.010000000000,0
27,1342,watermelon,humidity,absolute,5.000000000000,83.472025660000,88.472025660000,False,watermelon,watermelon,1.000000000000,1.000000000000,watermelon|apple|banana,watermelon|apple|banana,False,1.000000000000,1.000000000000,0.000000000000,0
28,0,rice,humidity,absolute,5.000000000000,82.002744230000,87.002744230000,False,rice,rice,0.900000000000,0.740000000000,rice|jute|apple,rice|jute|pomegranate,False,0.800000000000,0.520000000000,0.160000000000,0
29,2106,coffee,humidity,absolute,5.000000000000,50.406094360000,55.406094360000,False,coffee,coffee,1.000000000000,1.000000000000,coffee|apple|banana,coffee|apple|banana,False,1.000000000000,1.000000000000,0.000000000000,0
30,1102,mango,humidity,absolute,5.000000000000,47.675254340000,52.675254340000,False,mango,mango,0.920000000000,0.920000000000,mango|coconut|coffee,mango|coconut|coffee,False,0.900000000000,0.900000000000,0.000000000000,0
31,2086,jute,humidity,absolute,5.000000000000,86.842640050000,91.842640050000,False,jute,jute,0.930000000000,0.510000000000,jute|rice|banana,jute|papaya|coconut,False,0.870000000000,0.150000000000,0.420000000000,0
32,1036,banana,humidity,absolute,5.000000000000,82.362080970000,87.362080970000,False,banana,banana,1.000000000000,0.930000000000,banana|apple|blackgram,banana|watermelon|pomegranate,False,1.000000000000,0.900000000000,0.070000000000,0
33,2167,coffee,humidity,absolute,5.000000000000,53.838761890000,58.838761890000,False,coffee,coffee,1.000000000000,1.000000000000,coffee|apple|banana,coffee|apple|banana,False,1.000000000000,1.000000000000,0.000000000000,0
34,2050,jute,humidity,absolute,5.000000000000,73.745958100000,78.745958100000,False,jute,jute,0.990000000000,0.970000000000,jute|rice|apple,jute|rice|banana,False,0.980000000000,0.950000000000,0.020000000000,0
35,737,blackgram,humidity,absolute,5.000000000000,67.885213960000,72.885213960000,False,blackgram,blackgram,0.910000000000,0.760000000000,blackgram|maize|lentil,blackgram|maize|mungbean,False,0.830000000000,0.590000000000,0.150000000000,0
36,1298,grapes,humidity,absolute,5.000000000000,83.479529200000,88.479529200000,False,grapes,grapes,1.000000000000,0.590000000000,grapes|apple|banana,grapes|apple|pomegranate,False,1.000000000000,0.190000000000,0.410000000000,0
37,1200,grapes,humidity,absolute,5.000000000000,81.541566120000,86.541566120000,False,grapes,grapes,1.000000000000,0.960000000000,grapes|apple|banana,grapes|coconut|mungbean,False,1.000000000000,0.950000000000,0.040000000000,0
38,731,blackgram,humidity,absolute,5.000000000000,68.592322890000,73.592322890000,False,blackgram,blackgram,0.990000000000,0.770000000000,blackgram|mothbeans|apple,blackgram|mungbean|papaya,False,0.980000000000,0.680000000000,0.220000000000,0
39,2042,jute,humidity,absolute,5.000000000000,77.012225850000,82.012225850000,False,jute,jute,0.930000000000,0.700000000000,jute|rice|papaya,jute|rice|papaya,False,0.890000000000,0.430000000000,0.230000000000,0
40,1829,coconut,humidity,absolute,5.000000000000,96.663552130000,99.981876010000,True,coconut,coconut,1.000000000000,1.000000000000,coconut|apple|banana,coconut|apple|banana,False,1.000000000000,1.000000000000,0.000000000000,0
41,1716,papaya,humidity,absolute,5.000000000000,93.637390390000,98.637390390000,False,papaya,papaya,0.990000000000,0.990000000000,papaya|grapes|apple,papaya|grapes|apple,False,0.980000000000,0.980000000000,0.000000000000,0
42,1156,mango,humidity,absolute,5.000000000000,51.084941810000,56.084941810000,False,mango,mango,1.000000000000,0.910000000000,mango|apple|banana,mango|coffee|coconut,False,1.000000000000,0.860000000000,0.090000000000,0
43,185,maize,humidity,absolute,5.000000000000,65.921958440000,70.921958440000,False,maize,maize,0.970000000000,0.970000000000,maize|mothbeans|coffee,maize|mothbeans|cotton,False,0.950000000000,0.950000000000,0.000000000000,0
44,861,lentil,humidity,absolute,5.000000000000,67.762525830000,72.762525830000,False,lentil,lentil,0.980000000000,0.830000000000,lentil|blackgram|apple,lentil|banana|maize,False,0.960000000000,0.790000000000,0.150000000000,0
45,2022,jute,humidity,absolute,5.000000000000,79.787251520000,84.787251520000,False,jute,jute,0.940000000000,0.840000000000,jute|rice|watermelon,jute|rice|apple,False,0.890000000000,0.680000000000,0.100000000000,0
46,1973,cotton,humidity,absolute,5.000000000000,78.715558320000,83.715558320000,False,cotton,cotton,0.960000000000,0.960000000000,cotton|maize|banana,cotton|maize|banana,False,0.940000000000,0.940000000000,0.000000000000,0
47,850,lentil,humidity,absolute,5.000000000000,61.095335450000,66.095335450000,False,lentil,lentil,0.900000000000,0.970000000000,lentil|mothbeans|blackgram,lentil|blackgram|mothbeans,False,0.840000000000,0.960000000000,0.070000000000,0
48,203,chickpea,humidity,absolute,5.000000000000,15.658092140000,20.658092140000,False,chickpea,chickpea,1.000000000000,0.900000000000,chickpea|apple|banana,chickpea|kidneybeans|banana,False,1.000000000000,0.820000000000,0.100000000000,0
49,696,mungbean,humidity,absolute,5.000000000000,83.527060380000,88.527060380000,False,mungbean,mungbean,1.000000000000,1.000000000000,mungbean|apple|banana,mungbean|apple|banana,False,1.000000000000,1.000000000000,0.000000000000,0
50,1737,papaya,humidity,absolute,5.000000000000,90.873949330000,95.873949330000,False,papaya,papaya,0.930000000000,0.930000000000,papaya|rice|apple,papaya|rice|apple,False,0.860000000000,0.860000000000,0.000000000000,0
51,961,pomegranate,humidity,absolute,5.000000000000,85.429128690000,90.429128690000,False,pomegranate,pomegranate,0.990000000000,0.970000000000,pomegranate|orange|apple,pomegranate|orange|apple,False,0.980000000000,0.940000000000,0.020000000000,0
52,405,pigeonpeas,humidity,absolute,5.000000000000,42.352498790000,47.352498790000,False,pigeonpeas,pigeonpeas,0.920000000000,0.920000000000,pigeonpeas|mango|coconut,pigeonpeas|mango|coconut,False,0.850000000000,0.850000000000,0.000000000000,0
53,1392,watermelon,humidity,absolute,5.000000000000,81.966648320000,86.966648320000,False,watermelon,watermelon,1.000000000000,1.000000000000,watermelon|apple|banana,watermelon|apple|banana,False,1.000000000000,1.000000000000,0.000000000000,0
54,1158,mango,humidity,absolute,5.000000000000,49.409832940000,54.409832940000,False,mango,mango,0.980000000000,0.980000000000,mango|mothbeans|orange,mango|mothbeans|orange,False,0.970000000000,0.970000000000,0.000000000000,0
55,768,blackgram,humidity,absolute,5.000000000000,67.998035730000,72.998035730000,False,blackgram,blackgram,0.680000000000,0.530000000000,blackgram|mothbeans|lentil,blackgram|mothbeans|mungbean,False,0.440000000000,0.340000000000,0.150000000000,0
56,1763,papaya,humidity,absolute,5.000000000000,93.126597930000,98.126597930000,False,papaya,papaya,0.990000000000,0.990000000000,papaya|banana|apple,papaya|banana|apple,False,0.980000000000,0.980000000000,0.000000000000,0
57,1798,papaya,humidity,absolute,5.000000000000,91.794301660000,96.794301660000,False,papaya,papaya,1.000000000000,1.000000000000,papaya|apple|banana,papaya|apple|banana,False,1.000000000000,1.000000000000,0.000000000000,0
58,2173,coffee,humidity,absolute,5.000000000000,64.575780340000,69.575780340000,False,coffee,coffee,0.980000000000,0.980000000000,coffee|coconut|apple,coffee|coconut|apple,False,0.960000000000,0.960000000000,0.000000000000,0
59,825,lentil,humidity,absolute,5.000000000000,67.551090240000,72.551090240000,False,lentil,lentil,0.990000000000,0.840000000000,lentil|blackgram|apple,lentil|mungbean|maize,False,0.980000000000,0.780000000000,0.150000000000,0
60,813,lentil,humidity,absolute,5.000000000000,61.773363430000,66.773363430000,False,lentil,lentil,0.820000000000,0.820000000000,lentil|mothbeans|blackgram,lentil|mothbeans|blackgram,False,0.710000000000,0.720000000000,0.000000000000,0
61,539,mothbeans,humidity,absolute,5.000000000000,41.365618350000,46.365618350000,False,mothbeans,mothbeans,0.960000000000,0.960000000000,mothbeans|lentil|pigeonpeas,mothbeans|lentil|pigeonpeas,False,0.930000000000,0.930000000000,0.000000000000,0
62,2157,coffee,humidity,absolute,5.000000000000,67.377683530000,72.377683530000,False,coffee,coffee,1.000000000000,0.550000000000,coffee|apple|banana,coffee|jute|pomegranate,False,1.000000000000,0.320000000000,0.450000000000,0
63,1032,banana,humidity,absolute,5.000000000000,81.382041040000,86.382041040000,False,banana,banana,0.970000000000,0.900000000000,banana|jute|apple,banana|jute|watermelon,False,0.940000000000,0.850000000000,0.070000000000,0
64,1707,papaya,humidity,absolute,5.000000000000,93.710436920000,98.710436920000,False,papaya,papaya,0.930000000000,0.930000000000,papaya|pomegranate|pigeonpeas,papaya|pigeonpeas|pomegranate,False,0.900000000000,0.910000000000,0.000000000000,0
65,54,rice,humidity,absolute,5.000000000000,83.836258190000,88.836258190000,False,rice,rice,0.980000000000,0.760000000000,rice|jute|apple,rice|jute|papaya,False,0.960000000000,0.590000000000,0.220000000000,0
66,1630,orange,humidity,absolute,5.000000000000,90.458286500000,95.458286500000,False,orange,orange,0.980000000000,0.960000000000,orange|mango|pomegranate,orange|coconut|mango,False,0.970000000000,0.940000000000,0.020000000000,0
67,1818,coconut,humidity,absolute,5.000000000000,95.016305930000,99.981876010000,True,coconut,coconut,1.000000000000,1.000000000000,coconut|apple|banana,coconut|apple|banana,False,1.000000000000,1.000000000000,0.000000000000,0
69,920,pomegranate,humidity,absolute,5.000000000000,89.922488300000,94.922488300000,False,pomegranate,pomegranate,0.970000000000,0.940000000000,pomegranate|orange|apple,pomegranate|orange|apple,False,0.940000000000,0.880000000000,0.030000000000,0
70,1033,banana,humidity,absolute,5.000000000000,79.286936870000,84.286936870000,False,banana,banana,1.000000000000,1.000000000000,banana|apple|blackgram,banana|apple|blackgram,False,1.000000000000,1.000000000000,0.000000000000,0
71,1458,muskmelon,humidity,absolute,5.000000000000,90.770696180000,95.770696180000,False,muskmelon,muskmelon,1.000000000000,0.990000000000,muskmelon|apple|banana,muskmelon|coconut|apple,False,1.000000000000,0.980000000000,0.010000000000,0
72,1369,watermelon,humidity,absolute,5.000000000000,81.121229890000,86.121229890000,False,watermelon,watermelon,1.000000000000,1.000000000000,watermelon|apple|banana,watermelon|apple|banana,False,1.000000000000,1.000000000000,0.000000000000,0
73,859,lentil,humidity,absolute,5.000000000000,64.002139290000,69.002139290000,False,lentil,lentil,1.000000000000,1.000000000000,lentil|apple|banana,lentil|apple|banana,False,1.000000000000,1.000000000000,0.000000000000,0
75,1854,coconut,humidity,absolute,5.000000000000,94.484145440000,99.484145440000,False,coconut,coconut,1.000000000000,1.000000000000,coconut|apple|banana,coconut|apple|banana,False,1.000000000000,1.000000000000,0.000000000000,0
76,575,mothbeans,humidity,absolute,5.000000000000,52.609500140000,57.609500140000,False,mothbeans,mothbeans,0.900000000000,0.870000000000,mothbeans|lentil|mungbean,mothbeans|lentil|pigeonpeas,False,0.820000000000,0.770000000000,0.030000000000,0
77,606,mungbean,humidity,absolute,5.000000000000,83.248558550000,88.248558550000,False,mungbean,mungbean,0.980000000000,0.980000000000,mungbean|blackgram|apple,mungbean|blackgram|apple,False,0.960000000000,0.960000000000,0.000000000000,0
78,614,mungbean,humidity,absolute,5.000000000000,86.451932970000,91.451932970000,False,mungbean,mungbean,0.970000000000,0.690000000000,mungbean|mothbeans|orange,mungbean|papaya|orange,False,0.950000000000,0.560000000000,0.280000000000,0
80,2182,coffee,humidity,absolute,5.000000000000,50.501485280000,55.501485280000,False,coffee,coffee,0.990000000000,0.990000000000,coffee|coconut|apple,coffee|coconut|apple,False,0.980000000000,0.980000000000,0.000000000000,0
82,1473,muskmelon,humidity,absolute,5.000000000000,91.892168490000,96.892168490000,False,muskmelon,muskmelon,1.000000000000,0.990000000000,muskmelon|apple|banana,muskmelon|coconut|apple,False,1.000000000000,0.980000000000,0.010000000000,0
83,303,kidneybeans,humidity,absolute,5.000000000000,24.240458750000,29.240458750000,False,kidneybeans,pigeonpeas,0.950000000000,0.790000000000,kidneybeans|chickpea|pigeonpeas,pigeonpeas|kidneybeans|maize,True,0.910000000000,0.600000000000,0.160000000000,1
85,937,pomegranate,humidity,absolute,5.000000000000,94.257026720000,99.257026720000,False,pomegranate,pomegranate,0.910000000000,0.890000000000,pomegranate|papaya|orange,pomegranate|coconut|papaya,False,0.870000000000,0.850000000000,0.020000000000,0
86,1697,orange,humidity,absolute,5.000000000000,94.473168790000,99.473168790000,False,orange,orange,0.980000000000,0.940000000000,orange|mango|pomegranate,orange|coconut|mango,False,0.970000000000,0.900000000000,0.040000000000,0
87,1987,cotton,humidity,absolute,5.000000000000,78.512069720000,83.512069720000,False,cotton,cotton,1.000000000000,1.000000000000,cotton|apple|banana,cotton|apple|banana,False,1.000000000000,1.000000000000,0.000000000000,0
88,1851,coconut,humidity,absolute,5.000000000000,92.485196060000,97.485196060000,False,coconut,coconut,0.990000000000,0.990000000000,coconut|coffee|apple,coconut|coffee|apple,False,0.980000000000,0.980000000000,0.000000000000,0
91,613,mungbean,humidity,absolute,5.000000000000,84.960893550000,89.960893550000,False,mungbean,mungbean,1.000000000000,0.960000000000,mungbean|apple|banana,mungbean|orange|coconut,False,1.000000000000,0.940000000000,0.040000000000,0
93,1960,cotton,humidity,absolute,5.000000000000,81.794759170000,86.794759170000,False,cotton,cotton,1.000000000000,0.960000000000,cotton|apple|banana,cotton|jute|mungbean,False,1.000000000000,0.940000000000,0.040000000000,0
95,1225,grapes,humidity,absolute,5.000000000000,83.593987340000,88.593987340000,False,grapes,grapes,1.000000000000,0.590000000000,grapes|apple|banana,grapes|apple|papaya,False,1.000000000000,0.200000000000,0.410000000000,0
96,1988,cotton,humidity,absolute,5.000000000000,84.168552310000,89.168552310000,False,cotton,cotton,1.000000000000,0.920000000000,cotton|apple|banana,cotton|coconut|papaya,False,1.000000000000,0.900000000000,0.080000000000,0
97,227,chickpea,humidity,absolute,5.000000000000,18.667255650000,23.667255650000,False,chickpea,chickpea,0.940000000000,0.870000000000,chickpea|kidneybeans|coffee,chickpea|kidneybeans|coffee,False,0.910000000000,0.780000000000,0.070000000000,0
100,1499,muskmelon,humidity,absolute,5.000000000000,91.695321780000,96.695321780000,False,muskmelon,muskmelon,1.000000000000,0.990000000000,muskmelon|apple|banana,muskmelon|coconut|apple,False,1.000000000000,0.980000000000,0.010000000000,0
101,989,pomegranate,humidity,absolute,5.000000000000,91.194315550000,96.194315550000,False,pomegranate,pomegranate,0.990000000000,0.970000000000,pomegranate|orange|apple,pomegranate|coconut|orange,False,0.980000000000,0.950000000000,0.020000000000,0
103,497,pigeonpeas,humidity,absolute,5.000000000000,42.898332350000,47.898332350000,False,pigeonpeas,pigeonpeas,0.980000000000,0.980000000000,pigeonpeas|blackgram|papaya,pigeonpeas|blackgram|papaya,False,0.970000000000,0.970000000000,0.000000000000,0
104,472,pigeonpeas,humidity,absolute,5.000000000000,61.331862490000,66.331862490000,False,pigeonpeas,pigeonpeas,0.940000000000,0.930000000000,pigeonpeas|lentil|mothbeans,pigeonpeas|lentil|mothbeans,False,0.900000000000,0.880000000000,0.010000000000,0
106,323,kidneybeans,humidity,absolute,5.000000000000,18.825197300000,23.825197300000,False,kidneybeans,kidneybeans,0.990000000000,1.000000000000,kidneybeans|chickpea|apple,kidneybeans|apple|banana,False,0.980000000000,1.000000000000,0.010000000000,0
108,44,rice,humidity,absolute,5.000000000000,82.366989920000,87.366989920000,False,rice,rice,0.900000000000,0.700000000000,rice|jute|papaya,rice|jute|papaya,False,0.830000000000,0.470000000000,0.200000000000,0
109,84,rice,humidity,absolute,5.000000000000,80.543728130000,85.543728130000,False,rice,rice,1.000000000000,0.860000000000,rice|apple|banana,rice|jute|apple,False,1.000000000000,0.720000000000,0.140000000000,0
110,1551,apple,humidity,absolute,5.000000000000,92.210839610000,97.210839610000,False,apple,apple,1.000000000000,1.000000000000,apple|banana|blackgram,apple|banana|blackgram,False,1.000000000000,1.000000000000,0.000000000000,0
111,647,mungbean,humidity,absolute,5.000000000000,87.451266900000,92.451266900000,False,mungbean,mungbean,1.000000000000,0.690000000000,mungbean|apple|banana,mungbean|papaya|orange,False,1.000000000000,0.500000000000,0.310000000000,0
115,1456,muskmelon,humidity,absolute,5.000000000000,92.174447960000,97.174447960000,False,muskmelon,muskmelon,1.000000000000,0.990000000000,muskmelon|apple|banana,muskmelon|coconut|apple,False,1.000000000000,0.980000000000,0.010000000000,0
121,250,chickpea,humidity,absolute,5.000000000000,18.980305070000,23.980305070000,False,chickpea,chickpea,1.000000000000,0.900000000000,chickpea|apple|banana,chickpea|kidneybeans|banana,False,1.000000000000,0.830000000000,0.100000000000,0
122,199,maize,humidity,absolute,5.000000000000,70.747392560000,75.747392560000,False,maize,cotton,0.940000000000,0.510000000000,maize|coffee|blackgram,cotton|maize|jute,True,0.920000000000,0.120000000000,0.430000000000,1
124,110,maize,humidity,absolute,5.000000000000,73.454153700000,78.454153700000,False,maize,cotton,0.970000000000,0.460000000000,maize|cotton|mungbean,cotton|maize|rice,True,0.960000000000,0.020000000000,0.510000000000,1
128,1859,coconut,humidity,absolute,5.000000000000,95.163336730000,99.981876010000,True,coconut,coconut,1.000000000000,1.000000000000,coconut|apple|banana,coconut|apple|banana,False,1.000000000000,1.000000000000,0.000000000000,0
131,226,chickpea,humidity,absolute,5.000000000000,16.679216160000,21.679216160000,False,chickpea,chickpea,0.920000000000,0.800000000000,chickpea|kidneybeans|apple,chickpea|kidneybeans|banana,False,0.840000000000,0.620000000000,0.120000000000,0
136,1552,apple,humidity,absolute,5.000000000000,91.456650040000,96.456650040000,False,apple,apple,1.000000000000,1.000000000000,apple|banana|blackgram,apple|banana|blackgram,False,1.000000000000,1.000000000000,0.000000000000,0
148,461,pigeonpeas,humidity,absolute,5.000000000000,38.837860120000,43.837860120000,False,pigeonpeas,pigeonpeas,0.990000000000,0.990000000000,pigeonpeas|lentil|apple,pigeonpeas|lentil|apple,False,0.980000000000,0.980000000000,0.000000000000,0
156,474,pigeonpeas,humidity,absolute,5.000000000000,39.372526340000,44.372526340000,False,pigeonpeas,pigeonpeas,0.970000000000,0.970000000000,pigeonpeas|coffee|kidneybeans,pigeonpeas|coffee|kidneybeans,False,0.960000000000,0.960000000000,0.000000000000,0
157,1419,muskmelon,humidity,absolute,5.000000000000,92.588625440000,97.588625440000,False,muskmelon,muskmelon,1.000000000000,0.990000000000,muskmelon|apple|banana,muskmelon|coconut|apple,False,1.000000000000,0.980000000000,0.010000000000,0
164,305,kidneybeans,humidity,absolute,5.000000000000,18.776219510000,23.776219510000,False,kidneybeans,kidneybeans,0.990000000000,0.990000000000,kidneybeans|pigeonpeas|apple,kidneybeans|pigeonpeas|apple,False,0.980000000000,0.980000000000,0.000000000000,0
189,361,kidneybeans,humidity,absolute,5.000000000000,22.898456070000,27.898456070000,False,kidneybeans,kidneybeans,1.000000000000,1.000000000000,kidneybeans|apple|banana,kidneybeans|apple|banana,False,1.000000000000,1.000000000000,0.000000000000,0
0,1609,orange,ph,absolute,-0.200000000000,7.365338111000,7.165338111000,False,orange,orange,0.970000000000,0.950000000000,orange|pomegranate|apple,orange|pomegranate|apple,False,0.940000000000,0.900000000000,0.020000000000,0
1,1072,banana,ph,absolute,-0.200000000000,6.435917308000,6.235917308000,False,banana,banana,0.930000000000,0.980000000000,banana|papaya|cotton,banana|cotton|rice,False,0.890000000000,0.970000000000,0.050000000000,0
2,1912,cotton,ph,absolute,-0.200000000000,6.021439523000,5.821439523000,False,cotton,cotton,1.000000000000,0.980000000000,cotton|apple|banana,cotton|maize|apple,False,1.000000000000,0.960000000000,0.020000000000,0
3,100,maize,ph,absolute,-0.200000000000,5.749914421000,5.549914421000,False,maize,maize,0.990000000000,0.990000000000,maize|mothbeans|apple,maize|mothbeans|apple,False,0.980000000000,0.980000000000,0.000000000000,0
4,1645,orange,ph,absolute,-0.200000000000,6.488221135000,6.288221135000,False,orange,orange,0.990000000000,0.950000000000,orange|pomegranate|apple,orange|pomegranate|kidneybeans,False,0.980000000000,0.910000000000,0.040000000000,0
5,221,chickpea,ph,absolute,-0.200000000000,7.701446446000,7.501446446000,False,chickpea,chickpea,1.000000000000,1.000000000000,chickpea|apple|banana,chickpea|apple|banana,False,1.000000000000,1.000000000000,0.000000000000,0
6,28,rice,ph,absolute,-0.200000000000,6.244841491000,6.044841491000,False,rice,rice,0.990000000000,0.990000000000,rice|jute|apple,rice|jute|apple,False,0.980000000000,0.980000000000,0.000000000000,0
7,701,blackgram,ph,absolute,-0.200000000000,7.040056094000,6.840056094000,False,blackgram,blackgram,0.970000000000,0.960000000000,blackgram|lentil|apple,blackgram|lentil|pigeonpeas,False,0.940000000000,0.930000000000,0.010000000000,0
8,1097,banana,ph,absolute,-0.200000000000,5.725418961000,5.525418961000,False,banana,banana,1.000000000000,1.000000000000,banana|apple|blackgram,banana|apple|blackgram,False,1.000000000000,1.000000000000,0.000000000000,0
9,1638,orange,ph,absolute,-0.200000000000,7.817846496000,7.617846496000,False,orange,orange,1.000000000000,1.000000000000,orange|apple|banana,orange|apple|banana,False,1.000000000000,1.000000000000,0.000000000000,0
10,1391,watermelon,ph,absolute,-0.200000000000,6.211748957000,6.011748957000,False,watermelon,watermelon,1.000000000000,0.950000000000,watermelon|apple|banana,watermelon|pomegranate|maize,False,1.000000000000,0.930000000000,0.050000000000,0
11,901,pomegranate,ph,absolute,-0.200000000000,5.937649578000,5.737649578000,False,pomegranate,pomegranate,1.000000000000,1.000000000000,pomegranate|apple|banana,pomegranate|apple|banana,False,1.000000000000,1.000000000000,0.000000000000,0
12,1386,watermelon,ph,absolute,-0.200000000000,6.956508826000,6.756508826000,False,watermelon,watermelon,1.000000000000,1.000000000000,watermelon|apple|banana,watermelon|apple|banana,False,1.000000000000,1.000000000000,0.000000000000,0
13,171,maize,ph,absolute,-0.200000000000,6.708446922000,6.508446922000,False,maize,maize,1.000000000000,1.000000000000,maize|apple|banana,maize|apple|banana,False,1.000000000000,1.000000000000,0.000000000000,0
14,544,mothbeans,ph,absolute,-0.200000000000,5.993513566000,5.793513566000,False,mothbeans,mothbeans,0.810000000000,0.840000000000,mothbeans|blackgram|pigeonpeas,mothbeans|blackgram|maize,False,0.740000000000,0.770000000000,0.030000000000,0
15,1264,grapes,ph,absolute,-0.200000000000,5.699452820000,5.499452820000,False,grapes,grapes,1.000000000000,1.000000000000,grapes|apple|banana,grapes|apple|banana,False,1.000000000000,1.000000000000,0.000000000000,0
16,1220,grapes,ph,absolute,-0.200000000000,5.775600435000,5.575600435000,False,grapes,grapes,1.000000000000,1.000000000000,grapes|apple|banana,grapes|apple|banana,False,1.000000000000,1.000000000000,0.000000000000,0
17,1154,mango,ph,absolute,-0.200000000000,6.814630246000,6.614630246000,False,mango,mango,1.000000000000,0.990000000000,mango|apple|banana,mango|blackgram|apple,False,1.000000000000,0.980000000000,0.010000000000,0
18,1131,mango,ph,absolute,-0.200000000000,6.832979509000,6.632979509000,False,mango,mango,0.980000000000,0.980000000000,mango|mothbeans|papaya,mango|blackgram|papaya,False,0.970000000000,0.970000000000,0.000000000000,0
19,1514,apple,ph,absolute,-0.200000000000,5.708418722000,5.508418722000,False,apple,apple,1.000000000000,0.990000000000,apple|banana|blackgram,apple|grapes|banana,False,1.000000000000,0.980000000000,0.010000000000,0
20,795,blackgram,ph,absolute,-0.200000000000,6.874142175000,6.674142175000,False,blackgram,blackgram,0.990000000000,0.980000000000,blackgram|lentil|apple,blackgram|lentil|maize,False,0.980000000000,0.970000000000,0.010000000000,0
21,1502,apple,ph,absolute,-0.200000000000,6.226289556000,6.026289556000,False,apple,apple,1.000000000000,1.000000000000,apple|banana|blackgram,apple|banana|blackgram,False,1.000000000000,1.000000000000,0.000000000000,0
22,585,mothbeans,ph,absolute,-0.200000000000,5.804286110000,5.604286110000,False,mothbeans,mothbeans,0.790000000000,0.800000000000,mothbeans|lentil|blackgram,mothbeans|lentil|blackgram,False,0.610000000000,0.630000000000,0.010000000000,0
23,387,kidneybeans,ph,absolute,-0.200000000000,5.863903970000,5.663903970000,False,kidneybeans,kidneybeans,0.990000000000,0.990000000000,kidneybeans|pigeonpeas|apple,kidneybeans|pigeonpeas|apple,False,0.980000000000,0.980000000000,0.000000000000,0
24,1591,apple,ph,absolute,-0.200000000000,5.560521058000,5.360521058000,False,apple,apple,0.980000000000,0.970000000000,apple|grapes|banana,apple|grapes|banana,False,0.960000000000,0.940000000000,0.010000000000,0
25,2003,jute,ph,absolute,-0.200000000000,6.207459637000,6.007459637000,False,jute,jute,0.980000000000,0.900000000000,jute|rice|watermelon,jute|rice|watermelon,False,0.970000000000,0.810000000000,0.080000000000,0
26,505,mothbeans,ph,absolute,-0.200000000000,5.270749441000,5.070749441000,False,mothbeans,mothbeans,0.890000000000,0.890000000000,mothbeans|blackgram|pigeonpeas,mothbeans|blackgram|pigeonpeas,False,0.840000000000,0.840000000000,0.000000000000,0
27,1342,watermelon,ph,absolute,-0.200000000000,6.921847888000,6.721847888000,False,watermelon,watermelon,1.000000000000,1.000000000000,watermelon|apple|banana,watermelon|apple|banana,False,1.000000000000,1.000000000000,0.000000000000,0
28,0,rice,ph,absolute,-0.200000000000,6.502985292000,6.302985292000,False,rice,rice,0.900000000000,0.900000000000,rice|jute|apple,rice|jute|apple,False,0.800000000000,0.800000000000,0.000000000000,0
29,2106,coffee,ph,absolute,-0.200000000000,6.973839707000,6.773839707000,False,coffee,coffee,1.000000000000,0.990000000000,coffee|apple|banana,coffee|maize|apple,False,1.000000000000,0.980000000000,0.010000000000,0
30,1102,mango,ph,absolute,-0.200000000000,5.699586972000,5.499586972000,False,mango,mango,0.920000000000,0.920000000000,mango|coconut|coffee,mango|coconut|coffee,False,0.900000000000,0.900000000000,0.000000000000,0
31,2086,jute,ph,absolute,-0.200000000000,6.065898283000,5.865898283000,False,jute,rice,0.930000000000,0.570000000000,jute|rice|banana,rice|jute|banana,True,0.870000000000,0.150000000000,0.360000000000,1
32,1036,banana,ph,absolute,-0.200000000000,6.176644228000,5.976644228000,False,banana,banana,1.000000000000,1.000000000000,banana|apple|blackgram,banana|apple|blackgram,False,1.000000000000,1.000000000000,0.000000000000,0
33,2167,coffee,ph,absolute,-0.200000000000,6.993236001000,6.793236001000,False,coffee,coffee,1.000000000000,1.000000000000,coffee|apple|banana,coffee|apple|banana,False,1.000000000000,1.000000000000,0.000000000000,0
34,2050,jute,ph,absolute,-0.200000000000,6.109478059000,5.909478059000,False,jute,jute,0.990000000000,0.550000000000,jute|rice|apple,jute|rice|maize,False,0.980000000000,0.130000000000,0.440000000000,0
35,737,blackgram,ph,absolute,-0.200000000000,7.504608385000,7.304608385000,False,blackgram,blackgram,0.910000000000,0.910000000000,blackgram|maize|lentil,blackgram|maize|lentil,False,0.830000000000,0.830000000000,0.000000000000,0
36,1298,grapes,ph,absolute,-0.200000000000,6.209928251000,6.009928251000,False,grapes,grapes,1.000000000000,1.000000000000,grapes|apple|banana,grapes|apple|banana,False,1.000000000000,1.000000000000,0.000000000000,0
37,1200,grapes,ph,absolute,-0.200000000000,6.112305667000,5.912305667000,False,grapes,grapes,1.000000000000,1.000000000000,grapes|apple|banana,grapes|apple|banana,False,1.000000000000,1.000000000000,0.000000000000,0
38,731,blackgram,ph,absolute,-0.200000000000,6.880245789000,6.680245789000,False,blackgram,blackgram,0.990000000000,0.990000000000,blackgram|mothbeans|apple,blackgram|mothbeans|apple,False,0.980000000000,0.980000000000,0.000000000000,0
39,2042,jute,ph,absolute,-0.200000000000,7.207457208000,7.007457208000,False,jute,jute,0.930000000000,0.940000000000,jute|rice|papaya,jute|rice|papaya,False,0.890000000000,0.910000000000,0.010000000000,0
40,1829,coconut,ph,absolute,-0.200000000000,6.027707171000,5.827707171000,False,coconut,coconut,1.000000000000,1.000000000000,coconut|apple|banana,coconut|apple|banana,False,1.000000000000,1.000000000000,0.000000000000,0
41,1716,papaya,ph,absolute,-0.200000000000,6.544029776000,6.344029776000,False,papaya,papaya,0.990000000000,0.800000000000,papaya|grapes|apple,papaya|coconut|pomegranate,False,0.980000000000,0.760000000000,0.190000000000,0
42,1156,mango,ph,absolute,-0.200000000000,6.336234624000,6.136234624000,False,mango,mango,1.000000000000,1.000000000000,mango|apple|banana,mango|apple|banana,False,1.000000000000,1.000000000000,0.000000000000,0
43,185,maize,ph,absolute,-0.200000000000,6.455116637000,6.255116637000,False,maize,maize,0.970000000000,0.970000000000,maize|mothbeans|coffee,maize|mothbeans|coffee,False,0.950000000000,0.950000000000,0.000000000000,0
44,861,lentil,ph,absolute,-0.200000000000,6.677262562000,6.477262562000,False,lentil,lentil,0.980000000000,0.980000000000,lentil|blackgram|apple,lentil|blackgram|apple,False,0.960000000000,0.960000000000,0.000000000000,0
45,2022,jute,ph,absolute,-0.200000000000,6.956682743000,6.756682743000,False,jute,jute,0.940000000000,0.950000000000,jute|rice|watermelon,jute|rice|watermelon,False,0.890000000000,0.910000000000,0.010000000000,0
46,1973,cotton,ph,absolute,-0.200000000000,6.044556594000,5.844556594000,False,cotton,cotton,0.960000000000,0.910000000000,cotton|maize|banana,cotton|maize|banana,False,0.940000000000,0.850000000000,0.050000000000,0
47,850,lentil,ph,absolute,-0.200000000000,6.461618577000,6.261618577000,False,lentil,lentil,0.900000000000,0.900000000000,lentil|mothbeans|blackgram,lentil|mothbeans|blackgram,False,0.840000000000,0.840000000000,0.000000000000,0
48,203,chickpea,ph,absolute,-0.200000000000,6.391173589000,6.191173589000,False,chickpea,chickpea,1.000000000000,0.990000000000,chickpea|apple|banana,chickpea|kidneybeans|apple,False,1.000000000000,0.980000000000,0.010000000000,0
49,696,mungbean,ph,absolute,-0.200000000000,6.921993878000,6.721993878000,False,mungbean,mungbean,1.000000000000,1.000000000000,mungbean|apple|banana,mungbean|apple|banana,False,1.000000000000,1.000000000000,0.000000000000,0
50,1737,papaya,ph,absolute,-0.200000000000,6.511624841000,6.311624841000,False,papaya,papaya,0.930000000000,0.790000000000,papaya|rice|apple,papaya|rice|banana,False,0.860000000000,0.700000000000,0.140000000000,0
51,961,pomegranate,ph,absolute,-0.200000000000,6.124761080000,5.924761080000,False,pomegranate,pomegranate,0.990000000000,0.990000000000,pomegranate|orange|apple,pomegranate|orange|apple,False,0.980000000000,0.980000000000,0.000000000000,0
52,405,pigeonpeas,ph,absolute,-0.200000000000,6.446091759000,6.246091759000,False,pigeonpeas,pigeonpeas,0.920000000000,0.910000000000,pigeonpeas|mango|coconut,pigeonpeas|mango|coconut,False,0.850000000000,0.830000000000,0.010000000000,0
53,1392,watermelon,ph,absolute,-0.200000000000,6.277245254000,6.077245254000,False,watermelon,watermelon,1.000000000000,0.990000000000,watermelon|apple|banana,watermelon|muskmelon|apple,False,1.000000000000,0.980000000000,0.010000000000,0
54,1158,mango,ph,absolute,-0.200000000000,6.831706773000,6.631706773000,False,mango,mango,0.980000000000,0.990000000000,mango|mothbeans|orange,mango|blackgram|apple,False,0.970000000000,0.980000000000,0.010000000000,0
55,768,blackgram,ph,absolute,-0.200000000000,7.251000789000,7.051000789000,False,blackgram,blackgram,0.680000000000,0.680000000000,blackgram|mothbeans|lentil,blackgram|mothbeans|lentil,False,0.440000000000,0.440000000000,0.000000000000,0
56,1763,papaya,ph,absolute,-0.200000000000,6.583528529000,6.383528529000,False,papaya,papaya,0.990000000000,0.870000000000,papaya|banana|apple,papaya|banana|maize,False,0.980000000000,0.810000000000,0.120000000000,0
57,1798,papaya,ph,absolute,-0.200000000000,6.551892638000,6.351892638000,False,papaya,papaya,1.000000000000,0.770000000000,papaya|apple|banana,papaya|coconut|pigeonpeas,False,1.000000000000,0.640000000000,0.230000000000,0
58,2173,coffee,ph,absolute,-0.200000000000,6.505203696000,6.305203696000,False,coffee,coffee,0.980000000000,1.000000000000,coffee|coconut|apple,coffee|apple|banana,False,0.960000000000,1.000000000000,0.020000000000,0
59,825,lentil,ph,absolute,-0.200000000000,6.347379185000,6.147379185000,False,lentil,lentil,0.990000000000,0.970000000000,lentil|blackgram|apple,lentil|blackgram|kidneybeans,False,0.980000000000,0.960000000000,0.020000000000,0
60,813,lentil,ph,absolute,-0.200000000000,7.815210661000,7.615210661000,False,lentil,lentil,0.820000000000,0.900000000000,lentil|mothbeans|blackgram,lentil|blackgram|mothbeans,False,0.710000000000,0.830000000000,0.080000000000,0
61,539,mothbeans,ph,absolute,-0.200000000000,7.661537348000,7.461537348000,False,mothbeans,mothbeans,0.960000000000,0.940000000000,mothbeans|lentil|pigeonpeas,mothbeans|lentil|pigeonpeas,False,0.930000000000,0.890000000000,0.020000000000,0
62,2157,coffee,ph,absolute,-0.200000000000,6.840927967000,6.640927967000,False,coffee,coffee,1.000000000000,1.000000000000,coffee|apple|banana,coffee|apple|banana,False,1.000000000000,1.000000000000,0.000000000000,0
63,1032,banana,ph,absolute,-0.200000000000,6.098369122000,5.898369122000,False,banana,banana,0.970000000000,0.980000000000,banana|jute|apple,banana|jute|rice,False,0.940000000000,0.970000000000,0.010000000000,0
64,1707,papaya,ph,absolute,-0.200000000000,6.833768535000,6.633768535000,False,papaya,papaya,0.930000000000,0.930000000000,papaya|pomegranate|pigeonpeas,papaya|pomegranate|pigeonpeas,False,0.900000000000,0.900000000000,0.000000000000,0
65,54,rice,ph,absolute,-0.200000000000,5.543360238000,5.343360238000,False,rice,rice,0.980000000000,0.980000000000,rice|jute|apple,rice|jute|apple,False,0.960000000000,0.960000000000,0.000000000000,0
66,1630,orange,ph,absolute,-0.200000000000,7.781988584000,7.581988584000,False,orange,orange,0.980000000000,0.980000000000,orange|mango|pomegranate,orange|mango|pomegranate,False,0.970000000000,0.970000000000,0.000000000000,0
67,1818,coconut,ph,absolute,-0.200000000000,5.955742971000,5.755742971000,False,coconut,coconut,1.000000000000,1.000000000000,coconut|apple|banana,coconut|apple|banana,False,1.000000000000,1.000000000000,0.000000000000,0
69,920,pomegranate,ph,absolute,-0.200000000000,6.553509673000,6.353509673000,False,pomegranate,pomegranate,0.970000000000,0.960000000000,pomegranate|orange|apple,pomegranate|orange|apple,False,0.940000000000,0.920000000000,0.010000000000,0
70,1033,banana,ph,absolute,-0.200000000000,5.695267822000,5.495267822000,False,banana,banana,1.000000000000,1.000000000000,banana|apple|blackgram,banana|apple|blackgram,False,1.000000000000,1.000000000000,0.000000000000,0
71,1458,muskmelon,ph,absolute,-0.200000000000,6.668382766000,6.468382766000,False,muskmelon,muskmelon,1.000000000000,1.000000000000,muskmelon|apple|banana,muskmelon|apple|banana,False,1.000000000000,1.000000000000,0.000000000000,0
72,1369,watermelon,ph,absolute,-0.200000000000,6.286387658000,6.086387658000,False,watermelon,watermelon,1.000000000000,1.000000000000,watermelon|apple|banana,watermelon|apple|banana,False,1.000000000000,1.000000000000,0.000000000000,0
73,859,lentil,ph,absolute,-0.200000000000,7.198076286000,6.998076286000,False,lentil,lentil,1.000000000000,1.000000000000,lentil|apple|banana,lentil|apple|banana,False,1.000000000000,1.000000000000,0.000000000000,0
75,1854,coconut,ph,absolute,-0.200000000000,6.143662699000,5.943662699000,False,coconut,coconut,1.000000000000,1.000000000000,coconut|apple|banana,coconut|apple|banana,False,1.000000000000,1.000000000000,0.000000000000,0
76,575,mothbeans,ph,absolute,-0.200000000000,4.397698806000,4.197698806000,False,mothbeans,mothbeans,0.900000000000,0.900000000000,mothbeans|lentil|mungbean,mothbeans|lentil|mungbean,False,0.820000000000,0.820000000000,0.000000000000,0
77,606,mungbean,ph,absolute,-0.200000000000,6.935804256000,6.735804256000,False,mungbean,mungbean,0.980000000000,0.980000000000,mungbean|blackgram|apple,mungbean|blackgram|apple,False,0.960000000000,0.960000000000,0.000000000000,0
78,614,mungbean,ph,absolute,-0.200000000000,6.637677489000,6.437677489000,False,mungbean,mungbean,0.970000000000,0.970000000000,mungbean|mothbeans|orange,mungbean|mothbeans|orange,False,0.950000000000,0.950000000000,0.000000000000,0
80,2182,coffee,ph,absolute,-0.200000000000,7.131435858000,6.931435858000,False,coffee,coffee,0.990000000000,0.990000000000,coffee|coconut|apple,coffee|coconut|apple,False,0.980000000000,0.980000000000,0.000000000000,0
82,1473,muskmelon,ph,absolute,-0.200000000000,6.085682344000,5.885682344000,False,muskmelon,muskmelon,1.000000000000,0.980000000000,muskmelon|apple|banana,muskmelon|pomegranate|watermelon,False,1.000000000000,0.970000000000,0.020000000000,0
83,303,kidneybeans,ph,absolute,-0.200000000000,5.926676985000,5.726676985000,False,kidneybeans,kidneybeans,0.950000000000,0.950000000000,kidneybeans|chickpea|pigeonpeas,kidneybeans|chickpea|pigeonpeas,False,0.910000000000,0.910000000000,0.000000000000,0
85,937,pomegranate,ph,absolute,-0.200000000000,7.009180374000,6.809180374000,False,pomegranate,pomegranate,0.910000000000,0.910000000000,pomegranate|papaya|orange,pomegranate|papaya|orange,False,0.870000000000,0.870000000000,0.000000000000,0
86,1697,orange,ph,absolute,-0.200000000000,7.199106204000,6.999106204000,False,orange,orange,0.980000000000,0.990000000000,orange|mango|pomegranate,orange|mango|apple,False,0.970000000000,0.980000000000,0.010000000000,0
87,1987,cotton,ph,absolute,-0.200000000000,7.839849298000,7.639849298000,False,cotton,cotton,1.000000000000,1.000000000000,cotton|apple|banana,cotton|apple|banana,False,1.000000000000,1.000000000000,0.000000000000,0
88,1851,coconut,ph,absolute,-0.200000000000,6.206077742000,6.006077742000,False,coconut,coconut,0.990000000000,0.990000000000,coconut|coffee|apple,coconut|coffee|apple,False,0.980000000000,0.980000000000,0.000000000000,0
91,613,mungbean,ph,absolute,-0.200000000000,6.664187809000,6.464187809000,False,mungbean,mungbean,1.000000000000,1.000000000000,mungbean|apple|banana,mungbean|apple|banana,False,1.000000000000,1.000000000000,0.000000000000,0
93,1960,cotton,ph,absolute,-0.200000000000,7.425041316000,7.225041316000,False,cotton,cotton,1.000000000000,1.000000000000,cotton|apple|banana,cotton|apple|banana,False,1.000000000000,1.000000000000,0.000000000000,0
95,1225,grapes,ph,absolute,-0.200000000000,5.932028520000,5.732028520000,False,grapes,grapes,1.000000000000,1.000000000000,grapes|apple|banana,grapes|apple|banana,False,1.000000000000,1.000000000000,0.000000000000,0
96,1988,cotton,ph,absolute,-0.200000000000,6.614485880000,6.414485880000,False,cotton,cotton,1.000000000000,1.000000000000,cotton|apple|banana,cotton|apple|banana,False,1.000000000000,1.000000000000,0.000000000000,0
97,227,chickpea,ph,absolute,-0.200000000000,7.690962338000,7.490962338000,False,chickpea,chickpea,0.940000000000,0.940000000000,chickpea|kidneybeans|coffee,chickpea|kidneybeans|coffee,False,0.910000000000,0.910000000000,0.000000000000,0
100,1499,muskmelon,ph,absolute,-0.200000000000,6.585872508000,6.385872508000,False,muskmelon,muskmelon,1.000000000000,1.000000000000,muskmelon|apple|banana,muskmelon|apple|banana,False,1.000000000000,1.000000000000,0.000000000000,0
101,989,pomegranate,ph,absolute,-0.200000000000,7.079973241000,6.879973241000,False,pomegranate,pomegranate,0.990000000000,0.990000000000,pomegranate|orange|apple,pomegranate|orange|apple,False,0.980000000000,0.980000000000,0.000000000000,0
103,497,pigeonpeas,ph,absolute,-0.200000000000,6.876572503000,6.676572503000,False,pigeonpeas,pigeonpeas,0.980000000000,0.980000000000,pigeonpeas|blackgram|papaya,pigeonpeas|blackgram|papaya,False,0.970000000000,0.970000000000,0.000000000000,0
104,472,pigeonpeas,ph,absolute,-0.200000000000,5.001038726000,4.801038726000,False,pigeonpeas,pigeonpeas,0.940000000000,0.930000000000,pigeonpeas|lentil|mothbeans,pigeonpeas|lentil|mothbeans,False,0.900000000000,0.890000000000,0.010000000000,0
106,323,kidneybeans,ph,absolute,-0.200000000000,5.954665349000,5.754665349000,False,kidneybeans,kidneybeans,0.990000000000,1.000000000000,kidneybeans|chickpea|apple,kidneybeans|apple|banana,False,0.980000000000,1.000000000000,0.010000000000,0
108,44,rice,ph,absolute,-0.200000000000,7.224285503000,7.024285503000,False,rice,rice,0.900000000000,0.900000000000,rice|jute|papaya,rice|jute|papaya,False,0.830000000000,0.830000000000,0.000000000000,0
109,84,rice,ph,absolute,-0.200000000000,5.453592032000,5.253592032000,False,rice,rice,1.000000000000,1.000000000000,rice|apple|banana,rice|apple|banana,False,1.000000000000,1.000000000000,0.000000000000,0
110,1551,apple,ph,absolute,-0.200000000000,5.669991050000,5.469991050000,False,apple,apple,1.000000000000,0.980000000000,apple|banana|blackgram,apple|grapes|banana,False,1.000000000000,0.960000000000,0.020000000000,0
111,647,mungbean,ph,absolute,-0.200000000000,6.981758362000,6.781758362000,False,mungbean,mungbean,1.000000000000,1.000000000000,mungbean|apple|banana,mungbean|apple|banana,False,1.000000000000,1.000000000000,0.000000000000,0
115,1456,muskmelon,ph,absolute,-0.200000000000,6.010739645000,5.810739645000,False,muskmelon,muskmelon,1.000000000000,0.990000000000,muskmelon|apple|banana,muskmelon|pomegranate|apple,False,1.000000000000,0.980000000000,0.010000000000,0
121,250,chickpea,ph,absolute,-0.200000000000,7.806747656000,7.606747656000,False,chickpea,chickpea,1.000000000000,1.000000000000,chickpea|apple|banana,chickpea|apple|banana,False,1.000000000000,1.000000000000,0.000000000000,0
122,199,maize,ph,absolute,-0.200000000000,6.877869005000,6.677869005000,False,maize,maize,0.940000000000,0.980000000000,maize|coffee|blackgram,maize|coffee|cotton,False,0.920000000000,0.970000000000,0.040000000000,0
124,110,maize,ph,absolute,-0.200000000000,5.852607099000,5.652607099000,False,maize,maize,0.970000000000,0.960000000000,maize|cotton|mungbean,maize|cotton|mungbean,False,0.960000000000,0.950000000000,0.010000000000,0
128,1859,coconut,ph,absolute,-0.200000000000,6.165084855000,5.965084855000,False,coconut,coconut,1.000000000000,1.000000000000,coconut|apple|banana,coconut|apple|banana,False,1.000000000000,1.000000000000,0.000000000000,0
131,226,chickpea,ph,absolute,-0.200000000000,6.051091339000,5.851091339000,False,chickpea,chickpea,0.920000000000,0.820000000000,chickpea|kidneybeans|apple,chickpea|kidneybeans|apple,False,0.840000000000,0.640000000000,0.100000000000,0
136,1552,apple,ph,absolute,-0.200000000000,5.682751473000,5.482751473000,False,apple,apple,1.000000000000,0.990000000000,apple|banana|blackgram,apple|grapes|banana,False,1.000000000000,0.980000000000,0.010000000000,0
148,461,pigeonpeas,ph,absolute,-0.200000000000,5.180271502000,4.980271502000,False,pigeonpeas,pigeonpeas,0.990000000000,0.990000000000,pigeonpeas|lentil|apple,pigeonpeas|lentil|apple,False,0.980000000000,0.980000000000,0.000000000000,0
156,474,pigeonpeas,ph,absolute,-0.200000000000,4.747352458000,4.547352458000,False,pigeonpeas,pigeonpeas,0.970000000000,0.970000000000,pigeonpeas|coffee|kidneybeans,pigeonpeas|coffee|kidneybeans,False,0.960000000000,0.960000000000,0.000000000000,0
157,1419,muskmelon,ph,absolute,-0.200000000000,6.606033244000,6.406033244000,False,muskmelon,muskmelon,1.000000000000,1.000000000000,muskmelon|apple|banana,muskmelon|apple|banana,False,1.000000000000,1.000000000000,0.000000000000,0
164,305,kidneybeans,ph,absolute,-0.200000000000,5.949949081000,5.749949081000,False,kidneybeans,kidneybeans,0.990000000000,0.990000000000,kidneybeans|pigeonpeas|apple,kidneybeans|pigeonpeas|apple,False,0.980000000000,0.980000000000,0.000000000000,0
189,361,kidneybeans,ph,absolute,-0.200000000000,5.618844277000,5.418844277000,False,kidneybeans,kidneybeans,1.000000000000,0.940000000000,kidneybeans|apple|banana,kidneybeans|pigeonpeas|apple,False,1.000000000000,0.880000000000,0.060000000000,0
0,1609,orange,ph,absolute,-0.100000000000,7.365338111000,7.265338111000,False,orange,orange,0.970000000000,0.970000000000,orange|pomegranate|apple,orange|pomegranate|apple,False,0.940000000000,0.940000000000,0.000000000000,0
1,1072,banana,ph,absolute,-0.100000000000,6.435917308000,6.335917308000,False,banana,banana,0.930000000000,0.950000000000,banana|papaya|cotton,banana|cotton|papaya,False,0.890000000000,0.930000000000,0.020000000000,0
2,1912,cotton,ph,absolute,-0.100000000000,6.021439523000,5.921439523000,False,cotton,cotton,1.000000000000,1.000000000000,cotton|apple|banana,cotton|apple|banana,False,1.000000000000,1.000000000000,0.000000000000,0
3,100,maize,ph,absolute,-0.100000000000,5.749914421000,5.649914421000,False,maize,maize,0.990000000000,0.990000000000,maize|mothbeans|apple,maize|mothbeans|apple,False,0.980000000000,0.980000000000,0.000000000000,0
4,1645,orange,ph,absolute,-0.100000000000,6.488221135000,6.388221135000,False,orange,orange,0.990000000000,0.970000000000,orange|pomegranate|apple,orange|pomegranate|kidneybeans,False,0.980000000000,0.950000000000,0.020000000000,0
5,221,chickpea,ph,absolute,-0.100000000000,7.701446446000,7.601446446000,False,chickpea,chickpea,1.000000000000,1.000000000000,chickpea|apple|banana,chickpea|apple|banana,False,1.000000000000,1.000000000000,0.000000000000,0
6,28,rice,ph,absolute,-0.100000000000,6.244841491000,6.144841491000,False,rice,rice,0.990000000000,0.990000000000,rice|jute|apple,rice|jute|apple,False,0.980000000000,0.980000000000,0.000000000000,0
7,701,blackgram,ph,absolute,-0.100000000000,7.040056094000,6.940056094000,False,blackgram,blackgram,0.970000000000,0.960000000000,blackgram|lentil|apple,blackgram|lentil|pigeonpeas,False,0.940000000000,0.930000000000,0.010000000000,0
8,1097,banana,ph,absolute,-0.100000000000,5.725418961000,5.625418961000,False,banana,banana,1.000000000000,1.000000000000,banana|apple|blackgram,banana|apple|blackgram,False,1.000000000000,1.000000000000,0.000000000000,0
9,1638,orange,ph,absolute,-0.100000000000,7.817846496000,7.717846496000,False,orange,orange,1.000000000000,1.000000000000,orange|apple|banana,orange|apple|banana,False,1.000000000000,1.000000000000,0.000000000000,0
10,1391,watermelon,ph,absolute,-0.100000000000,6.211748957000,6.111748957000,False,watermelon,watermelon,1.000000000000,1.000000000000,watermelon|apple|banana,watermelon|apple|banana,False,1.000000000000,1.000000000000,0.000000000000,0
11,901,pomegranate,ph,absolute,-0.100000000000,5.937649578000,5.837649578000,False,pomegranate,pomegranate,1.000000000000,1.000000000000,pomegranate|apple|banana,pomegranate|apple|banana,False,1.000000000000,1.000000000000,0.000000000000,0
12,1386,watermelon,ph,absolute,-0.100000000000,6.956508826000,6.856508826000,False,watermelon,watermelon,1.000000000000,1.000000000000,watermelon|apple|banana,watermelon|apple|banana,False,1.000000000000,1.000000000000,0.000000000000,0
13,171,maize,ph,absolute,-0.100000000000,6.708446922000,6.608446922000,False,maize,maize,1.000000000000,1.000000000000,maize|apple|banana,maize|apple|banana,False,1.000000000000,1.000000000000,0.000000000000,0
14,544,mothbeans,ph,absolute,-0.100000000000,5.993513566000,5.893513566000,False,mothbeans,mothbeans,0.810000000000,0.830000000000,mothbeans|blackgram|pigeonpeas,mothbeans|blackgram|pigeonpeas,False,0.740000000000,0.760000000000,0.020000000000,0
15,1264,grapes,ph,absolute,-0.100000000000,5.699452820000,5.599452820000,False,grapes,grapes,1.000000000000,1.000000000000,grapes|apple|banana,grapes|apple|banana,False,1.000000000000,1.000000000000,0.000000000000,0
16,1220,grapes,ph,absolute,-0.100000000000,5.775600435000,5.675600435000,False,grapes,grapes,1.000000000000,1.000000000000,grapes|apple|banana,grapes|apple|banana,False,1.000000000000,1.000000000000,0.000000000000,0
17,1154,mango,ph,absolute,-0.100000000000,6.814630246000,6.714630246000,False,mango,mango,1.000000000000,0.990000000000,mango|apple|banana,mango|blackgram|apple,False,1.000000000000,0.980000000000,0.010000000000,0
18,1131,mango,ph,absolute,-0.100000000000,6.832979509000,6.732979509000,False,mango,mango,0.980000000000,0.980000000000,mango|mothbeans|papaya,mango|blackgram|papaya,False,0.970000000000,0.970000000000,0.000000000000,0
19,1514,apple,ph,absolute,-0.100000000000,5.708418722000,5.608418722000,False,apple,apple,1.000000000000,1.000000000000,apple|banana|blackgram,apple|banana|blackgram,False,1.000000000000,1.000000000000,0.000000000000,0
20,795,blackgram,ph,absolute,-0.100000000000,6.874142175000,6.774142175000,False,blackgram,blackgram,0.990000000000,0.980000000000,blackgram|lentil|apple,blackgram|lentil|maize,False,0.980000000000,0.970000000000,0.010000000000,0
21,1502,apple,ph,absolute,-0.100000000000,6.226289556000,6.126289556000,False,apple,apple,1.000000000000,1.000000000000,apple|banana|blackgram,apple|banana|blackgram,False,1.000000000000,1.000000000000,0.000000000000,0
22,585,mothbeans,ph,absolute,-0.100000000000,5.804286110000,5.704286110000,False,mothbeans,mothbeans,0.790000000000,0.800000000000,mothbeans|lentil|blackgram,mothbeans|lentil|blackgram,False,0.610000000000,0.630000000000,0.010000000000,0
23,387,kidneybeans,ph,absolute,-0.100000000000,5.863903970000,5.763903970000,False,kidneybeans,kidneybeans,0.990000000000,0.990000000000,kidneybeans|pigeonpeas|apple,kidneybeans|pigeonpeas|apple,False,0.980000000000,0.980000000000,0.000000000000,0
24,1591,apple,ph,absolute,-0.100000000000,5.560521058000,5.460521058000,False,apple,apple,0.980000000000,0.970000000000,apple|grapes|banana,apple|grapes|banana,False,0.960000000000,0.940000000000,0.010000000000,0
25,2003,jute,ph,absolute,-0.100000000000,6.207459637000,6.107459637000,False,jute,jute,0.980000000000,0.960000000000,jute|rice|watermelon,jute|rice|banana,False,0.970000000000,0.940000000000,0.020000000000,0
26,505,mothbeans,ph,absolute,-0.100000000000,5.270749441000,5.170749441000,False,mothbeans,mothbeans,0.890000000000,0.890000000000,mothbeans|blackgram|pigeonpeas,mothbeans|blackgram|pigeonpeas,False,0.840000000000,0.840000000000,0.000000000000,0
27,1342,watermelon,ph,absolute,-0.100000000000,6.921847888000,6.821847888000,False,watermelon,watermelon,1.000000000000,1.000000000000,watermelon|apple|banana,watermelon|apple|banana,False,1.000000000000,1.000000000000,0.000000000000,0
28,0,rice,ph,absolute,-0.100000000000,6.502985292000,6.402985292000,False,rice,rice,0.900000000000,0.900000000000,rice|jute|apple,rice|jute|apple,False,0.800000000000,0.800000000000,0.000000000000,0
29,2106,coffee,ph,absolute,-0.100000000000,6.973839707000,6.873839707000,False,coffee,coffee,1.000000000000,1.000000000000,coffee|apple|banana,coffee|apple|banana,False,1.000000000000,1.000000000000,0.000000000000,0
30,1102,mango,ph,absolute,-0.100000000000,5.699586972000,5.599586972000,False,mango,mango,0.920000000000,0.920000000000,mango|coconut|coffee,mango|coconut|coffee,False,0.900000000000,0.900000000000,0.000000000000,0
31,2086,jute,ph,absolute,-0.100000000000,6.065898283000,5.965898283000,False,jute,rice,0.930000000000,0.540000000000,jute|rice|banana,rice|jute|apple,True,0.870000000000,0.080000000000,0.390000000000,1
32,1036,banana,ph,absolute,-0.100000000000,6.176644228000,6.076644228000,False,banana,banana,1.000000000000,1.000000000000,banana|apple|blackgram,banana|apple|blackgram,False,1.000000000000,1.000000000000,0.000000000000,0
33,2167,coffee,ph,absolute,-0.100000000000,6.993236001000,6.893236001000,False,coffee,coffee,1.000000000000,1.000000000000,coffee|apple|banana,coffee|apple|banana,False,1.000000000000,1.000000000000,0.000000000000,0
34,2050,jute,ph,absolute,-0.100000000000,6.109478059000,6.009478059000,False,jute,jute,0.990000000000,0.940000000000,jute|rice|apple,jute|rice|maize,False,0.980000000000,0.890000000000,0.050000000000,0
35,737,blackgram,ph,absolute,-0.100000000000,7.504608385000,7.404608385000,False,blackgram,blackgram,0.910000000000,0.910000000000,blackgram|maize|lentil,blackgram|maize|lentil,False,0.830000000000,0.830000000000,0.000000000000,0
36,1298,grapes,ph,absolute,-0.100000000000,6.209928251000,6.109928251000,False,grapes,grapes,1.000000000000,1.000000000000,grapes|apple|banana,grapes|apple|banana,False,1.000000000000,1.000000000000,0.000000000000,0
37,1200,grapes,ph,absolute,-0.100000000000,6.112305667000,6.012305667000,False,grapes,grapes,1.000000000000,1.000000000000,grapes|apple|banana,grapes|apple|banana,False,1.000000000000,1.000000000000,0.000000000000,0
38,731,blackgram,ph,absolute,-0.100000000000,6.880245789000,6.780245789000,False,blackgram,blackgram,0.990000000000,0.990000000000,blackgram|mothbeans|apple,blackgram|mothbeans|apple,False,0.980000000000,0.980000000000,0.000000000000,0
39,2042,jute,ph,absolute,-0.100000000000,7.207457208000,7.107457208000,False,jute,jute,0.930000000000,0.940000000000,jute|rice|papaya,jute|rice|papaya,False,0.890000000000,0.910000000000,0.010000000000,0
40,1829,coconut,ph,absolute,-0.100000000000,6.027707171000,5.927707171000,False,coconut,coconut,1.000000000000,1.000000000000,coconut|apple|banana,coconut|apple|banana,False,1.000000000000,1.000000000000,0.000000000000,0
41,1716,papaya,ph,absolute,-0.100000000000,6.544029776000,6.444029776000,False,papaya,papaya,0.990000000000,0.810000000000,papaya|grapes|apple,papaya|pomegranate|coconut,False,0.980000000000,0.770000000000,0.180000000000,0
42,1156,mango,ph,absolute,-0.100000000000,6.336234624000,6.236234624000,False,mango,mango,1.000000000000,1.000000000000,mango|apple|banana,mango|apple|banana,False,1.000000000000,1.000000000000,0.000000000000,0
43,185,maize,ph,absolute,-0.100000000000,6.455116637000,6.355116637000,False,maize,maize,0.970000000000,0.970000000000,maize|mothbeans|coffee,maize|mothbeans|coffee,False,0.950000000000,0.950000000000,0.000000000000,0
44,861,lentil,ph,absolute,-0.100000000000,6.677262562000,6.577262562000,False,lentil,lentil,0.980000000000,0.980000000000,lentil|blackgram|apple,lentil|blackgram|apple,False,0.960000000000,0.960000000000,0.000000000000,0
45,2022,jute,ph,absolute,-0.100000000000,6.956682743000,6.856682743000,False,jute,jute,0.940000000000,0.950000000000,jute|rice|watermelon,jute|rice|watermelon,False,0.890000000000,0.910000000000,0.010000000000,0
46,1973,cotton,ph,absolute,-0.100000000000,6.044556594000,5.944556594000,False,cotton,cotton,0.960000000000,0.930000000000,cotton|maize|banana,cotton|maize|banana,False,0.940000000000,0.890000000000,0.030000000000,0
47,850,lentil,ph,absolute,-0.100000000000,6.461618577000,6.361618577000,False,lentil,lentil,0.900000000000,0.900000000000,lentil|mothbeans|blackgram,lentil|mothbeans|blackgram,False,0.840000000000,0.840000000000,0.000000000000,0
48,203,chickpea,ph,absolute,-0.100000000000,6.391173589000,6.291173589000,False,chickpea,chickpea,1.000000000000,1.000000000000,chickpea|apple|banana,chickpea|apple|banana,False,1.000000000000,1.000000000000,0.000000000000,0
49,696,mungbean,ph,absolute,-0.100000000000,6.921993878000,6.821993878000,False,mungbean,mungbean,1.000000000000,1.000000000000,mungbean|apple|banana,mungbean|apple|banana,False,1.000000000000,1.000000000000,0.000000000000,0
50,1737,papaya,ph,absolute,-0.100000000000,6.511624841000,6.411624841000,False,papaya,papaya,0.930000000000,0.820000000000,papaya|rice|apple,papaya|rice|banana,False,0.860000000000,0.750000000000,0.110000000000,0
51,961,pomegranate,ph,absolute,-0.100000000000,6.124761080000,6.024761080000,False,pomegranate,pomegranate,0.990000000000,0.990000000000,pomegranate|orange|apple,pomegranate|orange|apple,False,0.980000000000,0.980000000000,0.000000000000,0
52,405,pigeonpeas,ph,absolute,-0.100000000000,6.446091759000,6.346091759000,False,pigeonpeas,pigeonpeas,0.920000000000,0.910000000000,pigeonpeas|mango|coconut,pigeonpeas|mango|coconut,False,0.850000000000,0.830000000000,0.010000000000,0
53,1392,watermelon,ph,absolute,-0.100000000000,6.277245254000,6.177245254000,False,watermelon,watermelon,1.000000000000,1.000000000000,watermelon|apple|banana,watermelon|apple|banana,False,1.000000000000,1.000000000000,0.000000000000,0
54,1158,mango,ph,absolute,-0.100000000000,6.831706773000,6.731706773000,False,mango,mango,0.980000000000,0.990000000000,mango|mothbeans|orange,mango|blackgram|apple,False,0.970000000000,0.980000000000,0.010000000000,0
55,768,blackgram,ph,absolute,-0.100000000000,7.251000789000,7.151000789000,False,blackgram,blackgram,0.680000000000,0.680000000000,blackgram|mothbeans|lentil,blackgram|mothbeans|lentil,False,0.440000000000,0.440000000000,0.000000000000,0
56,1763,papaya,ph,absolute,-0.100000000000,6.583528529000,6.483528529000,False,papaya,papaya,0.990000000000,0.890000000000,papaya|banana|apple,papaya|banana|maize,False,0.980000000000,0.840000000000,0.100000000000,0
57,1798,papaya,ph,absolute,-0.100000000000,6.551892638000,6.451892638000,False,papaya,papaya,1.000000000000,0.780000000000,papaya|apple|banana,papaya|coconut|pigeonpeas,False,1.000000000000,0.660000000000,0.220000000000,0
58,2173,coffee,ph,absolute,-0.100000000000,6.505203696000,6.405203696000,False,coffee,coffee,0.980000000000,0.990000000000,coffee|coconut|apple,coffee|coconut|apple,False,0.960000000000,0.980000000000,0.010000000000,0
59,825,lentil,ph,absolute,-0.100000000000,6.347379185000,6.247379185000,False,lentil,lentil,0.990000000000,0.990000000000,lentil|blackgram|apple,lentil|blackgram|apple,False,0.980000000000,0.980000000000,0.000000000000,0
60,813,lentil,ph,absolute,-0.100000000000,7.815210661000,7.715210661000,False,lentil,lentil,0.820000000000,0.890000000000,lentil|mothbeans|blackgram,lentil|blackgram|mothbeans,False,0.710000000000,0.820000000000,0.070000000000,0
61,539,mothbeans,ph,absolute,-0.100000000000,7.661537348000,7.561537348000,False,mothbeans,mothbeans,0.960000000000,0.940000000000,mothbeans|lentil|pigeonpeas,mothbeans|lentil|pigeonpeas,False,0.930000000000,0.890000000000,0.020000000000,0
62,2157,coffee,ph,absolute,-0.100000000000,6.840927967000,6.740927967000,False,coffee,coffee,1.000000000000,1.000000000000,coffee|apple|banana,coffee|apple|banana,False,1.000000000000,1.000000000000,0.000000000000,0
63,1032,banana,ph,absolute,-0.100000000000,6.098369122000,5.998369122000,False,banana,banana,0.970000000000,0.970000000000,banana|jute|apple,banana|jute|apple,False,0.940000000000,0.940000000000,0.000000000000,0
64,1707,papaya,ph,absolute,-0.100000000000,6.833768535000,6.733768535000,False,papaya,papaya,0.930000000000,0.930000000000,papaya|pomegranate|pigeonpeas,papaya|pomegranate|pigeonpeas,False,0.900000000000,0.900000000000,0.000000000000,0
65,54,rice,ph,absolute,-0.100000000000,5.543360238000,5.443360238000,False,rice,rice,0.980000000000,0.980000000000,rice|jute|apple,rice|jute|apple,False,0.960000000000,0.960000000000,0.000000000000,0
66,1630,orange,ph,absolute,-0.100000000000,7.781988584000,7.681988584000,False,orange,orange,0.980000000000,0.980000000000,orange|mango|pomegranate,orange|mango|pomegranate,False,0.970000000000,0.970000000000,0.000000000000,0
67,1818,coconut,ph,absolute,-0.100000000000,5.955742971000,5.855742971000,False,coconut,coconut,1.000000000000,1.000000000000,coconut|apple|banana,coconut|apple|banana,False,1.000000000000,1.000000000000,0.000000000000,0
69,920,pomegranate,ph,absolute,-0.100000000000,6.553509673000,6.453509673000,False,pomegranate,pomegranate,0.970000000000,0.960000000000,pomegranate|orange|apple,pomegranate|orange|apple,False,0.940000000000,0.920000000000,0.010000000000,0
70,1033,banana,ph,absolute,-0.100000000000,5.695267822000,5.595267822000,False,banana,banana,1.000000000000,1.000000000000,banana|apple|blackgram,banana|apple|blackgram,False,1.000000000000,1.000000000000,0.000000000000,0
71,1458,muskmelon,ph,absolute,-0.100000000000,6.668382766000,6.568382766000,False,muskmelon,muskmelon,1.000000000000,1.000000000000,muskmelon|apple|banana,muskmelon|apple|banana,False,1.000000000000,1.000000000000,0.000000000000,0
72,1369,watermelon,ph,absolute,-0.100000000000,6.286387658000,6.186387658000,False,watermelon,watermelon,1.000000000000,1.000000000000,watermelon|apple|banana,watermelon|apple|banana,False,1.000000000000,1.000000000000,0.000000000000,0
73,859,lentil,ph,absolute,-0.100000000000,7.198076286000,7.098076286000,False,lentil,lentil,1.000000000000,1.000000000000,lentil|apple|banana,lentil|apple|banana,False,1.000000000000,1.000000000000,0.000000000000,0
75,1854,coconut,ph,absolute,-0.100000000000,6.143662699000,6.043662699000,False,coconut,coconut,1.000000000000,1.000000000000,coconut|apple|banana,coconut|apple|banana,False,1.000000000000,1.000000000000,0.000000000000,0
76,575,mothbeans,ph,absolute,-0.100000000000,4.397698806000,4.297698806000,False,mothbeans,mothbeans,0.900000000000,0.900000000000,mothbeans|lentil|mungbean,mothbeans|lentil|mungbean,False,0.820000000000,0.820000000000,0.000000000000,0
77,606,mungbean,ph,absolute,-0.100000000000,6.935804256000,6.835804256000,False,mungbean,mungbean,0.980000000000,0.980000000000,mungbean|blackgram|apple,mungbean|blackgram|apple,False,0.960000000000,0.960000000000,0.000000000000,0
78,614,mungbean,ph,absolute,-0.100000000000,6.637677489000,6.537677489000,False,mungbean,mungbean,0.970000000000,0.970000000000,mungbean|mothbeans|orange,mungbean|mothbeans|orange,False,0.950000000000,0.950000000000,0.000000000000,0
80,2182,coffee,ph,absolute,-0.100000000000,7.131435858000,7.031435858000,False,coffee,coffee,0.990000000000,0.990000000000,coffee|coconut|apple,coffee|coconut|apple,False,0.980000000000,0.980000000000,0.000000000000,0
82,1473,muskmelon,ph,absolute,-0.100000000000,6.085682344000,5.985682344000,False,muskmelon,muskmelon,1.000000000000,0.990000000000,muskmelon|apple|banana,muskmelon|watermelon|apple,False,1.000000000000,0.980000000000,0.010000000000,0
83,303,kidneybeans,ph,absolute,-0.100000000000,5.926676985000,5.826676985000,False,kidneybeans,kidneybeans,0.950000000000,0.950000000000,kidneybeans|chickpea|pigeonpeas,kidneybeans|chickpea|pigeonpeas,False,0.910000000000,0.910000000000,0.000000000000,0
85,937,pomegranate,ph,absolute,-0.100000000000,7.009180374000,6.909180374000,False,pomegranate,pomegranate,0.910000000000,0.910000000000,pomegranate|papaya|orange,pomegranate|papaya|orange,False,0.870000000000,0.870000000000,0.000000000000,0
86,1697,orange,ph,absolute,-0.100000000000,7.199106204000,7.099106204000,False,orange,orange,0.980000000000,0.990000000000,orange|mango|pomegranate,orange|mango|apple,False,0.970000000000,0.980000000000,0.010000000000,0
87,1987,cotton,ph,absolute,-0.100000000000,7.839849298000,7.739849298000,False,cotton,cotton,1.000000000000,1.000000000000,cotton|apple|banana,cotton|apple|banana,False,1.000000000000,1.000000000000,0.000000000000,0
88,1851,coconut,ph,absolute,-0.100000000000,6.206077742000,6.106077742000,False,coconut,coconut,0.990000000000,0.990000000000,coconut|coffee|apple,coconut|coffee|apple,False,0.980000000000,0.980000000000,0.000000000000,0
91,613,mungbean,ph,absolute,-0.100000000000,6.664187809000,6.564187809000,False,mungbean,mungbean,1.000000000000,1.000000000000,mungbean|apple|banana,mungbean|apple|banana,False,1.000000000000,1.000000000000,0.000000000000,0
93,1960,cotton,ph,absolute,-0.100000000000,7.425041316000,7.325041316000,False,cotton,cotton,1.000000000000,1.000000000000,cotton|apple|banana,cotton|apple|banana,False,1.000000000000,1.000000000000,0.000000000000,0
95,1225,grapes,ph,absolute,-0.100000000000,5.932028520000,5.832028520000,False,grapes,grapes,1.000000000000,1.000000000000,grapes|apple|banana,grapes|apple|banana,False,1.000000000000,1.000000000000,0.000000000000,0
96,1988,cotton,ph,absolute,-0.100000000000,6.614485880000,6.514485880000,False,cotton,cotton,1.000000000000,1.000000000000,cotton|apple|banana,cotton|apple|banana,False,1.000000000000,1.000000000000,0.000000000000,0
97,227,chickpea,ph,absolute,-0.100000000000,7.690962338000,7.590962338000,False,chickpea,chickpea,0.940000000000,0.940000000000,chickpea|kidneybeans|coffee,chickpea|kidneybeans|coffee,False,0.910000000000,0.910000000000,0.000000000000,0
100,1499,muskmelon,ph,absolute,-0.100000000000,6.585872508000,6.485872508000,False,muskmelon,muskmelon,1.000000000000,1.000000000000,muskmelon|apple|banana,muskmelon|apple|banana,False,1.000000000000,1.000000000000,0.000000000000,0
101,989,pomegranate,ph,absolute,-0.100000000000,7.079973241000,6.979973241000,False,pomegranate,pomegranate,0.990000000000,0.990000000000,pomegranate|orange|apple,pomegranate|orange|apple,False,0.980000000000,0.980000000000,0.000000000000,0
103,497,pigeonpeas,ph,absolute,-0.100000000000,6.876572503000,6.776572503000,False,pigeonpeas,pigeonpeas,0.980000000000,0.980000000000,pigeonpeas|blackgram|papaya,pigeonpeas|blackgram|papaya,False,0.970000000000,0.970000000000,0.000000000000,0
104,472,pigeonpeas,ph,absolute,-0.100000000000,5.001038726000,4.901038726000,False,pigeonpeas,pigeonpeas,0.940000000000,0.930000000000,pigeonpeas|lentil|mothbeans,pigeonpeas|lentil|mothbeans,False,0.900000000000,0.890000000000,0.010000000000,0
106,323,kidneybeans,ph,absolute,-0.100000000000,5.954665349000,5.854665349000,False,kidneybeans,kidneybeans,0.990000000000,1.000000000000,kidneybeans|chickpea|apple,kidneybeans|apple|banana,False,0.980000000000,1.000000000000,0.010000000000,0
108,44,rice,ph,absolute,-0.100000000000,7.224285503000,7.124285503000,False,rice,rice,0.900000000000,0.900000000000,rice|jute|papaya,rice|jute|papaya,False,0.830000000000,0.830000000000,0.000000000000,0
109,84,rice,ph,absolute,-0.100000000000,5.453592032000,5.353592032000,False,rice,rice,1.000000000000,1.000000000000,rice|apple|banana,rice|apple|banana,False,1.000000000000,1.000000000000,0.000000000000,0
110,1551,apple,ph,absolute,-0.100000000000,5.669991050000,5.569991050000,False,apple,apple,1.000000000000,0.990000000000,apple|banana|blackgram,apple|grapes|banana,False,1.000000000000,0.980000000000,0.010000000000,0
111,647,mungbean,ph,absolute,-0.100000000000,6.981758362000,6.881758362000,False,mungbean,mungbean,1.000000000000,1.000000000000,mungbean|apple|banana,mungbean|apple|banana,False,1.000000000000,1.000000000000,0.000000000000,0
115,1456,muskmelon,ph,absolute,-0.100000000000,6.010739645000,5.910739645000,False,muskmelon,muskmelon,1.000000000000,0.990000000000,muskmelon|apple|banana,muskmelon|pomegranate|apple,False,1.000000000000,0.980000000000,0.010000000000,0
121,250,chickpea,ph,absolute,-0.100000000000,7.806747656000,7.706747656000,False,chickpea,chickpea,1.000000000000,1.000000000000,chickpea|apple|banana,chickpea|apple|banana,False,1.000000000000,1.000000000000,0.000000000000,0
122,199,maize,ph,absolute,-0.100000000000,6.877869005000,6.777869005000,False,maize,maize,0.940000000000,0.980000000000,maize|coffee|blackgram,maize|coffee|cotton,False,0.920000000000,0.970000000000,0.040000000000,0
124,110,maize,ph,absolute,-0.100000000000,5.852607099000,5.752607099000,False,maize,maize,0.970000000000,0.970000000000,maize|cotton|mungbean,maize|cotton|mungbean,False,0.960000000000,0.960000000000,0.000000000000,0
128,1859,coconut,ph,absolute,-0.100000000000,6.165084855000,6.065084855000,False,coconut,coconut,1.000000000000,1.000000000000,coconut|apple|banana,coconut|apple|banana,False,1.000000000000,1.000000000000,0.000000000000,0
131,226,chickpea,ph,absolute,-0.100000000000,6.051091339000,5.951091339000,False,chickpea,chickpea,0.920000000000,0.830000000000,chickpea|kidneybeans|apple,chickpea|kidneybeans|apple,False,0.840000000000,0.660000000000,0.090000000000,0
136,1552,apple,ph,absolute,-0.100000000000,5.682751473000,5.582751473000,False,apple,apple,1.000000000000,1.000000000000,apple|banana|blackgram,apple|banana|blackgram,False,1.000000000000,1.000000000000,0.000000000000,0
148,461,pigeonpeas,ph,absolute,-0.100000000000,5.180271502000,5.080271502000,False,pigeonpeas,pigeonpeas,0.990000000000,0.990000000000,pigeonpeas|lentil|apple,pigeonpeas|lentil|apple,False,0.980000000000,0.980000000000,0.000000000000,0
156,474,pigeonpeas,ph,absolute,-0.100000000000,4.747352458000,4.647352458000,False,pigeonpeas,pigeonpeas,0.970000000000,0.970000000000,pigeonpeas|coffee|kidneybeans,pigeonpeas|coffee|kidneybeans,False,0.960000000000,0.960000000000,0.000000000000,0
157,1419,muskmelon,ph,absolute,-0.100000000000,6.606033244000,6.506033244000,False,muskmelon,muskmelon,1.000000000000,1.000000000000,muskmelon|apple|banana,muskmelon|apple|banana,False,1.000000000000,1.000000000000,0.000000000000,0
164,305,kidneybeans,ph,absolute,-0.100000000000,5.949949081000,5.849949081000,False,kidneybeans,kidneybeans,0.990000000000,0.990000000000,kidneybeans|pigeonpeas|apple,kidneybeans|pigeonpeas|apple,False,0.980000000000,0.980000000000,0.000000000000,0
189,361,kidneybeans,ph,absolute,-0.100000000000,5.618844277000,5.518844277000,False,kidneybeans,kidneybeans,1.000000000000,0.990000000000,kidneybeans|apple|banana,kidneybeans|pigeonpeas|apple,False,1.000000000000,0.980000000000,0.010000000000,0
0,1609,orange,ph,absolute,0.000000000000,7.365338111000,7.365338111000,False,orange,orange,0.970000000000,0.970000000000,orange|pomegranate|apple,orange|pomegranate|apple,False,0.940000000000,0.940000000000,0.000000000000,0
1,1072,banana,ph,absolute,0.000000000000,6.435917308000,6.435917308000,False,banana,banana,0.930000000000,0.930000000000,banana|papaya|cotton,banana|papaya|cotton,False,0.890000000000,0.890000000000,0.000000000000,0
2,1912,cotton,ph,absolute,0.000000000000,6.021439523000,6.021439523000,False,cotton,cotton,1.000000000000,1.000000000000,cotton|apple|banana,cotton|apple|banana,False,1.000000000000,1.000000000000,0.000000000000,0
3,100,maize,ph,absolute,0.000000000000,5.749914421000,5.749914421000,False,maize,maize,0.990000000000,0.990000000000,maize|mothbeans|apple,maize|mothbeans|apple,False,0.980000000000,0.980000000000,0.000000000000,0
4,1645,orange,ph,absolute,0.000000000000,6.488221135000,6.488221135000,False,orange,orange,0.990000000000,0.990000000000,orange|pomegranate|apple,orange|pomegranate|apple,False,0.980000000000,0.980000000000,0.000000000000,0
5,221,chickpea,ph,absolute,0.000000000000,7.701446446000,7.701446446000,False,chickpea,chickpea,1.000000000000,1.000000000000,chickpea|apple|banana,chickpea|apple|banana,False,1.000000000000,1.000000000000,0.000000000000,0
6,28,rice,ph,absolute,0.000000000000,6.244841491000,6.244841491000,False,rice,rice,0.990000000000,0.990000000000,rice|jute|apple,rice|jute|apple,False,0.980000000000,0.980000000000,0.000000000000,0
7,701,blackgram,ph,absolute,0.000000000000,7.040056094000,7.040056094000,False,blackgram,blackgram,0.970000000000,0.970000000000,blackgram|lentil|apple,blackgram|lentil|apple,False,0.940000000000,0.940000000000,0.000000000000,0
8,1097,banana,ph,absolute,0.000000000000,5.725418961000,5.725418961000,False,banana,banana,1.000000000000,1.000000000000,banana|apple|blackgram,banana|apple|blackgram,False,1.000000000000,1.000000000000,0.000000000000,0
9,1638,orange,ph,absolute,0.000000000000,7.817846496000,7.817846496000,False,orange,orange,1.000000000000,1.000000000000,orange|apple|banana,orange|apple|banana,False,1.000000000000,1.000000000000,0.000000000000,0
10,1391,watermelon,ph,absolute,0.000000000000,6.211748957000,6.211748957000,False,watermelon,watermelon,1.000000000000,1.000000000000,watermelon|apple|banana,watermelon|apple|banana,False,1.000000000000,1.000000000000,0.000000000000,0
11,901,pomegranate,ph,absolute,0.000000000000,5.937649578000,5.937649578000,False,pomegranate,pomegranate,1.000000000000,1.000000000000,pomegranate|apple|banana,pomegranate|apple|banana,False,1.000000000000,1.000000000000,0.000000000000,0
12,1386,watermelon,ph,absolute,0.000000000000,6.956508826000,6.956508826000,False,watermelon,watermelon,1.000000000000,1.000000000000,watermelon|apple|banana,watermelon|apple|banana,False,1.000000000000,1.000000000000,0.000000000000,0
13,171,maize,ph,absolute,0.000000000000,6.708446922000,6.708446922000,False,maize,maize,1.000000000000,1.000000000000,maize|apple|banana,maize|apple|banana,False,1.000000000000,1.000000000000,0.000000000000,0
14,544,mothbeans,ph,absolute,0.000000000000,5.993513566000,5.993513566000,False,mothbeans,mothbeans,0.810000000000,0.810000000000,mothbeans|blackgram|pigeonpeas,mothbeans|blackgram|pigeonpeas,False,0.740000000000,0.740000000000,0.000000000000,0
15,1264,grapes,ph,absolute,0.000000000000,5.699452820000,5.699452820000,False,grapes,grapes,1.000000000000,1.000000000000,grapes|apple|banana,grapes|apple|banana,False,1.000000000000,1.000000000000,0.000000000000,0
16,1220,grapes,ph,absolute,0.000000000000,5.775600435000,5.775600435000,False,grapes,grapes,1.000000000000,1.000000000000,grapes|apple|banana,grapes|apple|banana,False,1.000000000000,1.000000000000,0.000000000000,0
17,1154,mango,ph,absolute,0.000000000000,6.814630246000,6.814630246000,False,mango,mango,1.000000000000,1.000000000000,mango|apple|banana,mango|apple|banana,False,1.000000000000,1.000000000000,0.000000000000,0
18,1131,mango,ph,absolute,0.000000000000,6.832979509000,6.832979509000,False,mango,mango,0.980000000000,0.980000000000,mango|mothbeans|papaya,mango|mothbeans|papaya,False,0.970000000000,0.970000000000,0.000000000000,0
19,1514,apple,ph,absolute,0.000000000000,5.708418722000,5.708418722000,False,apple,apple,1.000000000000,1.000000000000,apple|banana|blackgram,apple|banana|blackgram,False,1.000000000000,1.000000000000,0.000000000000,0
20,795,blackgram,ph,absolute,0.000000000000,6.874142175000,6.874142175000,False,blackgram,blackgram,0.990000000000,0.990000000000,blackgram|lentil|apple,blackgram|lentil|apple,False,0.980000000000,0.980000000000,0.000000000000,0
21,1502,apple,ph,absolute,0.000000000000,6.226289556000,6.226289556000,False,apple,apple,1.000000000000,1.000000000000,apple|banana|blackgram,apple|banana|blackgram,False,1.000000000000,1.000000000000,0.000000000000,0
22,585,mothbeans,ph,absolute,0.000000000000,5.804286110000,5.804286110000,False,mothbeans,mothbeans,0.790000000000,0.790000000000,mothbeans|lentil|blackgram,mothbeans|lentil|blackgram,False,0.610000000000,0.610000000000,0.000000000000,0
23,387,kidneybeans,ph,absolute,0.000000000000,5.863903970000,5.863903970000,False,kidneybeans,kidneybeans,0.990000000000,0.990000000000,kidneybeans|pigeonpeas|apple,kidneybeans|pigeonpeas|apple,False,0.980000000000,0.980000000000,0.000000000000,0
24,1591,apple,ph,absolute,0.000000000000,5.560521058000,5.560521058000,False,apple,apple,0.980000000000,0.980000000000,apple|grapes|banana,apple|grapes|banana,False,0.960000000000,0.960000000000,0.000000000000,0
25,2003,jute,ph,absolute,0.000000000000,6.207459637000,6.207459637000,False,jute,jute,0.980000000000,0.980000000000,jute|rice|watermelon,jute|rice|watermelon,False,0.970000000000,0.970000000000,0.000000000000,0
26,505,mothbeans,ph,absolute,0.000000000000,5.270749441000,5.270749441000,False,mothbeans,mothbeans,0.890000000000,0.890000000000,mothbeans|blackgram|pigeonpeas,mothbeans|blackgram|pigeonpeas,False,0.840000000000,0.840000000000,0.000000000000,0
27,1342,watermelon,ph,absolute,0.000000000000,6.921847888000,6.921847888000,False,watermelon,watermelon,1.000000000000,1.000000000000,watermelon|apple|banana,watermelon|apple|banana,False,1.000000000000,1.000000000000,0.000000000000,0
28,0,rice,ph,absolute,0.000000000000,6.502985292000,6.502985292000,False,rice,rice,0.900000000000,0.900000000000,rice|jute|apple,rice|jute|apple,False,0.800000000000,0.800000000000,0.000000000000,0
29,2106,coffee,ph,absolute,0.000000000000,6.973839707000,6.973839707000,False,coffee,coffee,1.000000000000,1.000000000000,coffee|apple|banana,coffee|apple|banana,False,1.000000000000,1.000000000000,0.000000000000,0
30,1102,mango,ph,absolute,0.000000000000,5.699586972000,5.699586972000,False,mango,mango,0.920000000000,0.920000000000,mango|coconut|coffee,mango|coconut|coffee,False,0.900000000000,0.900000000000,0.000000000000,0
31,2086,jute,ph,absolute,0.000000000000,6.065898283000,6.065898283000,False,jute,jute,0.930000000000,0.930000000000,jute|rice|banana,jute|rice|banana,False,0.870000000000,0.870000000000,0.000000000000,0
32,1036,banana,ph,absolute,0.000000000000,6.176644228000,6.176644228000,False,banana,banana,1.000000000000,1.000000000000,banana|apple|blackgram,banana|apple|blackgram,False,1.000000000000,1.000000000000,0.000000000000,0
33,2167,coffee,ph,absolute,0.000000000000,6.993236001000,6.993236001000,False,coffee,coffee,1.000000000000,1.000000000000,coffee|apple|banana,coffee|apple|banana,False,1.000000000000,1.000000000000,0.000000000000,0
34,2050,jute,ph,absolute,0.000000000000,6.109478059000,6.109478059000,False,jute,jute,0.990000000000,0.990000000000,jute|rice|apple,jute|rice|apple,False,0.980000000000,0.980000000000,0.000000000000,0
35,737,blackgram,ph,absolute,0.000000000000,7.504608385000,7.504608385000,False,blackgram,blackgram,0.910000000000,0.910000000000,blackgram|maize|lentil,blackgram|maize|lentil,False,0.830000000000,0.830000000000,0.000000000000,0
36,1298,grapes,ph,absolute,0.000000000000,6.209928251000,6.209928251000,False,grapes,grapes,1.000000000000,1.000000000000,grapes|apple|banana,grapes|apple|banana,False,1.000000000000,1.000000000000,0.000000000000,0
37,1200,grapes,ph,absolute,0.000000000000,6.112305667000,6.112305667000,False,grapes,grapes,1.000000000000,1.000000000000,grapes|apple|banana,grapes|apple|banana,False,1.000000000000,1.000000000000,0.000000000000,0
38,731,blackgram,ph,absolute,0.000000000000,6.880245789000,6.880245789000,False,blackgram,blackgram,0.990000000000,0.990000000000,blackgram|mothbeans|apple,blackgram|mothbeans|apple,False,0.980000000000,0.980000000000,0.000000000000,0
39,2042,jute,ph,absolute,0.000000000000,7.207457208000,7.207457208000,False,jute,jute,0.930000000000,0.930000000000,jute|rice|papaya,jute|rice|papaya,False,0.890000000000,0.890000000000,0.000000000000,0
40,1829,coconut,ph,absolute,0.000000000000,6.027707171000,6.027707171000,False,coconut,coconut,1.000000000000,1.000000000000,coconut|apple|banana,coconut|apple|banana,False,1.000000000000,1.000000000000,0.000000000000,0
41,1716,papaya,ph,absolute,0.000000000000,6.544029776000,6.544029776000,False,papaya,papaya,0.990000000000,0.990000000000,papaya|grapes|apple,papaya|grapes|apple,False,0.980000000000,0.980000000000,0.000000000000,0
42,1156,mango,ph,absolute,0.000000000000,6.336234624000,6.336234624000,False,mango,mango,1.000000000000,1.000000000000,mango|apple|banana,mango|apple|banana,False,1.000000000000,1.000000000000,0.000000000000,0
43,185,maize,ph,absolute,0.000000000000,6.455116637000,6.455116637000,False,maize,maize,0.970000000000,0.970000000000,maize|mothbeans|coffee,maize|mothbeans|coffee,False,0.950000000000,0.950000000000,0.000000000000,0
44,861,lentil,ph,absolute,0.000000000000,6.677262562000,6.677262562000,False,lentil,lentil,0.980000000000,0.980000000000,lentil|blackgram|apple,lentil|blackgram|apple,False,0.960000000000,0.960000000000,0.000000000000,0
45,2022,jute,ph,absolute,0.000000000000,6.956682743000,6.956682743000,False,jute,jute,0.940000000000,0.940000000000,jute|rice|watermelon,jute|rice|watermelon,False,0.890000000000,0.890000000000,0.000000000000,0
46,1973,cotton,ph,absolute,0.000000000000,6.044556594000,6.044556594000,False,cotton,cotton,0.960000000000,0.960000000000,cotton|maize|banana,cotton|maize|banana,False,0.940000000000,0.940000000000,0.000000000000,0
47,850,lentil,ph,absolute,0.000000000000,6.461618577000,6.461618577000,False,lentil,lentil,0.900000000000,0.900000000000,lentil|mothbeans|blackgram,lentil|mothbeans|blackgram,False,0.840000000000,0.840000000000,0.000000000000,0
48,203,chickpea,ph,absolute,0.000000000000,6.391173589000,6.391173589000,False,chickpea,chickpea,1.000000000000,1.000000000000,chickpea|apple|banana,chickpea|apple|banana,False,1.000000000000,1.000000000000,0.000000000000,0
49,696,mungbean,ph,absolute,0.000000000000,6.921993878000,6.921993878000,False,mungbean,mungbean,1.000000000000,1.000000000000,mungbean|apple|banana,mungbean|apple|banana,False,1.000000000000,1.000000000000,0.000000000000,0
50,1737,papaya,ph,absolute,0.000000000000,6.511624841000,6.511624841000,False,papaya,papaya,0.930000000000,0.930000000000,papaya|rice|apple,papaya|rice|apple,False,0.860000000000,0.860000000000,0.000000000000,0
51,961,pomegranate,ph,absolute,0.000000000000,6.124761080000,6.124761080000,False,pomegranate,pomegranate,0.990000000000,0.990000000000,pomegranate|orange|apple,pomegranate|orange|apple,False,0.980000000000,0.980000000000,0.000000000000,0
52,405,pigeonpeas,ph,absolute,0.000000000000,6.446091759000,6.446091759000,False,pigeonpeas,pigeonpeas,0.920000000000,0.920000000000,pigeonpeas|mango|coconut,pigeonpeas|mango|coconut,False,0.850000000000,0.850000000000,0.000000000000,0
53,1392,watermelon,ph,absolute,0.000000000000,6.277245254000,6.277245254000,False,watermelon,watermelon,1.000000000000,1.000000000000,watermelon|apple|banana,watermelon|apple|banana,False,1.000000000000,1.000000000000,0.000000000000,0
54,1158,mango,ph,absolute,0.000000000000,6.831706773000,6.831706773000,False,mango,mango,0.980000000000,0.980000000000,mango|mothbeans|orange,mango|mothbeans|orange,False,0.970000000000,0.970000000000,0.000000000000,0
55,768,blackgram,ph,absolute,0.000000000000,7.251000789000,7.251000789000,False,blackgram,blackgram,0.680000000000,0.680000000000,blackgram|mothbeans|lentil,blackgram|mothbeans|lentil,False,0.440000000000,0.440000000000,0.000000000000,0
56,1763,papaya,ph,absolute,0.000000000000,6.583528529000,6.583528529000,False,papaya,papaya,0.990000000000,0.990000000000,papaya|banana|apple,papaya|banana|apple,False,0.980000000000,0.980000000000,0.000000000000,0
57,1798,papaya,ph,absolute,0.000000000000,6.551892638000,6.551892638000,False,papaya,papaya,1.000000000000,1.000000000000,papaya|apple|banana,papaya|apple|banana,False,1.000000000000,1.000000000000,0.000000000000,0
58,2173,coffee,ph,absolute,0.000000000000,6.505203696000,6.505203696000,False,coffee,coffee,0.980000000000,0.980000000000,coffee|coconut|apple,coffee|coconut|apple,False,0.960000000000,0.960000000000,0.000000000000,0
59,825,lentil,ph,absolute,0.000000000000,6.347379185000,6.347379185000,False,lentil,lentil,0.990000000000,0.990000000000,lentil|blackgram|apple,lentil|blackgram|apple,False,0.980000000000,0.980000000000,0.000000000000,0
60,813,lentil,ph,absolute,0.000000000000,7.815210661000,7.815210661000,False,lentil,lentil,0.820000000000,0.820000000000,lentil|mothbeans|blackgram,lentil|mothbeans|blackgram,False,0.710000000000,0.710000000000,0.000000000000,0
61,539,mothbeans,ph,absolute,0.000000000000,7.661537348000,7.661537348000,False,mothbeans,mothbeans,0.960000000000,0.960000000000,mothbeans|lentil|pigeonpeas,mothbeans|lentil|pigeonpeas,False,0.930000000000,0.930000000000,0.000000000000,0
62,2157,coffee,ph,absolute,0.000000000000,6.840927967000,6.840927967000,False,coffee,coffee,1.000000000000,1.000000000000,coffee|apple|banana,coffee|apple|banana,False,1.000000000000,1.000000000000,0.000000000000,0
63,1032,banana,ph,absolute,0.000000000000,6.098369122000,6.098369122000,False,banana,banana,0.970000000000,0.970000000000,banana|jute|apple,banana|jute|apple,False,0.940000000000,0.940000000000,0.000000000000,0
64,1707,papaya,ph,absolute,0.000000000000,6.833768535000,6.833768535000,False,papaya,papaya,0.930000000000,0.930000000000,papaya|pomegranate|pigeonpeas,papaya|pomegranate|pigeonpeas,False,0.900000000000,0.900000000000,0.000000000000,0
65,54,rice,ph,absolute,0.000000000000,5.543360238000,5.543360238000,False,rice,rice,0.980000000000,0.980000000000,rice|jute|apple,rice|jute|apple,False,0.960000000000,0.960000000000,0.000000000000,0
66,1630,orange,ph,absolute,0.000000000000,7.781988584000,7.781988584000,False,orange,orange,0.980000000000,0.980000000000,orange|mango|pomegranate,orange|mango|pomegranate,False,0.970000000000,0.970000000000,0.000000000000,0
67,1818,coconut,ph,absolute,0.000000000000,5.955742971000,5.955742971000,False,coconut,coconut,1.000000000000,1.000000000000,coconut|apple|banana,coconut|apple|banana,False,1.000000000000,1.000000000000,0.000000000000,0
69,920,pomegranate,ph,absolute,0.000000000000,6.553509673000,6.553509673000,False,pomegranate,pomegranate,0.970000000000,0.970000000000,pomegranate|orange|apple,pomegranate|orange|apple,False,0.940000000000,0.940000000000,0.000000000000,0
70,1033,banana,ph,absolute,0.000000000000,5.695267822000,5.695267822000,False,banana,banana,1.000000000000,1.000000000000,banana|apple|blackgram,banana|apple|blackgram,False,1.000000000000,1.000000000000,0.000000000000,0
71,1458,muskmelon,ph,absolute,0.000000000000,6.668382766000,6.668382766000,False,muskmelon,muskmelon,1.000000000000,1.000000000000,muskmelon|apple|banana,muskmelon|apple|banana,False,1.000000000000,1.000000000000,0.000000000000,0
72,1369,watermelon,ph,absolute,0.000000000000,6.286387658000,6.286387658000,False,watermelon,watermelon,1.000000000000,1.000000000000,watermelon|apple|banana,watermelon|apple|banana,False,1.000000000000,1.000000000000,0.000000000000,0
73,859,lentil,ph,absolute,0.000000000000,7.198076286000,7.198076286000,False,lentil,lentil,1.000000000000,1.000000000000,lentil|apple|banana,lentil|apple|banana,False,1.000000000000,1.000000000000,0.000000000000,0
75,1854,coconut,ph,absolute,0.000000000000,6.143662699000,6.143662699000,False,coconut,coconut,1.000000000000,1.000000000000,coconut|apple|banana,coconut|apple|banana,False,1.000000000000,1.000000000000,0.000000000000,0
76,575,mothbeans,ph,absolute,0.000000000000,4.397698806000,4.397698806000,False,mothbeans,mothbeans,0.900000000000,0.900000000000,mothbeans|lentil|mungbean,mothbeans|lentil|mungbean,False,0.820000000000,0.820000000000,0.000000000000,0
77,606,mungbean,ph,absolute,0.000000000000,6.935804256000,6.935804256000,False,mungbean,mungbean,0.980000000000,0.980000000000,mungbean|blackgram|apple,mungbean|blackgram|apple,False,0.960000000000,0.960000000000,0.000000000000,0
78,614,mungbean,ph,absolute,0.000000000000,6.637677489000,6.637677489000,False,mungbean,mungbean,0.970000000000,0.970000000000,mungbean|mothbeans|orange,mungbean|mothbeans|orange,False,0.950000000000,0.950000000000,0.000000000000,0
80,2182,coffee,ph,absolute,0.000000000000,7.131435858000,7.131435858000,False,coffee,coffee,0.990000000000,0.990000000000,coffee|coconut|apple,coffee|coconut|apple,False,0.980000000000,0.980000000000,0.000000000000,0
82,1473,muskmelon,ph,absolute,0.000000000000,6.085682344000,6.085682344000,False,muskmelon,muskmelon,1.000000000000,1.000000000000,muskmelon|apple|banana,muskmelon|apple|banana,False,1.000000000000,1.000000000000,0.000000000000,0
83,303,kidneybeans,ph,absolute,0.000000000000,5.926676985000,5.926676985000,False,kidneybeans,kidneybeans,0.950000000000,0.950000000000,kidneybeans|chickpea|pigeonpeas,kidneybeans|chickpea|pigeonpeas,False,0.910000000000,0.910000000000,0.000000000000,0
85,937,pomegranate,ph,absolute,0.000000000000,7.009180374000,7.009180374000,False,pomegranate,pomegranate,0.910000000000,0.910000000000,pomegranate|papaya|orange,pomegranate|papaya|orange,False,0.870000000000,0.870000000000,0.000000000000,0
86,1697,orange,ph,absolute,0.000000000000,7.199106204000,7.199106204000,False,orange,orange,0.980000000000,0.980000000000,orange|mango|pomegranate,orange|mango|pomegranate,False,0.970000000000,0.970000000000,0.000000000000,0
87,1987,cotton,ph,absolute,0.000000000000,7.839849298000,7.839849298000,False,cotton,cotton,1.000000000000,1.000000000000,cotton|apple|banana,cotton|apple|banana,False,1.000000000000,1.000000000000,0.000000000000,0
88,1851,coconut,ph,absolute,0.000000000000,6.206077742000,6.206077742000,False,coconut,coconut,0.990000000000,0.990000000000,coconut|coffee|apple,coconut|coffee|apple,False,0.980000000000,0.980000000000,0.000000000000,0
91,613,mungbean,ph,absolute,0.000000000000,6.664187809000,6.664187809000,False,mungbean,mungbean,1.000000000000,1.000000000000,mungbean|apple|banana,mungbean|apple|banana,False,1.000000000000,1.000000000000,0.000000000000,0
93,1960,cotton,ph,absolute,0.000000000000,7.425041316000,7.425041316000,False,cotton,cotton,1.000000000000,1.000000000000,cotton|apple|banana,cotton|apple|banana,False,1.000000000000,1.000000000000,0.000000000000,0
95,1225,grapes,ph,absolute,0.000000000000,5.932028520000,5.932028520000,False,grapes,grapes,1.000000000000,1.000000000000,grapes|apple|banana,grapes|apple|banana,False,1.000000000000,1.000000000000,0.000000000000,0
96,1988,cotton,ph,absolute,0.000000000000,6.614485880000,6.614485880000,False,cotton,cotton,1.000000000000,1.000000000000,cotton|apple|banana,cotton|apple|banana,False,1.000000000000,1.000000000000,0.000000000000,0
97,227,chickpea,ph,absolute,0.000000000000,7.690962338000,7.690962338000,False,chickpea,chickpea,0.940000000000,0.940000000000,chickpea|kidneybeans|coffee,chickpea|kidneybeans|coffee,False,0.910000000000,0.910000000000,0.000000000000,0
100,1499,muskmelon,ph,absolute,0.000000000000,6.585872508000,6.585872508000,False,muskmelon,muskmelon,1.000000000000,1.000000000000,muskmelon|apple|banana,muskmelon|apple|banana,False,1.000000000000,1.000000000000,0.000000000000,0
101,989,pomegranate,ph,absolute,0.000000000000,7.079973241000,7.079973241000,False,pomegranate,pomegranate,0.990000000000,0.990000000000,pomegranate|orange|apple,pomegranate|orange|apple,False,0.980000000000,0.980000000000,0.000000000000,0
103,497,pigeonpeas,ph,absolute,0.000000000000,6.876572503000,6.876572503000,False,pigeonpeas,pigeonpeas,0.980000000000,0.980000000000,pigeonpeas|blackgram|papaya,pigeonpeas|blackgram|papaya,False,0.970000000000,0.970000000000,0.000000000000,0
104,472,pigeonpeas,ph,absolute,0.000000000000,5.001038726000,5.001038726000,False,pigeonpeas,pigeonpeas,0.940000000000,0.940000000000,pigeonpeas|lentil|mothbeans,pigeonpeas|lentil|mothbeans,False,0.900000000000,0.900000000000,0.000000000000,0
106,323,kidneybeans,ph,absolute,0.000000000000,5.954665349000,5.954665349000,False,kidneybeans,kidneybeans,0.990000000000,0.990000000000,kidneybeans|chickpea|apple,kidneybeans|chickpea|apple,False,0.980000000000,0.980000000000,0.000000000000,0
108,44,rice,ph,absolute,0.000000000000,7.224285503000,7.224285503000,False,rice,rice,0.900000000000,0.900000000000,rice|jute|papaya,rice|jute|papaya,False,0.830000000000,0.830000000000,0.000000000000,0
109,84,rice,ph,absolute,0.000000000000,5.453592032000,5.453592032000,False,rice,rice,1.000000000000,1.000000000000,rice|apple|banana,rice|apple|banana,False,1.000000000000,1.000000000000,0.000000000000,0
110,1551,apple,ph,absolute,0.000000000000,5.669991050000,5.669991050000,False,apple,apple,1.000000000000,1.000000000000,apple|banana|blackgram,apple|banana|blackgram,False,1.000000000000,1.000000000000,0.000000000000,0
111,647,mungbean,ph,absolute,0.000000000000,6.981758362000,6.981758362000,False,mungbean,mungbean,1.000000000000,1.000000000000,mungbean|apple|banana,mungbean|apple|banana,False,1.000000000000,1.000000000000,0.000000000000,0
115,1456,muskmelon,ph,absolute,0.000000000000,6.010739645000,6.010739645000,False,muskmelon,muskmelon,1.000000000000,1.000000000000,muskmelon|apple|banana,muskmelon|apple|banana,False,1.000000000000,1.000000000000,0.000000000000,0
121,250,chickpea,ph,absolute,0.000000000000,7.806747656000,7.806747656000,False,chickpea,chickpea,1.000000000000,1.000000000000,chickpea|apple|banana,chickpea|apple|banana,False,1.000000000000,1.000000000000,0.000000000000,0
122,199,maize,ph,absolute,0.000000000000,6.877869005000,6.877869005000,False,maize,maize,0.940000000000,0.940000000000,maize|coffee|blackgram,maize|coffee|blackgram,False,0.920000000000,0.920000000000,0.000000000000,0
124,110,maize,ph,absolute,0.000000000000,5.852607099000,5.852607099000,False,maize,maize,0.970000000000,0.970000000000,maize|cotton|mungbean,maize|cotton|mungbean,False,0.960000000000,0.960000000000,0.000000000000,0
128,1859,coconut,ph,absolute,0.000000000000,6.165084855000,6.165084855000,False,coconut,coconut,1.000000000000,1.000000000000,coconut|apple|banana,coconut|apple|banana,False,1.000000000000,1.000000000000,0.000000000000,0
131,226,chickpea,ph,absolute,0.000000000000,6.051091339000,6.051091339000,False,chickpea,chickpea,0.920000000000,0.920000000000,chickpea|kidneybeans|apple,chickpea|kidneybeans|apple,False,0.840000000000,0.840000000000,0.000000000000,0
136,1552,apple,ph,absolute,0.000000000000,5.682751473000,5.682751473000,False,apple,apple,1.000000000000,1.000000000000,apple|banana|blackgram,apple|banana|blackgram,False,1.000000000000,1.000000000000,0.000000000000,0
148,461,pigeonpeas,ph,absolute,0.000000000000,5.180271502000,5.180271502000,False,pigeonpeas,pigeonpeas,0.990000000000,0.990000000000,pigeonpeas|lentil|apple,pigeonpeas|lentil|apple,False,0.980000000000,0.980000000000,0.000000000000,0
156,474,pigeonpeas,ph,absolute,0.000000000000,4.747352458000,4.747352458000,False,pigeonpeas,pigeonpeas,0.970000000000,0.970000000000,pigeonpeas|coffee|kidneybeans,pigeonpeas|coffee|kidneybeans,False,0.960000000000,0.960000000000,0.000000000000,0
157,1419,muskmelon,ph,absolute,0.000000000000,6.606033244000,6.606033244000,False,muskmelon,muskmelon,1.000000000000,1.000000000000,muskmelon|apple|banana,muskmelon|apple|banana,False,1.000000000000,1.000000000000,0.000000000000,0
164,305,kidneybeans,ph,absolute,0.000000000000,5.949949081000,5.949949081000,False,kidneybeans,kidneybeans,0.990000000000,0.990000000000,kidneybeans|pigeonpeas|apple,kidneybeans|pigeonpeas|apple,False,0.980000000000,0.980000000000,0.000000000000,0
189,361,kidneybeans,ph,absolute,0.000000000000,5.618844277000,5.618844277000,False,kidneybeans,kidneybeans,1.000000000000,1.000000000000,kidneybeans|apple|banana,kidneybeans|apple|banana,False,1.000000000000,1.000000000000,0.000000000000,0
0,1609,orange,ph,absolute,0.100000000000,7.365338111000,7.465338111000,False,orange,orange,0.970000000000,0.970000000000,orange|pomegranate|apple,orange|pomegranate|apple,False,0.940000000000,0.940000000000,0.000000000000,0
1,1072,banana,ph,absolute,0.100000000000,6.435917308000,6.535917308000,False,banana,banana,0.930000000000,0.870000000000,banana|papaya|cotton,banana|papaya|cotton,False,0.890000000000,0.790000000000,0.060000000000,0
2,1912,cotton,ph,absolute,0.100000000000,6.021439523000,6.121439523000,False,cotton,cotton,1.000000000000,1.000000000000,cotton|apple|banana,cotton|apple|banana,False,1.000000000000,1.000000000000,0.000000000000,0
3,100,maize,ph,absolute,0.100000000000,5.749914421000,5.849914421000,False,maize,maize,0.990000000000,0.990000000000,maize|mothbeans|apple,maize|mothbeans|apple,False,0.980000000000,0.980000000000,0.000000000000,0
4,1645,orange,ph,absolute,0.100000000000,6.488221135000,6.588221135000,False,orange,orange,0.990000000000,0.980000000000,orange|pomegranate|apple,orange|pomegranate|apple,False,0.980000000000,0.960000000000,0.010000000000,0
5,221,chickpea,ph,absolute,0.100000000000,7.701446446000,7.801446446000,False,chickpea,chickpea,1.000000000000,1.000000000000,chickpea|apple|banana,chickpea|apple|banana,False,1.000000000000,1.000000000000,0.000000000000,0
6,28,rice,ph,absolute,0.100000000000,6.244841491000,6.344841491000,False,rice,rice,0.990000000000,0.980000000000,rice|jute|apple,rice|jute|apple,False,0.980000000000,0.960000000000,0.010000000000,0
7,701,blackgram,ph,absolute,0.100000000000,7.040056094000,7.140056094000,False,blackgram,blackgram,0.970000000000,0.980000000000,blackgram|lentil|apple,blackgram|lentil|apple,False,0.940000000000,0.960000000000,0.010000000000,0
8,1097,banana,ph,absolute,0.100000000000,5.725418961000,5.825418961000,False,banana,banana,1.000000000000,1.000000000000,banana|apple|blackgram,banana|apple|blackgram,False,1.000000000000,1.000000000000,0.000000000000,0
9,1638,orange,ph,absolute,0.100000000000,7.817846496000,7.917846496000,False,orange,orange,1.000000000000,1.000000000000,orange|apple|banana,orange|apple|banana,False,1.000000000000,1.000000000000,0.000000000000,0
10,1391,watermelon,ph,absolute,0.100000000000,6.211748957000,6.311748957000,False,watermelon,watermelon,1.000000000000,1.000000000000,watermelon|apple|banana,watermelon|apple|banana,False,1.000000000000,1.000000000000,0.000000000000,0
11,901,pomegranate,ph,absolute,0.100000000000,5.937649578000,6.037649578000,False,pomegranate,pomegranate,1.000000000000,0.990000000000,pomegranate|apple|banana,pomegranate|orange|apple,False,1.000000000000,0.980000000000,0.010000000000,0
12,1386,watermelon,ph,absolute,0.100000000000,6.956508826000,7.056508826000,False,watermelon,watermelon,1.000000000000,0.980000000000,watermelon|apple|banana,watermelon|coffee|cotton,False,1.000000000000,0.970000000000,0.020000000000,0
13,171,maize,ph,absolute,0.100000000000,6.708446922000,6.808446922000,False,maize,maize,1.000000000000,1.000000000000,maize|apple|banana,maize|apple|banana,False,1.000000000000,1.000000000000,0.000000000000,0
14,544,mothbeans,ph,absolute,0.100000000000,5.993513566000,6.093513566000,False,mothbeans,mothbeans,0.810000000000,0.820000000000,mothbeans|blackgram|pigeonpeas,mothbeans|blackgram|pigeonpeas,False,0.740000000000,0.740000000000,0.010000000000,0
15,1264,grapes,ph,absolute,0.100000000000,5.699452820000,5.799452820000,False,grapes,grapes,1.000000000000,1.000000000000,grapes|apple|banana,grapes|apple|banana,False,1.000000000000,1.000000000000,0.000000000000,0
16,1220,grapes,ph,absolute,0.100000000000,5.775600435000,5.875600435000,False,grapes,grapes,1.000000000000,1.000000000000,grapes|apple|banana,grapes|apple|banana,False,1.000000000000,1.000000000000,0.000000000000,0
17,1154,mango,ph,absolute,0.100000000000,6.814630246000,6.914630246000,False,mango,mango,1.000000000000,0.980000000000,mango|apple|banana,mango|mothbeans|orange,False,1.000000000000,0.970000000000,0.020000000000,0
18,1131,mango,ph,absolute,0.100000000000,6.832979509000,6.932979509000,False,mango,mango,0.980000000000,0.970000000000,mango|mothbeans|papaya,mango|mothbeans|orange,False,0.970000000000,0.960000000000,0.010000000000,0
19,1514,apple,ph,absolute,0.100000000000,5.708418722000,5.808418722000,False,apple,apple,1.000000000000,1.000000000000,apple|banana|blackgram,apple|banana|blackgram,False,1.000000000000,1.000000000000,0.000000000000,0
20,795,blackgram,ph,absolute,0.100000000000,6.874142175000,6.974142175000,False,blackgram,blackgram,0.990000000000,0.980000000000,blackgram|lentil|apple,blackgram|lentil|pigeonpeas,False,0.980000000000,0.970000000000,0.010000000000,0
21,1502,apple,ph,absolute,0.100000000000,6.226289556000,6.326289556000,False,apple,apple,1.000000000000,1.000000000000,apple|banana|blackgram,apple|banana|blackgram,False,1.000000000000,1.000000000000,0.000000000000,0
22,585,mothbeans,ph,absolute,0.100000000000,5.804286110000,5.904286110000,False,mothbeans,mothbeans,0.790000000000,0.760000000000,mothbeans|lentil|blackgram,mothbeans|lentil|blackgram,False,0.610000000000,0.550000000000,0.030000000000,0
23,387,kidneybeans,ph,absolute,0.100000000000,5.863903970000,5.963903970000,False,kidneybeans,kidneybeans,0.990000000000,0.990000000000,kidneybeans|pigeonpeas|apple,kidneybeans|pigeonpeas|apple,False,0.980000000000,0.980000000000,0.000000000000,0
24,1591,apple,ph,absolute,0.100000000000,5.560521058000,5.660521058000,False,apple,apple,0.980000000000,0.990000000000,apple|grapes|banana,apple|grapes|banana,False,0.960000000000,0.980000000000,0.010000000000,0
25,2003,jute,ph,absolute,0.100000000000,6.207459637000,6.307459637000,False,jute,jute,0.980000000000,0.970000000000,jute|rice|watermelon,jute|rice|watermelon,False,0.970000000000,0.950000000000,0.010000000000,0
26,505,mothbeans,ph,absolute,0.100000000000,5.270749441000,5.370749441000,False,mothbeans,mothbeans,0.890000000000,0.890000000000,mothbeans|blackgram|pigeonpeas,mothbeans|blackgram|pigeonpeas,False,0.840000000000,0.840000000000,0.000000000000,0
27,1342,watermelon,ph,absolute,0.100000000000,6.921847888000,7.021847888000,False,watermelon,watermelon,1.000000000000,0.980000000000,watermelon|apple|banana,watermelon|coffee|cotton,False,1.000000000000,0.970000000000,0.020000000000,0
28,0,rice,ph,absolute,0.100000000000,6.502985292000,6.602985292000,False,rice,rice,0.900000000000,0.900000000000,rice|jute|apple,rice|jute|apple,False,0.800000000000,0.800000000000,0.000000000000,0
29,2106,coffee,ph,absolute,0.100000000000,6.973839707000,7.073839707000,False,coffee,coffee,1.000000000000,1.000000000000,coffee|apple|banana,coffee|apple|banana,False,1.000000000000,1.000000000000,0.000000000000,0
30,1102,mango,ph,absolute,0.100000000000,5.699586972000,5.799586972000,False,mango,mango,0.920000000000,0.920000000000,mango|coconut|coffee,mango|coconut|coffee,False,0.900000000000,0.900000000000,0.000000000000,0
31,2086,jute,ph,absolute,0.100000000000,6.065898283000,6.165898283000,False,jute,jute,0.930000000000,0.950000000000,jute|rice|banana,jute|rice|apple,False,0.870000000000,0.900000000000,0.020000000000,0
32,1036,banana,ph,absolute,0.100000000000,6.176644228000,6.276644228000,False,banana,banana,1.000000000000,1.000000000000,banana|apple|blackgram,banana|apple|blackgram,False,1.000000000000,1.000000000000,0.000000000000,0
33,2167,coffee,ph,absolute,0.100000000000,6.993236001000,7.093236001000,False,coffee,coffee,1.000000000000,1.000000000000,coffee|apple|banana,coffee|apple|banana,False,1.000000000000,1.000000000000,0.000000000000,0
34,2050,jute,ph,absolute,0.100000000000,6.109478059000,6.209478059000,False,jute,jute,0.990000000000,0.990000000000,jute|rice|apple,jute|rice|apple,False,0.980000000000,0.980000000000,0.000000000000,0
35,737,blackgram,ph,absolute,0.100000000000,7.504608385000,7.604608385000,False,blackgram,blackgram,0.910000000000,0.910000000000,blackgram|maize|lentil,blackgram|maize|lentil,False,0.830000000000,0.830000000000,0.000000000000,0
36,1298,grapes,ph,absolute,0.100000000000,6.209928251000,6.309928251000,False,grapes,grapes,1.000000000000,1.000000000000,grapes|apple|banana,grapes|apple|banana,False,1.000000000000,1.000000000000,0.000000000000,0
37,1200,grapes,ph,absolute,0.100000000000,6.112305667000,6.212305667000,False,grapes,grapes,1.000000000000,1.000000000000,grapes|apple|banana,grapes|apple|banana,False,1.000000000000,1.000000000000,0.000000000000,0
38,731,blackgram,ph,absolute,0.100000000000,6.880245789000,6.980245789000,False,blackgram,blackgram,0.990000000000,0.990000000000,blackgram|mothbeans|apple,blackgram|mothbeans|apple,False,0.980000000000,0.980000000000,0.000000000000,0
39,2042,jute,ph,absolute,0.100000000000,7.207457208000,7.307457208000,False,jute,jute,0.930000000000,0.930000000000,jute|rice|papaya,jute|rice|papaya,False,0.890000000000,0.890000000000,0.000000000000,0
40,1829,coconut,ph,absolute,0.100000000000,6.027707171000,6.127707171000,False,coconut,coconut,1.000000000000,1.000000000000,coconut|apple|banana,coconut|apple|banana,False,1.000000000000,1.000000000000,0.000000000000,0
41,1716,papaya,ph,absolute,0.100000000000,6.544029776000,6.644029776000,False,papaya,papaya,0.990000000000,1.000000000000,papaya|grapes|apple,papaya|apple|banana,False,0.980000000000,1.000000000000,0.010000000000,0
42,1156,mango,ph,absolute,0.100000000000,6.336234624000,6.436234624000,False,mango,mango,1.000000000000,1.000000000000,mango|apple|banana,mango|apple|banana,False,1.000000000000,1.000000000000,0.000000000000,0
43,185,maize,ph,absolute,0.100000000000,6.455116637000,6.555116637000,False,maize,maize,0.970000000000,0.970000000000,maize|mothbeans|coffee,maize|mothbeans|coffee,False,0.950000000000,0.950000000000,0.000000000000,0
44,861,lentil,ph,absolute,0.100000000000,6.677262562000,6.777262562000,False,lentil,lentil,0.980000000000,0.980000000000,lentil|blackgram|apple,lentil|blackgram|apple,False,0.960000000000,0.960000000000,0.000000000000,0
45,2022,jute,ph,absolute,0.100000000000,6.956682743000,7.056682743000,False,jute,jute,0.940000000000,0.940000000000,jute|rice|watermelon,jute|rice|watermelon,False,0.890000000000,0.890000000000,0.000000000000,0
46,1973,cotton,ph,absolute,0.100000000000,6.044556594000,6.144556594000,False,cotton,cotton,0.960000000000,0.960000000000,cotton|maize|banana,cotton|maize|banana,False,0.940000000000,0.940000000000,0.000000000000,0
47,850,lentil,ph,absolute,0.100000000000,6.461618577000,6.561618577000,False,lentil,lentil,0.900000000000,0.890000000000,lentil|mothbeans|blackgram,lentil|mothbeans|blackgram,False,0.840000000000,0.820000000000,0.010000000000,0
48,203,chickpea,ph,absolute,0.100000000000,6.391173589000,6.491173589000,False,chickpea,chickpea,1.000000000000,1.000000000000,chickpea|apple|banana,chickpea|apple|banana,False,1.000000000000,1.000000000000,0.000000000000,0
49,696,mungbean,ph,absolute,0.100000000000,6.921993878000,7.021993878000,False,mungbean,mungbean,1.000000000000,1.000000000000,mungbean|apple|banana,mungbean|apple|banana,False,1.000000000000,1.000000000000,0.000000000000,0
50,1737,papaya,ph,absolute,0.100000000000,6.511624841000,6.611624841000,False,papaya,papaya,0.930000000000,0.930000000000,papaya|rice|apple,papaya|rice|apple,False,0.860000000000,0.860000000000,0.000000000000,0
51,961,pomegranate,ph,absolute,0.100000000000,6.124761080000,6.224761080000,False,pomegranate,pomegranate,0.990000000000,0.990000000000,pomegranate|orange|apple,pomegranate|orange|apple,False,0.980000000000,0.980000000000,0.000000000000,0
52,405,pigeonpeas,ph,absolute,0.100000000000,6.446091759000,6.546091759000,False,pigeonpeas,pigeonpeas,0.920000000000,0.940000000000,pigeonpeas|mango|coconut,pigeonpeas|mango|coconut,False,0.850000000000,0.890000000000,0.020000000000,0
53,1392,watermelon,ph,absolute,0.100000000000,6.277245254000,6.377245254000,False,watermelon,watermelon,1.000000000000,1.000000000000,watermelon|apple|banana,watermelon|apple|banana,False,1.000000000000,1.000000000000,0.000000000000,0
54,1158,mango,ph,absolute,0.100000000000,6.831706773000,6.931706773000,False,mango,mango,0.980000000000,0.980000000000,mango|mothbeans|orange,mango|mothbeans|orange,False,0.970000000000,0.970000000000,0.000000000000,0
55,768,blackgram,ph,absolute,0.100000000000,7.251000789000,7.351000789000,False,blackgram,blackgram,0.680000000000,0.680000000000,blackgram|mothbeans|lentil,blackgram|mothbeans|lentil,False,0.440000000000,0.440000000000,0.000000000000,0
56,1763,papaya,ph,absolute,0.100000000000,6.583528529000,6.683528529000,False,papaya,papaya,0.990000000000,0.990000000000,papaya|banana|apple,papaya|banana|apple,False,0.980000000000,0.980000000000,0.000000000000,0
57,1798,papaya,ph,absolute,0.100000000000,6.551892638000,6.651892638000,False,papaya,papaya,1.000000000000,1.000000000000,papaya|apple|banana,papaya|apple|banana,False,1.000000000000,1.000000000000,0.000000000000,0
58,2173,coffee,ph,absolute,0.100000000000,6.505203696000,6.605203696000,False,coffee,coffee,0.980000000000,0.990000000000,coffee|coconut|apple,coffee|coconut|apple,False,0.960000000000,0.980000000000,0.010000000000,0
59,825,lentil,ph,absolute,0.100000000000,6.347379185000,6.447379185000,False,lentil,lentil,0.990000000000,0.990000000000,lentil|blackgram|apple,lentil|blackgram|apple,False,0.980000000000,0.980000000000,0.000000000000,0
60,813,lentil,ph,absolute,0.100000000000,7.815210661000,7.915210661000,False,lentil,lentil,0.820000000000,0.770000000000,lentil|mothbeans|blackgram,lentil|mothbeans|blackgram,False,0.710000000000,0.610000000000,0.050000000000,0
61,539,mothbeans,ph,absolute,0.100000000000,7.661537348000,7.761537348000,False,mothbeans,mothbeans,0.960000000000,0.970000000000,mothbeans|lentil|pigeonpeas,mothbeans|lentil|pigeonpeas,False,0.930000000000,0.950000000000,0.010000000000,0
62,2157,coffee,ph,absolute,0.100000000000,6.840927967000,6.940927967000,False,coffee,coffee,1.000000000000,1.000000000000,coffee|apple|banana,coffee|apple|banana,False,1.000000000000,1.000000000000,0.000000000000,0
63,1032,banana,ph,absolute,0.100000000000,6.098369122000,6.198369122000,False,banana,banana,0.970000000000,0.970000000000,banana|jute|apple,banana|jute|apple,False,0.940000000000,0.940000000000,0.000000000000,0
64,1707,papaya,ph,absolute,0.100000000000,6.833768535000,6.933768535000,False,papaya,papaya,0.930000000000,0.930000000000,papaya|pomegranate|pigeonpeas,papaya|pomegranate|pigeonpeas,False,0.900000000000,0.900000000000,0.000000000000,0
65,54,rice,ph,absolute,0.100000000000,5.543360238000,5.643360238000,False,rice,rice,0.980000000000,0.980000000000,rice|jute|apple,rice|jute|apple,False,0.960000000000,0.960000000000,0.000000000000,0
66,1630,orange,ph,absolute,0.100000000000,7.781988584000,7.881988584000,False,orange,orange,0.980000000000,0.980000000000,orange|mango|pomegranate,orange|mango|pomegranate,False,0.970000000000,0.970000000000,0.000000000000,0
67,1818,coconut,ph,absolute,0.100000000000,5.955742971000,6.055742971000,False,coconut,coconut,1.000000000000,0.990000000000,coconut|apple|banana,coconut|coffee|apple,False,1.000000000000,0.980000000000,0.010000000000,0
69,920,pomegranate,ph,absolute,0.100000000000,6.553509673000,6.653509673000,False,pomegranate,pomegranate,0.970000000000,0.960000000000,pomegranate|orange|apple,pomegranate|orange|apple,False,0.940000000000,0.920000000000,0.010000000000,0
70,1033,banana,ph,absolute,0.100000000000,5.695267822000,5.795267822000,False,banana,banana,1.000000000000,1.000000000000,banana|apple|blackgram,banana|apple|blackgram,False,1.000000000000,1.000000000000,0.000000000000,0
71,1458,muskmelon,ph,absolute,0.100000000000,6.668382766000,6.768382766000,False,muskmelon,muskmelon,1.000000000000,1.000000000000,muskmelon|apple|banana,muskmelon|apple|banana,False,1.000000000000,1.000000000000,0.000000000000,0
72,1369,watermelon,ph,absolute,0.100000000000,6.286387658000,6.386387658000,False,watermelon,watermelon,1.000000000000,1.000000000000,watermelon|apple|banana,watermelon|apple|banana,False,1.000000000000,1.000000000000,0.000000000000,0
73,859,lentil,ph,absolute,0.100000000000,7.198076286000,7.298076286000,False,lentil,lentil,1.000000000000,1.000000000000,lentil|apple|banana,lentil|apple|banana,False,1.000000000000,1.000000000000,0.000000000000,0
75,1854,coconut,ph,absolute,0.100000000000,6.143662699000,6.243662699000,False,coconut,coconut,1.000000000000,1.000000000000,coconut|apple|banana,coconut|apple|banana,False,1.000000000000,1.000000000000,0.000000000000,0
76,575,mothbeans,ph,absolute,0.100000000000,4.397698806000,4.497698806000,False,mothbeans,mothbeans,0.900000000000,0.890000000000,mothbeans|lentil|mungbean,mothbeans|lentil|pigeonpeas,False,0.820000000000,0.810000000000,0.010000000000,0
77,606,mungbean,ph,absolute,0.100000000000,6.935804256000,7.035804256000,False,mungbean,mungbean,0.980000000000,0.980000000000,mungbean|blackgram|apple,mungbean|blackgram|apple,False,0.960000000000,0.960000000000,0.000000000000,0
78,614,mungbean,ph,absolute,0.100000000000,6.637677489000,6.737677489000,False,mungbean,mungbean,0.970000000000,0.970000000000,mungbean|mothbeans|orange,mungbean|mothbeans|orange,False,0.950000000000,0.950000000000,0.000000000000,0
80,2182,coffee,ph,absolute,0.100000000000,7.131435858000,7.231435858000,False,coffee,coffee,0.990000000000,0.990000000000,coffee|coconut|apple,coffee|coconut|apple,False,0.980000000000,0.980000000000,0.000000000000,0
82,1473,muskmelon,ph,absolute,0.100000000000,6.085682344000,6.185682344000,False,muskmelon,muskmelon,1.000000000000,1.000000000000,muskmelon|apple|banana,muskmelon|apple|banana,False,1.000000000000,1.000000000000,0.000000000000,0
83,303,kidneybeans,ph,absolute,0.100000000000,5.926676985000,6.026676985000,False,kidneybeans,kidneybeans,0.950000000000,0.880000000000,kidneybeans|chickpea|pigeonpeas,kidneybeans|chickpea|pigeonpeas,False,0.910000000000,0.780000000000,0.070000000000,0
85,937,pomegranate,ph,absolute,0.100000000000,7.009180374000,7.109180374000,False,pomegranate,pomegranate,0.910000000000,0.890000000000,pomegranate|papaya|orange,pomegranate|orange|papaya,False,0.870000000000,0.840000000000,0.020000000000,0
86,1697,orange,ph,absolute,0.100000000000,7.199106204000,7.299106204000,False,orange,orange,0.980000000000,0.980000000000,orange|mango|pomegranate,orange|lentil|mango,False,0.970000000000,0.970000000000,0.000000000000,0
87,1987,cotton,ph,absolute,0.100000000000,7.839849298000,7.939849298000,False,cotton,cotton,1.000000000000,1.000000000000,cotton|apple|banana,cotton|apple|banana,False,1.000000000000,1.000000000000,0.000000000000,0
88,1851,coconut,ph,absolute,0.100000000000,6.206077742000,6.306077742000,False,coconut,coconut,0.990000000000,1.000000000000,coconut|coffee|apple,coconut|apple|banana,False,0.980000000000,1.000000000000,0.010000000000,0
91,613,mungbean,ph,absolute,0.100000000000,6.664187809000,6.764187809000,False,mungbean,mungbean,1.000000000000,1.000000000000,mungbean|apple|banana,mungbean|apple|banana,False,1.000000000000,1.000000000000,0.000000000000,0
93,1960,cotton,ph,absolute,0.100000000000,7.425041316000,7.525041316000,False,cotton,cotton,1.000000000000,1.000000000000,cotton|apple|banana,cotton|apple|banana,False,1.000000000000,1.000000000000,0.000000000000,0
95,1225,grapes,ph,absolute,0.100000000000,5.932028520000,6.032028520000,False,grapes,grapes,1.000000000000,0.990000000000,grapes|apple|banana,grapes|apple|banana,False,1.000000000000,0.980000000000,0.010000000000,0
96,1988,cotton,ph,absolute,0.100000000000,6.614485880000,6.714485880000,False,cotton,cotton,1.000000000000,1.000000000000,cotton|apple|banana,cotton|apple|banana,False,1.000000000000,1.000000000000,0.000000000000,0
97,227,chickpea,ph,absolute,0.100000000000,7.690962338000,7.790962338000,False,chickpea,chickpea,0.940000000000,0.940000000000,chickpea|kidneybeans|coffee,chickpea|kidneybeans|coffee,False,0.910000000000,0.910000000000,0.000000000000,0
100,1499,muskmelon,ph,absolute,0.100000000000,6.585872508000,6.685872508000,False,muskmelon,muskmelon,1.000000000000,1.000000000000,muskmelon|apple|banana,muskmelon|apple|banana,False,1.000000000000,1.000000000000,0.000000000000,0
101,989,pomegranate,ph,absolute,0.100000000000,7.079973241000,7.179973241000,False,pomegranate,pomegranate,0.990000000000,0.940000000000,pomegranate|orange|apple,pomegranate|orange|apple,False,0.980000000000,0.880000000000,0.050000000000,0
103,497,pigeonpeas,ph,absolute,0.100000000000,6.876572503000,6.976572503000,False,pigeonpeas,pigeonpeas,0.980000000000,0.980000000000,pigeonpeas|blackgram|papaya,pigeonpeas|blackgram|papaya,False,0.970000000000,0.970000000000,0.000000000000,0
104,472,pigeonpeas,ph,absolute,0.100000000000,5.001038726000,5.101038726000,False,pigeonpeas,pigeonpeas,0.940000000000,0.940000000000,pigeonpeas|lentil|mothbeans,pigeonpeas|lentil|mothbeans,False,0.900000000000,0.900000000000,0.000000000000,0
106,323,kidneybeans,ph,absolute,0.100000000000,5.954665349000,6.054665349000,False,kidneybeans,kidneybeans,0.990000000000,0.910000000000,kidneybeans|chickpea|apple,kidneybeans|chickpea|pigeonpeas,False,0.980000000000,0.840000000000,0.080000000000,0
108,44,rice,ph,absolute,0.100000000000,7.224285503000,7.324285503000,False,rice,rice,0.900000000000,0.900000000000,rice|jute|papaya,rice|jute|papaya,False,0.830000000000,0.830000000000,0.000000000000,0
109,84,rice,ph,absolute,0.100000000000,5.453592032000,5.553592032000,False,rice,rice,1.000000000000,1.000000000000,rice|apple|banana,rice|apple|banana,False,1.000000000000,1.000000000000,0.000000000000,0
110,1551,apple,ph,absolute,0.100000000000,5.669991050000,5.769991050000,False,apple,apple,1.000000000000,1.000000000000,apple|banana|blackgram,apple|banana|blackgram,False,1.000000000000,1.000000000000,0.000000000000,0
111,647,mungbean,ph,absolute,0.100000000000,6.981758362000,7.081758362000,False,mungbean,mungbean,1.000000000000,1.000000000000,mungbean|apple|banana,mungbean|apple|banana,False,1.000000000000,1.000000000000,0.000000000000,0
115,1456,muskmelon,ph,absolute,0.100000000000,6.010739645000,6.110739645000,False,muskmelon,muskmelon,1.000000000000,1.000000000000,muskmelon|apple|banana,muskmelon|apple|banana,False,1.000000000000,1.000000000000,0.000000000000,0
121,250,chickpea,ph,absolute,0.100000000000,7.806747656000,7.906747656000,False,chickpea,chickpea,1.000000000000,1.000000000000,chickpea|apple|banana,chickpea|apple|banana,False,1.000000000000,1.000000000000,0.000000000000,0
122,199,maize,ph,absolute,0.100000000000,6.877869005000,6.977869005000,False,maize,maize,0.940000000000,0.910000000000,maize|coffee|blackgram,maize|coffee|blackgram,False,0.920000000000,0.880000000000,0.030000000000,0
124,110,maize,ph,absolute,0.100000000000,5.852607099000,5.952607099000,False,maize,maize,0.970000000000,0.970000000000,maize|cotton|mungbean,maize|cotton|mungbean,False,0.960000000000,0.960000000000,0.000000000000,0
128,1859,coconut,ph,absolute,0.100000000000,6.165084855000,6.265084855000,False,coconut,coconut,1.000000000000,1.000000000000,coconut|apple|banana,coconut|apple|banana,False,1.000000000000,1.000000000000,0.000000000000,0
131,226,chickpea,ph,absolute,0.100000000000,6.051091339000,6.151091339000,False,chickpea,chickpea,0.920000000000,1.000000000000,chickpea|kidneybeans|apple,chickpea|apple|banana,False,0.840000000000,1.000000000000,0.080000000000,0
136,1552,apple,ph,absolute,0.100000000000,5.682751473000,5.782751473000,False,apple,apple,1.000000000000,1.000000000000,apple|banana|blackgram,apple|banana|blackgram,False,1.000000000000,1.000000000000,0.000000000000,0
148,461,pigeonpeas,ph,absolute,0.100000000000,5.180271502000,5.280271502000,False,pigeonpeas,pigeonpeas,0.990000000000,0.990000000000,pigeonpeas|lentil|apple,pigeonpeas|lentil|apple,False,0.980000000000,0.980000000000,0.000000000000,0
156,474,pigeonpeas,ph,absolute,0.100000000000,4.747352458000,4.847352458000,False,pigeonpeas,pigeonpeas,0.970000000000,0.970000000000,pigeonpeas|coffee|kidneybeans,pigeonpeas|coffee|kidneybeans,False,0.960000000000,0.960000000000,0.000000000000,0
157,1419,muskmelon,ph,absolute,0.100000000000,6.606033244000,6.706033244000,False,muskmelon,muskmelon,1.000000000000,1.000000000000,muskmelon|apple|banana,muskmelon|apple|banana,False,1.000000000000,1.000000000000,0.000000000000,0
164,305,kidneybeans,ph,absolute,0.100000000000,5.949949081000,6.049949081000,False,kidneybeans,kidneybeans,0.990000000000,0.910000000000,kidneybeans|pigeonpeas|apple,kidneybeans|chickpea|pigeonpeas,False,0.980000000000,0.850000000000,0.080000000000,0
189,361,kidneybeans,ph,absolute,0.100000000000,5.618844277000,5.718844277000,False,kidneybeans,kidneybeans,1.000000000000,1.000000000000,kidneybeans|apple|banana,kidneybeans|apple|banana,False,1.000000000000,1.000000000000,0.000000000000,0
0,1609,orange,ph,absolute,0.200000000000,7.365338111000,7.565338111000,False,orange,orange,0.970000000000,0.970000000000,orange|pomegranate|apple,orange|pomegranate|apple,False,0.940000000000,0.940000000000,0.000000000000,0
1,1072,banana,ph,absolute,0.200000000000,6.435917308000,6.635917308000,False,banana,banana,0.930000000000,0.850000000000,banana|papaya|cotton,banana|papaya|cotton,False,0.890000000000,0.760000000000,0.080000000000,0
2,1912,cotton,ph,absolute,0.200000000000,6.021439523000,6.221439523000,False,cotton,cotton,1.000000000000,1.000000000000,cotton|apple|banana,cotton|apple|banana,False,1.000000000000,1.000000000000,0.000000000000,0
3,100,maize,ph,absolute,0.200000000000,5.749914421000,5.949914421000,False,maize,maize,0.990000000000,0.990000000000,maize|mothbeans|apple,maize|mothbeans|apple,False,0.980000000000,0.980000000000,0.000000000000,0
4,1645,orange,ph,absolute,0.200000000000,6.488221135000,6.688221135000,False,orange,orange,0.990000000000,0.980000000000,orange|pomegranate|apple,orange|pomegranate|apple,False,0.980000000000,0.960000000000,0.010000000000,0
5,221,chickpea,ph,absolute,0.200000000000,7.701446446000,7.901446446000,False,chickpea,chickpea,1.000000000000,1.000000000000,chickpea|apple|banana,chickpea|apple|banana,False,1.000000000000,1.000000000000,0.000000000000,0
6,28,rice,ph,absolute,0.200000000000,6.244841491000,6.444841491000,False,rice,rice,0.990000000000,0.980000000000,rice|jute|apple,rice|jute|apple,False,0.980000000000,0.960000000000,0.010000000000,0
7,701,blackgram,ph,absolute,0.200000000000,7.040056094000,7.240056094000,False,blackgram,blackgram,0.970000000000,0.980000000000,blackgram|lentil|apple,blackgram|lentil|apple,False,0.940000000000,0.960000000000,0.010000000000,0
8,1097,banana,ph,absolute,0.200000000000,5.725418961000,5.925418961000,False,banana,banana,1.000000000000,1.000000000000,banana|apple|blackgram,banana|apple|blackgram,False,1.000000000000,1.000000000000,0.000000000000,0
9,1638,orange,ph,absolute,0.200000000000,7.817846496000,8.017846496000,False,orange,orange,1.000000000000,0.990000000000,orange|apple|banana,orange|mothbeans|apple,False,1.000000000000,0.980000000000,0.010000000000,0
10,1391,watermelon,ph,absolute,0.200000000000,6.211748957000,6.411748957000,False,watermelon,watermelon,1.000000000000,1.000000000000,watermelon|apple|banana,watermelon|apple|banana,False,1.000000000000,1.000000000000,0.000000000000,0
11,901,pomegranate,ph,absolute,0.200000000000,5.937649578000,6.137649578000,False,pomegranate,pomegranate,1.000000000000,1.000000000000,pomegranate|apple|banana,pomegranate|apple|banana,False,1.000000000000,1.000000000000,0.000000000000,0
12,1386,watermelon,ph,absolute,0.200000000000,6.956508826000,7.156508826000,False,watermelon,watermelon,1.000000000000,0.980000000000,watermelon|apple|banana,watermelon|coffee|cotton,False,1.000000000000,0.970000000000,0.020000000000,0
13,171,maize,ph,absolute,0.200000000000,6.708446922000,6.908446922000,False,maize,maize,1.000000000000,1.000000000000,maize|apple|banana,maize|apple|banana,False,1.000000000000,1.000000000000,0.000000000000,0
14,544,mothbeans,ph,absolute,0.200000000000,5.993513566000,6.193513566000,False,mothbeans,mothbeans,0.810000000000,0.810000000000,mothbeans|blackgram|pigeonpeas,mothbeans|blackgram|pigeonpeas,False,0.740000000000,0.720000000000,0.000000000000,0
15,1264,grapes,ph,absolute,0.200000000000,5.699452820000,5.899452820000,False,grapes,grapes,1.000000000000,1.000000000000,grapes|apple|banana,grapes|apple|banana,False,1.000000000000,1.000000000000,0.000000000000,0
16,1220,grapes,ph,absolute,0.200000000000,5.775600435000,5.975600435000,False,grapes,grapes,1.000000000000,1.000000000000,grapes|apple|banana,grapes|apple|banana,False,1.000000000000,1.000000000000,0.000000000000,0
17,1154,mango,ph,absolute,0.200000000000,6.814630246000,7.014630246000,False,mango,mango,1.000000000000,0.970000000000,mango|apple|banana,mango|orange|mothbeans,False,1.000000000000,0.950000000000,0.030000000000,0
18,1131,mango,ph,absolute,0.200000000000,6.832979509000,7.032979509000,False,mango,mango,0.980000000000,0.960000000000,mango|mothbeans|papaya,mango|mothbeans|orange,False,0.970000000000,0.950000000000,0.020000000000,0
19,1514,apple,ph,absolute,0.200000000000,5.708418722000,5.908418722000,False,apple,apple,1.000000000000,1.000000000000,apple|banana|blackgram,apple|banana|blackgram,False,1.000000000000,1.000000000000,0.000000000000,0
20,795,blackgram,ph,absolute,0.200000000000,6.874142175000,7.074142175000,False,blackgram,blackgram,0.990000000000,0.990000000000,blackgram|lentil|apple,blackgram|lentil|apple,False,0.980000000000,0.980000000000,0.000000000000,0
21,1502,apple,ph,absolute,0.200000000000,6.226289556000,6.426289556000,False,apple,apple,1.000000000000,0.980000000000,apple|banana|blackgram,apple|grapes|banana,False,1.000000000000,0.960000000000,0.020000000000,0
22,585,mothbeans,ph,absolute,0.200000000000,5.804286110000,6.004286110000,False,mothbeans,mothbeans,0.790000000000,0.720000000000,mothbeans|lentil|blackgram,mothbeans|lentil|blackgram,False,0.610000000000,0.470000000000,0.070000000000,0
23,387,kidneybeans,ph,absolute,0.200000000000,5.863903970000,6.063903970000,False,kidneybeans,kidneybeans,0.990000000000,0.880000000000,kidneybeans|pigeonpeas|apple,kidneybeans|chickpea|pigeonpeas,False,0.980000000000,0.790000000000,0.110000000000,0
24,1591,apple,ph,absolute,0.200000000000,5.560521058000,5.760521058000,False,apple,apple,0.980000000000,0.990000000000,apple|grapes|banana,apple|grapes|banana,False,0.960000000000,0.980000000000,0.010000000000,0
25,2003,jute,ph,absolute,0.200000000000,6.207459637000,6.407459637000,False,jute,jute,0.980000000000,0.990000000000,jute|rice|watermelon,jute|watermelon|apple,False,0.970000000000,0.980000000000,0.010000000000,0
26,505,mothbeans,ph,absolute,0.200000000000,5.270749441000,5.470749441000,False,mothbeans,mothbeans,0.890000000000,0.890000000000,mothbeans|blackgram|pigeonpeas,mothbeans|blackgram|pigeonpeas,False,0.840000000000,0.840000000000,0.000000000000,0
27,1342,watermelon,ph,absolute,0.200000000000,6.921847888000,7.121847888000,False,watermelon,watermelon,1.000000000000,0.980000000000,watermelon|apple|banana,watermelon|coffee|cotton,False,1.000000000000,0.970000000000,0.020000000000,0
28,0,rice,ph,absolute,0.200000000000,6.502985292000,6.702985292000,False,rice,rice,0.900000000000,0.900000000000,rice|jute|apple,rice|jute|apple,False,0.800000000000,0.800000000000,0.000000000000,0
29,2106,coffee,ph,absolute,0.200000000000,6.973839707000,7.173839707000,False,coffee,coffee,1.000000000000,1.000000000000,coffee|apple|banana,coffee|apple|banana,False,1.000000000000,1.000000000000,0.000000000000,0
30,1102,mango,ph,absolute,0.200000000000,5.699586972000,5.899586972000,False,mango,mango,0.920000000000,0.920000000000,mango|coconut|coffee,mango|coconut|coffee,False,0.900000000000,0.900000000000,0.000000000000,0
31,2086,jute,ph,absolute,0.200000000000,6.065898283000,6.265898283000,False,jute,jute,0.930000000000,0.940000000000,jute|rice|banana,jute|rice|apple,False,0.870000000000,0.880000000000,0.010000000000,0
32,1036,banana,ph,absolute,0.200000000000,6.176644228000,6.376644228000,False,banana,banana,1.000000000000,0.980000000000,banana|apple|blackgram,banana|jute|papaya,False,1.000000000000,0.970000000000,0.020000000000,0
33,2167,coffee,ph,absolute,0.200000000000,6.993236001000,7.193236001000,False,coffee,coffee,1.000000000000,1.000000000000,coffee|apple|banana,coffee|apple|banana,False,1.000000000000,1.000000000000,0.000000000000,0
34,2050,jute,ph,absolute,0.200000000000,6.109478059000,6.309478059000,False,jute,jute,0.990000000000,0.990000000000,jute|rice|apple,jute|rice|apple,False,0.980000000000,0.980000000000,0.000000000000,0
35,737,blackgram,ph,absolute,0.200000000000,7.504608385000,7.704608385000,False,blackgram,blackgram,0.910000000000,0.890000000000,blackgram|maize|lentil,blackgram|maize|mothbeans,False,0.830000000000,0.810000000000,0.020000000000,0
36,1298,grapes,ph,absolute,0.200000000000,6.209928251000,6.409928251000,False,grapes,grapes,1.000000000000,1.000000000000,grapes|apple|banana,grapes|apple|banana,False,1.000000000000,1.000000000000,0.000000000000,0
37,1200,grapes,ph,absolute,0.200000000000,6.112305667000,6.312305667000,False,grapes,grapes,1.000000000000,1.000000000000,grapes|apple|banana,grapes|apple|banana,False,1.000000000000,1.000000000000,0.000000000000,0
38,731,blackgram,ph,absolute,0.200000000000,6.880245789000,7.080245789000,False,blackgram,blackgram,0.990000000000,0.990000000000,blackgram|mothbeans|apple,blackgram|mothbeans|apple,False,0.980000000000,0.980000000000,0.000000000000,0
39,2042,jute,ph,absolute,0.200000000000,7.207457208000,7.407457208000,False,jute,jute,0.930000000000,0.910000000000,jute|rice|papaya,jute|rice|papaya,False,0.890000000000,0.850000000000,0.020000000000,0
40,1829,coconut,ph,absolute,0.200000000000,6.027707171000,6.227707171000,False,coconut,coconut,1.000000000000,1.000000000000,coconut|apple|banana,coconut|apple|banana,False,1.000000000000,1.000000000000,0.000000000000,0
41,1716,papaya,ph,absolute,0.200000000000,6.544029776000,6.744029776000,False,papaya,papaya,0.990000000000,1.000000000000,papaya|grapes|apple,papaya|apple|banana,False,0.980000000000,1.000000000000,0.010000000000,0
42,1156,mango,ph,absolute,0.200000000000,6.336234624000,6.536234624000,False,mango,mango,1.000000000000,0.990000000000,mango|apple|banana,mango|blackgram|apple,False,1.000000000000,0.980000000000,0.010000000000,0
43,185,maize,ph,absolute,0.200000000000,6.455116637000,6.655116637000,False,maize,maize,0.970000000000,0.970000000000,maize|mothbeans|coffee,maize|mothbeans|coffee,False,0.950000000000,0.950000000000,0.000000000000,0
44,861,lentil,ph,absolute,0.200000000000,6.677262562000,6.877262562000,False,lentil,lentil,0.980000000000,0.980000000000,lentil|blackgram|apple,lentil|blackgram|apple,False,0.960000000000,0.960000000000,0.000000000000,0
45,2022,jute,ph,absolute,0.200000000000,6.956682743000,7.156682743000,False,jute,jute,0.940000000000,0.950000000000,jute|rice|watermelon,jute|rice|watermelon,False,0.890000000000,0.910000000000,0.010000000000,0
46,1973,cotton,ph,absolute,0.200000000000,6.044556594000,6.244556594000,False,cotton,cotton,0.960000000000,0.960000000000,cotton|maize|banana,cotton|maize|banana,False,0.940000000000,0.940000000000,0.000000000000,0
47,850,lentil,ph,absolute,0.200000000000,6.461618577000,6.661618577000,False,lentil,lentil,0.900000000000,0.890000000000,lentil|mothbeans|blackgram,lentil|mothbeans|blackgram,False,0.840000000000,0.820000000000,0.010000000000,0
48,203,chickpea,ph,absolute,0.200000000000,6.391173589000,6.591173589000,False,chickpea,chickpea,1.000000000000,1.000000000000,chickpea|apple|banana,chickpea|apple|banana,False,1.000000000000,1.000000000000,0.000000000000,0
49,696,mungbean,ph,absolute,0.200000000000,6.921993878000,7.121993878000,False,mungbean,mungbean,1.000000000000,1.000000000000,mungbean|apple|banana,mungbean|apple|banana,False,1.000000000000,1.000000000000,0.000000000000,0
50,1737,papaya,ph,absolute,0.200000000000,6.511624841000,6.711624841000,False,papaya,papaya,0.930000000000,0.930000000000,papaya|rice|apple,papaya|rice|apple,False,0.860000000000,0.860000000000,0.000000000000,0
51,961,pomegranate,ph,absolute,0.200000000000,6.124761080000,6.324761080000,False,pomegranate,pomegranate,0.990000000000,0.990000000000,pomegranate|orange|apple,pomegranate|orange|apple,False,0.980000000000,0.980000000000,0.000000000000,0
52,405,pigeonpeas,ph,absolute,0.200000000000,6.446091759000,6.646091759000,False,pigeonpeas,pigeonpeas,0.920000000000,0.940000000000,pigeonpeas|mango|coconut,pigeonpeas|mango|coconut,False,0.850000000000,0.890000000000,0.020000000000,0
53,1392,watermelon,ph,absolute,0.200000000000,6.277245254000,6.477245254000,False,watermelon,watermelon,1.000000000000,1.000000000000,watermelon|apple|banana,watermelon|apple|banana,False,1.000000000000,1.000000000000,0.000000000000,0
54,1158,mango,ph,absolute,0.200000000000,6.831706773000,7.031706773000,False,mango,mango,0.980000000000,0.970000000000,mango|mothbeans|orange,mango|mothbeans|orange,False,0.970000000000,0.960000000000,0.010000000000,0
55,768,blackgram,ph,absolute,0.200000000000,7.251000789000,7.451000789000,False,blackgram,blackgram,0.680000000000,0.680000000000,blackgram|mothbeans|lentil,blackgram|mothbeans|lentil,False,0.440000000000,0.440000000000,0.000000000000,0
56,1763,papaya,ph,absolute,0.200000000000,6.583528529000,6.783528529000,False,papaya,papaya,0.990000000000,0.990000000000,papaya|banana|apple,papaya|banana|apple,False,0.980000000000,0.980000000000,0.000000000000,0
57,1798,papaya,ph,absolute,0.200000000000,6.551892638000,6.751892638000,False,papaya,papaya,1.000000000000,1.000000000000,papaya|apple|banana,papaya|apple|banana,False,1.000000000000,1.000000000000,0.000000000000,0
58,2173,coffee,ph,absolute,0.200000000000,6.505203696000,6.705203696000,False,coffee,coffee,0.980000000000,1.000000000000,coffee|coconut|apple,coffee|apple|banana,False,0.960000000000,1.000000000000,0.020000000000,0
59,825,lentil,ph,absolute,0.200000000000,6.347379185000,6.547379185000,False,lentil,lentil,0.990000000000,0.990000000000,lentil|blackgram|apple,lentil|blackgram|apple,False,0.980000000000,0.980000000000,0.000000000000,0
60,813,lentil,ph,absolute,0.200000000000,7.815210661000,8.015210661000,False,lentil,lentil,0.820000000000,0.750000000000,lentil|mothbeans|blackgram,lentil|mothbeans|blackgram,False,0.710000000000,0.570000000000,0.070000000000,0
61,539,mothbeans,ph,absolute,0.200000000000,7.661537348000,7.861537348000,False,mothbeans,mothbeans,0.960000000000,0.970000000000,mothbeans|lentil|pigeonpeas,mothbeans|lentil|pigeonpeas,False,0.930000000000,0.950000000000,0.010000000000,0
62,2157,coffee,ph,absolute,0.200000000000,6.840927967000,7.040927967000,False,coffee,coffee,1.000000000000,1.000000000000,coffee|apple|banana,coffee|apple|banana,False,1.000000000000,1.000000000000,0.000000000000,0
63,1032,banana,ph,absolute,0.200000000000,6.098369122000,6.298369122000,False,banana,banana,0.970000000000,0.970000000000,banana|jute|apple,banana|jute|apple,False,0.940000000000,0.940000000000,0.000000000000,0
64,1707,papaya,ph,absolute,0.200000000000,6.833768535000,7.033768535000,False,papaya,papaya,0.930000000000,0.920000000000,papaya|pomegranate|pigeonpeas,papaya|pigeonpeas|pomegranate,False,0.900000000000,0.890000000000,0.010000000000,0
65,54,rice,ph,absolute,0.200000000000,5.543360238000,5.743360238000,False,rice,rice,0.980000000000,0.980000000000,rice|jute|apple,rice|jute|apple,False,0.960000000000,0.960000000000,0.000000000000,0
66,1630,orange,ph,absolute,0.200000000000,7.781988584000,7.981988584000,False,orange,orange,0.980000000000,0.960000000000,orange|mango|pomegranate,orange|mothbeans|mango,False,0.970000000000,0.940000000000,0.020000000000,0
67,1818,coconut,ph,absolute,0.200000000000,5.955742971000,6.155742971000,False,coconut,coconut,1.000000000000,0.990000000000,coconut|apple|banana,coconut|coffee|apple,False,1.000000000000,0.980000000000,0.010000000000,0
69,920,pomegranate,ph,absolute,0.200000000000,6.553509673000,6.753509673000,False,pomegranate,pomegranate,0.970000000000,0.960000000000,pomegranate|orange|apple,pomegranate|orange|apple,False,0.940000000000,0.920000000000,0.010000000000,0
70,1033,banana,ph,absolute,0.200000000000,5.695267822000,5.895267822000,False,banana,banana,1.000000000000,1.000000000000,banana|apple|blackgram,banana|apple|blackgram,False,1.000000000000,1.000000000000,0.000000000000,0
71,1458,muskmelon,ph,absolute,0.200000000000,6.668382766000,6.868382766000,False,muskmelon,muskmelon,1.000000000000,0.980000000000,muskmelon|apple|banana,muskmelon|papaya|pomegranate,False,1.000000000000,0.970000000000,0.020000000000,0
72,1369,watermelon,ph,absolute,0.200000000000,6.286387658000,6.486387658000,False,watermelon,watermelon,1.000000000000,1.000000000000,watermelon|apple|banana,watermelon|apple|banana,False,1.000000000000,1.000000000000,0.000000000000,0
73,859,lentil,ph,absolute,0.200000000000,7.198076286000,7.398076286000,False,lentil,lentil,1.000000000000,1.000000000000,lentil|apple|banana,lentil|apple|banana,False,1.000000000000,1.000000000000,0.000000000000,0
75,1854,coconut,ph,absolute,0.200000000000,6.143662699000,6.343662699000,False,coconut,coconut,1.000000000000,1.000000000000,coconut|apple|banana,coconut|apple|banana,False,1.000000000000,1.000000000000,0.000000000000,0
76,575,mothbeans,ph,absolute,0.200000000000,4.397698806000,4.597698806000,False,mothbeans,mothbeans,0.900000000000,0.890000000000,mothbeans|lentil|mungbean,mothbeans|lentil|pigeonpeas,False,0.820000000000,0.810000000000,0.010000000000,0
77,606,mungbean,ph,absolute,0.200000000000,6.935804256000,7.135804256000,False,mungbean,mungbean,0.980000000000,0.980000000000,mungbean|blackgram|apple,mungbean|blackgram|apple,False,0.960000000000,0.960000000000,0.000000000000,0
78,614,mungbean,ph,absolute,0.200000000000,6.637677489000,6.837677489000,False,mungbean,mungbean,0.970000000000,0.970000000000,mungbean|mothbeans|orange,mungbean|mothbeans|orange,False,0.950000000000,0.950000000000,0.000000000000,0
80,2182,coffee,ph,absolute,0.200000000000,7.131435858000,7.331435858000,False,coffee,coffee,0.990000000000,0.990000000000,coffee|coconut|apple,coffee|coconut|apple,False,0.980000000000,0.980000000000,0.000000000000,0
82,1473,muskmelon,ph,absolute,0.200000000000,6.085682344000,6.285682344000,False,muskmelon,muskmelon,1.000000000000,1.000000000000,muskmelon|apple|banana,muskmelon|apple|banana,False,1.000000000000,1.000000000000,0.000000000000,0
83,303,kidneybeans,ph,absolute,0.200000000000,5.926676985000,6.126676985000,False,kidneybeans,kidneybeans,0.950000000000,0.790000000000,kidneybeans|chickpea|pigeonpeas,kidneybeans|chickpea|pigeonpeas,False,0.910000000000,0.650000000000,0.160000000000,0
85,937,pomegranate,ph,absolute,0.200000000000,7.009180374000,7.209180374000,False,pomegranate,pomegranate,0.910000000000,0.780000000000,pomegranate|papaya|orange,pomegranate|orange|papaya,False,0.870000000000,0.620000000000,0.130000000000,0
86,1697,orange,ph,absolute,0.200000000000,7.199106204000,7.399106204000,False,orange,orange,0.980000000000,0.980000000000,orange|mango|pomegranate,orange|lentil|mango,False,0.970000000000,0.970000000000,0.000000000000,0
87,1987,cotton,ph,absolute,0.200000000000,7.839849298000,8.039849298000,False,cotton,cotton,1.000000000000,0.990000000000,cotton|apple|banana,cotton|mothbeans|apple,False,1.000000000000,0.980000000000,0.010000000000,0
88,1851,coconut,ph,absolute,0.200000000000,6.206077742000,6.406077742000,False,coconut,coconut,0.990000000000,0.980000000000,coconut|coffee|apple,coconut|coffee|orange,False,0.980000000000,0.970000000000,0.010000000000,0
91,613,mungbean,ph,absolute,0.200000000000,6.664187809000,6.864187809000,False,mungbean,mungbean,1.000000000000,1.000000000000,mungbean|apple|banana,mungbean|apple|banana,False,1.000000000000,1.000000000000,0.000000000000,0
93,1960,cotton,ph,absolute,0.200000000000,7.425041316000,7.625041316000,False,cotton,cotton,1.000000000000,1.000000000000,cotton|apple|banana,cotton|apple|banana,False,1.000000000000,1.000000000000,0.000000000000,0
95,1225,grapes,ph,absolute,0.200000000000,5.932028520000,6.132028520000,False,grapes,grapes,1.000000000000,0.990000000000,grapes|apple|banana,grapes|apple|banana,False,1.000000000000,0.980000000000,0.010000000000,0
96,1988,cotton,ph,absolute,0.200000000000,6.614485880000,6.814485880000,False,cotton,cotton,1.000000000000,1.000000000000,cotton|apple|banana,cotton|apple|banana,False,1.000000000000,1.000000000000,0.000000000000,0
97,227,chickpea,ph,absolute,0.200000000000,7.690962338000,7.890962338000,False,chickpea,chickpea,0.940000000000,0.940000000000,chickpea|kidneybeans|coffee,chickpea|kidneybeans|coffee,False,0.910000000000,0.910000000000,0.000000000000,0
100,1499,muskmelon,ph,absolute,0.200000000000,6.585872508000,6.785872508000,False,muskmelon,muskmelon,1.000000000000,1.000000000000,muskmelon|apple|banana,muskmelon|apple|banana,False,1.000000000000,1.000000000000,0.000000000000,0
101,989,pomegranate,ph,absolute,0.200000000000,7.079973241000,7.279973241000,False,pomegranate,pomegranate,0.990000000000,0.860000000000,pomegranate|orange|apple,pomegranate|orange|apple,False,0.980000000000,0.720000000000,0.130000000000,0
103,497,pigeonpeas,ph,absolute,0.200000000000,6.876572503000,7.076572503000,False,pigeonpeas,pigeonpeas,0.980000000000,0.990000000000,pigeonpeas|blackgram|papaya,pigeonpeas|blackgram|apple,False,0.970000000000,0.980000000000,0.010000000000,0
104,472,pigeonpeas,ph,absolute,0.200000000000,5.001038726000,5.201038726000,False,pigeonpeas,pigeonpeas,0.940000000000,0.950000000000,pigeonpeas|lentil|mothbeans,pigeonpeas|lentil|mothbeans,False,0.900000000000,0.910000000000,0.010000000000,0
106,323,kidneybeans,ph,absolute,0.200000000000,5.954665349000,6.154665349000,False,kidneybeans,kidneybeans,0.990000000000,0.820000000000,kidneybeans|chickpea|apple,kidneybeans|chickpea|pigeonpeas,False,0.980000000000,0.690000000000,0.170000000000,0
108,44,rice,ph,absolute,0.200000000000,7.224285503000,7.424285503000,False,rice,rice,0.900000000000,0.910000000000,rice|jute|papaya,rice|jute|papaya,False,0.830000000000,0.850000000000,0.010000000000,0
109,84,rice,ph,absolute,0.200000000000,5.453592032000,5.653592032000,False,rice,rice,1.000000000000,1.000000000000,rice|apple|banana,rice|apple|banana,False,1.000000000000,1.000000000000,0.000000000000,0
110,1551,apple,ph,absolute,0.200000000000,5.669991050000,5.869991050000,False,apple,apple,1.000000000000,1.000000000000,apple|banana|blackgram,apple|banana|blackgram,False,1.000000000000,1.000000000000,0.000000000000,0
111,647,mungbean,ph,absolute,0.200000000000,6.981758362000,7.181758362000,False,mungbean,mungbean,1.000000000000,1.000000000000,mungbean|apple|banana,mungbean|apple|banana,False,1.000000000000,1.000000000000,0.000000000000,0
115,1456,muskmelon,ph,absolute,0.200000000000,6.010739645000,6.210739645000,False,muskmelon,muskmelon,1.000000000000,1.000000000000,muskmelon|apple|banana,muskmelon|apple|banana,False,1.000000000000,1.000000000000,0.000000000000,0
121,250,chickpea,ph,absolute,0.200000000000,7.806747656000,8.006747656000,False,chickpea,chickpea,1.000000000000,1.000000000000,chickpea|apple|banana,chickpea|apple|banana,False,1.000000000000,1.000000000000,0.000000000000,0
122,199,maize,ph,absolute,0.200000000000,6.877869005000,7.077869005000,False,maize,maize,0.940000000000,0.860000000000,maize|coffee|blackgram,maize|cotton|coffee,False,0.920000000000,0.790000000000,0.080000000000,0
124,110,maize,ph,absolute,0.200000000000,5.852607099000,6.052607099000,False,maize,maize,0.970000000000,0.950000000000,maize|cotton|mungbean,maize|cotton|jute,False,0.960000000000,0.930000000000,0.020000000000,0
128,1859,coconut,ph,absolute,0.200000000000,6.165084855000,6.365084855000,False,coconut,coconut,1.000000000000,0.990000000000,coconut|apple|banana,coconut|papaya|apple,False,1.000000000000,0.980000000000,0.010000000000,0
131,226,chickpea,ph,absolute,0.200000000000,6.051091339000,6.251091339000,False,chickpea,chickpea,0.920000000000,1.000000000000,chickpea|kidneybeans|apple,chickpea|apple|banana,False,0.840000000000,1.000000000000,0.080000000000,0
136,1552,apple,ph,absolute,0.200000000000,5.682751473000,5.882751473000,False,apple,apple,1.000000000000,1.000000000000,apple|banana|blackgram,apple|banana|blackgram,False,1.000000000000,1.000000000000,0.000000000000,0
148,461,pigeonpeas,ph,absolute,0.200000000000,5.180271502000,5.380271502000,False,pigeonpeas,pigeonpeas,0.990000000000,0.990000000000,pigeonpeas|lentil|apple,pigeonpeas|lentil|apple,False,0.980000000000,0.980000000000,0.000000000000,0
156,474,pigeonpeas,ph,absolute,0.200000000000,4.747352458000,4.947352458000,False,pigeonpeas,pigeonpeas,0.970000000000,0.970000000000,pigeonpeas|coffee|kidneybeans,pigeonpeas|coffee|kidneybeans,False,0.960000000000,0.960000000000,0.000000000000,0
157,1419,muskmelon,ph,absolute,0.200000000000,6.606033244000,6.806033244000,False,muskmelon,muskmelon,1.000000000000,1.000000000000,muskmelon|apple|banana,muskmelon|apple|banana,False,1.000000000000,1.000000000000,0.000000000000,0
164,305,kidneybeans,ph,absolute,0.200000000000,5.949949081000,6.149949081000,False,kidneybeans,kidneybeans,0.990000000000,0.790000000000,kidneybeans|pigeonpeas|apple,kidneybeans|chickpea|pigeonpeas,False,0.980000000000,0.650000000000,0.200000000000,0
189,361,kidneybeans,ph,absolute,0.200000000000,5.618844277000,5.818844277000,False,kidneybeans,kidneybeans,1.000000000000,1.000000000000,kidneybeans|apple|banana,kidneybeans|apple|banana,False,1.000000000000,1.000000000000,0.000000000000,0
0,1609,orange,rainfall,relative,-0.100000000000,102.695870300000,92.426283270000,False,orange,orange,0.970000000000,0.900000000000,orange|pomegranate|apple,orange|mango|cotton,False,0.940000000000,0.870000000000,0.070000000000,0
1,1072,banana,rainfall,relative,-0.100000000000,91.064933530000,81.958440177000,False,banana,banana,0.930000000000,0.880000000000,banana|papaya|cotton,banana|papaya|cotton,False,0.890000000000,0.810000000000,0.050000000000,0
2,1912,cotton,rainfall,relative,-0.100000000000,69.915634670000,62.924071203000,False,cotton,cotton,1.000000000000,1.000000000000,cotton|apple|banana,cotton|apple|banana,False,1.000000000000,1.000000000000,0.000000000000,0
3,100,maize,rainfall,relative,-0.100000000000,87.759538570000,78.983584713000,False,maize,maize,0.990000000000,0.990000000000,maize|mothbeans|apple,maize|mothbeans|apple,False,0.980000000000,0.980000000000,0.000000000000,0
4,1645,orange,rainfall,relative,-0.100000000000,115.978798900000,104.380919010000,False,orange,orange,0.990000000000,0.950000000000,orange|pomegranate|apple,orange|pomegranate|apple,False,0.980000000000,0.900000000000,0.040000000000,0
5,221,chickpea,rainfall,relative,-0.100000000000,85.749048980000,77.174144082000,False,chickpea,chickpea,1.000000000000,1.000000000000,chickpea|apple|banana,chickpea|apple|banana,False,1.000000000000,1.000000000000,0.000000000000,0
6,28,rice,rainfall,relative,-0.100000000000,240.081064700000,216.072958230000,False,rice,rice,0.990000000000,0.980000000000,rice|jute|apple,rice|jute|papaya,False,0.980000000000,0.970000000000,0.010000000000,0
7,701,blackgram,rainfall,relative,-0.100000000000,67.150963760000,60.435867384000,False,blackgram,blackgram,0.970000000000,0.920000000000,blackgram|lentil|apple,blackgram|lentil|mothbeans,False,0.940000000000,0.850000000000,0.050000000000,0
8,1097,banana,rainfall,relative,-0.100000000000,94.379874960000,84.941887464000,False,banana,banana,1.000000000000,0.970000000000,banana|apple|blackgram,banana|cotton|papaya,False,1.000000000000,0.950000000000,0.030000000000,0
9,1638,orange,rainfall,relative,-0.100000000000,112.983436100000,101.685092490000,False,orange,orange,1.000000000000,0.990000000000,orange|apple|banana,orange|pomegranate|apple,False,1.000000000000,0.980000000000,0.010000000000,0
10,1391,watermelon,rainfall,relative,-0.100000000000,42.006602510000,37.805942259000,False,watermelon,watermelon,1.000000000000,1.000000000000,watermelon|apple|banana,watermelon|apple|banana,False,1.000000000000,1.000000000000,0.000000000000,0
11,901,pomegranate,rainfall,relative,-0.100000000000,108.045892600000,97.241303340000,False,pomegranate,pomegranate,1.000000000000,0.840000000000,pomegranate|apple|banana,pomegranate|mango|orange,False,1.000000000000,0.770000000000,0.160000000000,0
12,1386,watermelon,rainfall,relative,-0.100000000000,54.387484950000,48.948736455000,False,watermelon,watermelon,1.000000000000,1.000000000000,watermelon|apple|banana,watermelon|apple|banana,False,1.000000000000,1.000000000000,0.000000000000,0
13,171,maize,rainfall,relative,-0.100000000000,95.713884730000,86.142496257000,False,maize,maize,1.000000000000,1.000000000000,maize|apple|banana,maize|apple|banana,False,1.000000000000,1.000000000000,0.000000000000,0
14,544,mothbeans,rainfall,relative,-0.100000000000,64.161676990000,57.745509291000,False,mothbeans,mothbeans,0.810000000000,0.900000000000,mothbeans|blackgram|pigeonpeas,mothbeans|lentil|pigeonpeas,False,0.740000000000,0.860000000000,0.090000000000,0
15,1264,grapes,rainfall,relative,-0.100000000000,65.800060040000,59.220054036000,False,grapes,grapes,1.000000000000,0.840000000000,grapes|apple|banana,grapes|mungbean|papaya,False,1.000000000000,0.780000000000,0.160000000000,0
16,1220,grapes,rainfall,relative,-0.100000000000,72.242308040000,65.018077236000,False,grapes,grapes,1.000000000000,1.000000000000,grapes|apple|banana,grapes|apple|banana,False,1.000000000000,1.000000000000,0.000000000000,0
17,1154,mango,rainfall,relative,-0.100000000000,95.234442870000,85.710998583000,False,mango,mango,1.000000000000,0.950000000000,mango|apple|banana,mango|mothbeans|blackgram,False,1.000000000000,0.920000000000,0.050000000000,0
18,1131,mango,rainfall,relative,-0.100000000000,92.997394150000,83.697654735000,False,mango,mango,0.980000000000,0.930000000000,mango|mothbeans|papaya,mango|mothbeans|blackgram,False,0.970000000000,0.890000000000,0.050000000000,0
19,1514,apple,rainfall,relative,-0.100000000000,104.229802800000,93.806822520000,False,apple,apple,1.000000000000,0.960000000000,apple|banana|blackgram,apple|grapes|pigeonpeas,False,1.000000000000,0.930000000000,0.040000000000,0
20,795,blackgram,rainfall,relative,-0.100000000000,64.895174880000,58.405657392000,False,blackgram,blackgram,0.990000000000,0.510000000000,blackgram|lentil|apple,blackgram|lentil|mothbeans,False,0.980000000000,0.150000000000,0.480000000000,0
21,1502,apple,rainfall,relative,-0.100000000000,116.039658700000,104.435692830000,False,apple,apple,1.000000000000,1.000000000000,apple|banana|blackgram,apple|banana|blackgram,False,1.000000000000,1.000000000000,0.000000000000,0
22,585,mothbeans,rainfall,relative,-0.100000000000,50.197826900000,45.178044210000,False,mothbeans,mothbeans,0.790000000000,0.810000000000,mothbeans|lentil|blackgram,mothbeans|lentil|blackgram,False,0.610000000000,0.650000000000,0.020000000000,0
23,387,kidneybeans,rainfall,relative,-0.100000000000,115.199245000000,103.679320500000,False,kidneybeans,kidneybeans,0.990000000000,0.990000000000,kidneybeans|pigeonpeas|apple,kidneybeans|pigeonpeas|apple,False,0.980000000000,0.980000000000,0.000000000000,0
24,1591,apple,rainfall,relative,-0.100000000000,116.743131900000,105.068818710000,False,apple,apple,0.980000000000,0.980000000000,apple|grapes|banana,apple|grapes|banana,False,0.960000000000,0.960000000000,0.000000000000,0
25,2003,jute,rainfall,relative,-0.100000000000,175.608669700000,158.047802730000,False,jute,jute,0.980000000000,0.980000000000,jute|rice|watermelon,jute|rice|watermelon,False,0.970000000000,0.970000000000,0.000000000000,0
26,505,mothbeans,rainfall,relative,-0.100000000000,71.626669600000,64.464002640000,False,mothbeans,mothbeans,0.890000000000,0.890000000000,mothbeans|blackgram|pigeonpeas,mothbeans|blackgram|pigeonpeas,False,0.840000000000,0.850000000000,0.000000000000,0
27,1342,watermelon,rainfall,relative,-0.100000000000,42.106815160000,37.896133644000,False,watermelon,watermelon,1.000000000000,1.000000000000,watermelon|apple|banana,watermelon|apple|banana,False,1.000000000000,1.000000000000,0.000000000000,0
28,0,rice,rainfall,relative,-0.100000000000,202.935536200000,182.641982580000,False,rice,rice,0.900000000000,0.790000000000,rice|jute|apple,rice|jute|apple,False,0.800000000000,0.580000000000,0.110000000000,0
29,2106,coffee,rainfall,relative,-0.100000000000,164.497187500000,148.047468750000,False,coffee,coffee,1.000000000000,1.000000000000,coffee|apple|banana,coffee|apple|banana,False,1.000000000000,1.000000000000,0.000000000000,0
30,1102,mango,rainfall,relative,-0.100000000000,95.851183260000,86.266064934000,False,mango,mango,0.920000000000,0.880000000000,mango|coconut|coffee,mango|mothbeans|coconut,False,0.900000000000,0.840000000000,0.040000000000,0
31,2086,jute,rainfall,relative,-0.100000000000,152.980169700000,137.682152730000,False,jute,jute,0.930000000000,0.830000000000,jute|rice|banana,jute|rice|banana,False,0.870000000000,0.770000000000,0.100000000000,0
32,1036,banana,rainfall,relative,-0.100000000000,112.979480400000,101.681532360000,False,banana,banana,1.000000000000,1.000000000000,banana|apple|blackgram,banana|apple|blackgram,False,1.000000000000,1.000000000000,0.000000000000,0
33,2167,coffee,rainfall,relative,-0.100000000000,175.372331400000,157.835098260000,False,coffee,coffee,1.000000000000,1.000000000000,coffee|apple|banana,coffee|apple|banana,False,1.000000000000,1.000000000000,0.000000000000,0
34,2050,jute,rainfall,relative,-0.100000000000,168.043228200000,151.238905380000,False,jute,jute,0.990000000000,0.990000000000,jute|rice|apple,jute|rice|apple,False,0.980000000000,0.980000000000,0.000000000000,0
35,737,blackgram,rainfall,relative,-0.100000000000,73.586639680000,66.227975712000,False,blackgram,blackgram,0.910000000000,0.910000000000,blackgram|maize|lentil,blackgram|maize|lentil,False,0.830000000000,0.850000000000,0.000000000000,0
36,1298,grapes,rainfall,relative,-0.100000000000,66.596448800000,59.936803920000,False,grapes,grapes,1.000000000000,0.840000000000,grapes|apple|banana,grapes|mungbean|papaya,False,1.000000000000,0.780000000000,0.160000000000,0
37,1200,grapes,rainfall,relative,-0.100000000000,67.125344920000,60.412810428000,False,grapes,grapes,1.000000000000,0.940000000000,grapes|apple|banana,grapes|mungbean|papaya,False,1.000000000000,0.890000000000,0.060000000000,0
38,731,blackgram,rainfall,relative,-0.100000000000,69.244640960000,62.320176864000,False,blackgram,blackgram,0.990000000000,0.990000000000,blackgram|mothbeans|apple,blackgram|mothbeans|apple,False,0.980000000000,0.980000000000,0.000000000000,0
39,2042,jute,rainfall,relative,-0.100000000000,196.469984000000,176.822985600000,False,jute,jute,0.930000000000,0.950000000000,jute|rice|papaya,jute|papaya|rice,False,0.890000000000,0.930000000000,0.020000000000,0
40,1829,coconut,rainfall,relative,-0.100000000000,149.243349700000,134.319014730000,False,coconut,coconut,1.000000000000,0.990000000000,coconut|apple|banana,coconut|orange|apple,False,1.000000000000,0.980000000000,0.010000000000,0
41,1716,papaya,rainfall,relative,-0.100000000000,77.715668830000,69.944101947000,False,papaya,papaya,0.990000000000,0.980000000000,papaya|grapes|apple,papaya|blackgram|grapes,False,0.980000000000,0.970000000000,0.010000000000,0
42,1156,mango,rainfall,relative,-0.100000000000,96.598164970000,86.938348473000,False,mango,mango,1.000000000000,0.960000000000,mango|apple|banana,mango|mothbeans|maize,False,1.000000000000,0.930000000000,0.040000000000,0
43,185,maize,rainfall,relative,-0.100000000000,62.491908120000,56.242717308000,False,maize,maize,0.970000000000,0.570000000000,maize|mothbeans|coffee,maize|mothbeans|watermelon,False,0.950000000000,0.340000000000,0.400000000000,0
44,861,lentil,rainfall,relative,-0.100000000000,42.895090570000,38.605581513000,False,lentil,lentil,0.980000000000,0.970000000000,lentil|blackgram|apple,lentil|blackgram|mothbeans,False,0.960000000000,0.950000000000,0.010000000000,0
45,2022,jute,rainfall,relative,-0.100000000000,173.101709700000,155.791538730000,False,jute,jute,0.940000000000,0.940000000000,jute|rice|watermelon,jute|rice|watermelon,False,0.890000000000,0.890000000000,0.000000000000,0
46,1973,cotton,rainfall,relative,-0.100000000000,99.753361970000,89.778025773000,False,cotton,cotton,0.960000000000,0.990000000000,cotton|maize|banana,cotton|maize|apple,False,0.940000000000,0.980000000000,0.030000000000,0
47,850,lentil,rainfall,relative,-0.100000000000,44.236292850000,39.812663565000,False,lentil,lentil,0.900000000000,0.900000000000,lentil|mothbeans|blackgram,lentil|mothbeans|blackgram,False,0.840000000000,0.840000000000,0.000000000000,0
48,203,chickpea,rainfall,relative,-0.100000000000,88.510489830000,79.659440847000,False,chickpea,chickpea,1.000000000000,1.000000000000,chickpea|apple|banana,chickpea|apple|banana,False,1.000000000000,1.000000000000,0.000000000000,0
49,696,mungbean,rainfall,relative,-0.100000000000,43.257267520000,38.931540768000,False,mungbean,mungbean,1.000000000000,1.000000000000,mungbean|apple|banana,mungbean|apple|banana,False,1.000000000000,1.000000000000,0.000000000000,0
50,1737,papaya,rainfall,relative,-0.100000000000,207.073511900000,186.366160710000,False,papaya,papaya,0.930000000000,0.980000000000,papaya|rice|apple,papaya|jute|apple,False,0.860000000000,0.960000000000,0.050000000000,0
51,961,pomegranate,rainfall,relative,-0.100000000000,103.029593800000,92.726634420000,False,pomegranate,pomegranate,0.990000000000,0.820000000000,pomegranate|orange|apple,pomegranate|mango|orange,False,0.980000000000,0.750000000000,0.170000000000,0
52,405,pigeonpeas,rainfall,relative,-0.100000000000,149.299952000000,134.369956800000,False,pigeonpeas,pigeonpeas,0.920000000000,0.900000000000,pigeonpeas|mango|coconut,pigeonpeas|mango|blackgram,False,0.850000000000,0.830000000000,0.020000000000,0
53,1392,watermelon,rainfall,relative,-0.100000000000,54.499600570000,49.049640513000,False,watermelon,watermelon,1.000000000000,1.000000000000,watermelon|apple|banana,watermelon|apple|banana,False,1.000000000000,1.000000000000,0.000000000000,0
54,1158,mango,rainfall,relative,-0.100000000000,97.551555370000,87.796399833000,False,mango,mango,0.980000000000,0.930000000000,mango|mothbeans|orange,mango|mothbeans|blackgram,False,0.970000000000,0.900000000000,0.050000000000,0
55,768,blackgram,rainfall,relative,-0.100000000000,73.404527160000,66.064074444000,False,blackgram,blackgram,0.680000000000,0.660000000000,blackgram|mothbeans|lentil,blackgram|mothbeans|lentil,False,0.440000000000,0.420000000000,0.020000000000,0
56,1763,papaya,rainfall,relative,-0.100000000000,75.952950000000,68.357655000000,False,papaya,papaya,0.990000000000,0.970000000000,papaya|banana|apple,papaya|banana|blackgram,False,0.980000000000,0.960000000000,0.020000000000,0
57,1798,papaya,rainfall,relative,-0.100000000000,188.518142200000,169.666327980000,False,papaya,papaya,1.000000000000,1.000000000000,papaya|apple|banana,papaya|apple|banana,False,1.000000000000,1.000000000000,0.000000000000,0
58,2173,coffee,rainfall,relative,-0.100000000000,163.626949600000,147.264254640000,False,coffee,coffee,0.980000000000,0.980000000000,coffee|coconut|apple,coffee|coconut|apple,False,0.960000000000,0.960000000000,0.000000000000,0
59,825,lentil,rainfall,relative,-0.100000000000,47.896452240000,43.106807016000,False,lentil,lentil,0.990000000000,0.990000000000,lentil|blackgram|apple,lentil|blackgram|apple,False,0.980000000000,0.980000000000,0.000000000000,0
60,813,lentil,rainfall,relative,-0.100000000000,49.023668030000,44.121301227000,False,lentil,lentil,0.820000000000,0.820000000000,lentil|mothbeans|blackgram,lentil|mothbeans|blackgram,False,0.710000000000,0.710000000000,0.000000000000,0
61,539,mothbeans,rainfall,relative,-0.100000000000,55.053805000000,49.548424500000,False,mothbeans,mothbeans,0.960000000000,0.960000000000,mothbeans|lentil|pigeonpeas,mothbeans|lentil|pigeonpeas,False,0.930000000000,0.930000000000,0.000000000000,0
62,2157,coffee,rainfall,relative,-0.100000000000,122.407341800000,110.166607620000,False,coffee,coffee,1.000000000000,0.690000000000,coffee|apple|banana,coffee|maize|cotton,False,1.000000000000,0.490000000000,0.310000000000,0
63,1032,banana,rainfall,relative,-0.100000000000,119.218154000000,107.296338600000,False,banana,banana,0.970000000000,0.970000000000,banana|jute|apple,banana|jute|apple,False,0.940000000000,0.940000000000,0.000000000000,0
64,1707,papaya,rainfall,relative,-0.100000000000,191.776056200000,172.598450580000,False,papaya,papaya,0.930000000000,0.930000000000,papaya|pomegranate|pigeonpeas,papaya|pomegranate|pigeonpeas,False,0.900000000000,0.900000000000,0.000000000000,0
65,54,rice,rainfall,relative,-0.100000000000,286.508372500000,257.857535250000,False,rice,rice,0.980000000000,0.980000000000,rice|jute|apple,rice|jute|apple,False,0.960000000000,0.960000000000,0.000000000000,0
66,1630,orange,rainfall,relative,-0.100000000000,113.330210500000,101.997189450000,False,orange,orange,0.980000000000,0.980000000000,orange|mango|pomegranate,orange|mango|pomegranate,False,0.970000000000,0.970000000000,0.000000000000,0
67,1818,coconut,rainfall,relative,-0.100000000000,218.005571300000,196.205014170000,False,coconut,coconut,1.000000000000,1.000000000000,coconut|apple|banana,coconut|apple|banana,False,1.000000000000,1.000000000000,0.000000000000,0
69,920,pomegranate,rainfall,relative,-0.100000000000,111.663158200000,100.496842380000,False,pomegranate,pomegranate,0.970000000000,0.860000000000,pomegranate|orange|apple,pomegranate|orange|mango,False,0.940000000000,0.780000000000,0.110000000000,0
70,1033,banana,rainfall,relative,-0.100000000000,102.463377500000,92.217039750000,False,banana,banana,1.000000000000,1.000000000000,banana|apple|blackgram,banana|apple|blackgram,False,1.000000000000,1.000000000000,0.000000000000,0
71,1458,muskmelon,rainfall,relative,-0.100000000000,28.752260670000,25.877034603000,False,muskmelon,muskmelon,1.000000000000,1.000000000000,muskmelon|apple|banana,muskmelon|apple|banana,False,1.000000000000,1.000000000000,0.000000000000,0
72,1369,watermelon,rainfall,relative,-0.100000000000,49.523206890000,44.570886201000,False,watermelon,watermelon,1.000000000000,1.000000000000,watermelon|apple|banana,watermelon|apple|banana,False,1.000000000000,1.000000000000,0.000000000000,0
73,859,lentil,rainfall,relative,-0.100000000000,48.281374820000,43.453237338000,False,lentil,lentil,1.000000000000,1.000000000000,lentil|apple|banana,lentil|apple|banana,False,1.000000000000,1.000000000000,0.000000000000,0
75,1854,coconut,rainfall,relative,-0.100000000000,199.877840300000,179.890056270000,False,coconut,coconut,1.000000000000,1.000000000000,coconut|apple|banana,coconut|apple|banana,False,1.000000000000,1.000000000000,0.000000000000,0
76,575,mothbeans,rainfall,relative,-0.100000000000,36.012030250000,32.410827225000,False,mothbeans,mothbeans,0.900000000000,0.920000000000,mothbeans|lentil|mungbean,mothbeans|lentil|mungbean,False,0.820000000000,0.860000000000,0.020000000000,0
77,606,mungbean,rainfall,relative,-0.100000000000,56.482651930000,50.834386737000,False,mungbean,mungbean,0.980000000000,0.990000000000,mungbean|blackgram|apple,mungbean|papaya|apple,False,0.960000000000,0.980000000000,0.010000000000,0
78,614,mungbean,rainfall,relative,-0.100000000000,37.546027190000,33.791424471000,False,mungbean,mungbean,0.970000000000,0.950000000000,mungbean|mothbeans|orange,mungbean|mothbeans|orange,False,0.950000000000,0.910000000000,0.020000000000,0
80,2182,coffee,rainfall,relative,-0.100000000000,126.807398400000,114.126658560000,False,coffee,coffee,0.990000000000,0.930000000000,coffee|coconut|apple,coffee|maize|cotton,False,0.980000000000,0.900000000000,0.060000000000,0
82,1473,muskmelon,rainfall,relative,-0.100000000000,26.883725720000,24.195353148000,False,muskmelon,muskmelon,1.000000000000,1.000000000000,muskmelon|apple|banana,muskmelon|apple|banana,False,1.000000000000,1.000000000000,0.000000000000,0
83,303,kidneybeans,rainfall,relative,-0.100000000000,140.371781500000,126.334603350000,False,kidneybeans,kidneybeans,0.950000000000,0.960000000000,kidneybeans|chickpea|pigeonpeas,kidneybeans|chickpea|apple,False,0.910000000000,0.920000000000,0.010000000000,0
85,937,pomegranate,rainfall,relative,-0.100000000000,103.879934700000,93.491941230000,False,pomegranate,pomegranate,0.910000000000,0.750000000000,pomegranate|papaya|orange,pomegranate|orange|papaya,False,0.870000000000,0.660000000000,0.160000000000,0
86,1697,orange,rainfall,relative,-0.100000000000,113.999514600000,102.599563140000,False,orange,orange,0.980000000000,0.950000000000,orange|mango|pomegranate,orange|pomegranate|mango,False,0.970000000000,0.920000000000,0.030000000000,0
87,1987,cotton,rainfall,relative,-0.100000000000,69.311535660000,62.380382094000,False,cotton,cotton,1.000000000000,1.000000000000,cotton|apple|banana,cotton|apple|banana,False,1.000000000000,1.000000000000,0.000000000000,0
88,1851,coconut,rainfall,relative,-0.100000000000,162.843273600000,146.558946240000,False,coconut,coconut,0.990000000000,0.990000000000,coconut|coffee|apple,coconut|coffee|apple,False,0.980000000000,0.980000000000,0.000000000000,0
91,613,mungbean,rainfall,relative,-0.100000000000,45.910113910000,41.319102519000,False,mungbean,mungbean,1.000000000000,1.000000000000,mungbean|apple|banana,mungbean|apple|banana,False,1.000000000000,1.000000000000,0.000000000000,0
93,1960,cotton,rainfall,relative,-0.100000000000,83.465325470000,75.118792923000,False,cotton,cotton,1.000000000000,0.980000000000,cotton|apple|banana,cotton|blackgram|apple,False,1.000000000000,0.960000000000,0.020000000000,0
95,1225,grapes,rainfall,relative,-0.100000000000,68.668133630000,61.801320267000,False,grapes,grapes,1.000000000000,0.960000000000,grapes|apple|banana,grapes|mungbean|papaya,False,1.000000000000,0.930000000000,0.040000000000,0
96,1988,cotton,rainfall,relative,-0.100000000000,77.034212490000,69.330791241000,False,cotton,cotton,1.000000000000,1.000000000000,cotton|apple|banana,cotton|apple|banana,False,1.000000000000,1.000000000000,0.000000000000,0
97,227,chickpea,rainfall,relative,-0.100000000000,94.709920370000,85.238928333000,False,chickpea,chickpea,0.940000000000,0.980000000000,chickpea|kidneybeans|coffee,chickpea|coffee|apple,False,0.910000000000,0.960000000000,0.040000000000,0
100,1499,muskmelon,rainfall,relative,-0.100000000000,24.745819800000,22.271237820000,False,muskmelon,muskmelon,1.000000000000,1.000000000000,muskmelon|apple|banana,muskmelon|apple|banana,False,1.000000000000,1.000000000000,0.000000000000,0
101,989,pomegranate,rainfall,relative,-0.100000000000,103.601211400000,93.241090260000,False,pomegranate,pomegranate,0.990000000000,0.850000000000,pomegranate|orange|apple,pomegranate|orange|mango,False,0.980000000000,0.790000000000,0.140000000000,0
103,497,pigeonpeas,rainfall,relative,-0.100000000000,186.922605200000,168.230344680000,False,pigeonpeas,pigeonpeas,0.980000000000,0.980000000000,pigeonpeas|blackgram|papaya,pigeonpeas|blackgram|papaya,False,0.970000000000,0.970000000000,0.000000000000,0
104,472,pigeonpeas,rainfall,relative,-0.100000000000,139.871004100000,125.883903690000,False,pigeonpeas,pigeonpeas,0.940000000000,0.940000000000,pigeonpeas|lentil|mothbeans,pigeonpeas|lentil|mothbeans,False,0.900000000000,0.900000000000,0.000000000000,0
106,323,kidneybeans,rainfall,relative,-0.100000000000,121.940136900000,109.746123210000,False,kidneybeans,kidneybeans,0.990000000000,0.990000000000,kidneybeans|chickpea|apple,kidneybeans|chickpea|apple,False,0.980000000000,0.980000000000,0.000000000000,0
108,44,rice,rainfall,relative,-0.100000000000,265.535593700000,238.982034330000,False,rice,rice,0.900000000000,0.890000000000,rice|jute|papaya,rice|jute|papaya,False,0.830000000000,0.810000000000,0.010000000000,0
109,84,rice,rainfall,relative,-0.100000000000,220.115670800000,198.104103720000,False,rice,rice,1.000000000000,0.900000000000,rice|apple|banana,rice|jute|apple,False,1.000000000000,0.800000000000,0.100000000000,0
110,1551,apple,rainfall,relative,-0.100000000000,107.986894900000,97.188205410000,False,apple,apple,1.000000000000,0.960000000000,apple|banana|blackgram,apple|grapes|pigeonpeas,False,1.000000000000,0.930000000000,0.040000000000,0
111,647,mungbean,rainfall,relative,-0.100000000000,55.037239790000,49.533515811000,False,mungbean,mungbean,1.000000000000,1.000000000000,mungbean|apple|banana,mungbean|apple|banana,False,1.000000000000,1.000000000000,0.000000000000,0
115,1456,muskmelon,rainfall,relative,-0.100000000000,28.947669490000,26.052902541000,False,muskmelon,muskmelon,1.000000000000,1.000000000000,muskmelon|apple|banana,muskmelon|apple|banana,False,1.000000000000,1.000000000000,0.000000000000,0
121,250,chickpea,rainfall,relative,-0.100000000000,80.250646370000,72.225581733000,False,chickpea,chickpea,1.000000000000,1.000000000000,chickpea|apple|banana,chickpea|apple|banana,False,1.000000000000,1.000000000000,0.000000000000,0
122,199,maize,rainfall,relative,-0.100000000000,98.737713380000,88.863942042000,False,maize,maize,0.940000000000,0.940000000000,maize|coffee|blackgram,maize|blackgram|coffee,False,0.920000000000,0.910000000000,0.000000000000,0
124,110,maize,rainfall,relative,-0.100000000000,94.297128210000,84.867415389000,False,maize,maize,0.970000000000,0.960000000000,maize|cotton|mungbean,maize|cotton|mungbean,False,0.960000000000,0.940000000000,0.010000000000,0
128,1859,coconut,rainfall,relative,-0.100000000000,222.803013000000,200.522711700000,False,coconut,coconut,1.000000000000,1.000000000000,coconut|apple|banana,coconut|apple|banana,False,1.000000000000,1.000000000000,0.000000000000,0
131,226,chickpea,rainfall,relative,-0.100000000000,74.874455740000,67.387010166000,False,chickpea,chickpea,0.920000000000,0.920000000000,chickpea|kidneybeans|apple,chickpea|kidneybeans|apple,False,0.840000000000,0.840000000000,0.000000000000,0
136,1552,apple,rainfall,relative,-0.100000000000,111.776339500000,100.598705550000,False,apple,apple,1.000000000000,1.000000000000,apple|banana|blackgram,apple|banana|blackgram,False,1.000000000000,1.000000000000,0.000000000000,0
148,461,pigeonpeas,rainfall,relative,-0.100000000000,148.250278600000,133.425250740000,False,pigeonpeas,pigeonpeas,0.990000000000,0.990000000000,pigeonpeas|lentil|apple,pigeonpeas|lentil|apple,False,0.980000000000,0.980000000000,0.000000000000,0
156,474,pigeonpeas,rainfall,relative,-0.100000000000,137.227966200000,123.505169580000,False,pigeonpeas,pigeonpeas,0.970000000000,0.950000000000,pigeonpeas|coffee|kidneybeans,pigeonpeas|kidneybeans|mothbeans,False,0.960000000000,0.930000000000,0.020000000000,0
157,1419,muskmelon,rainfall,relative,-0.100000000000,29.110259400000,26.199233460000,False,muskmelon,muskmelon,1.000000000000,1.000000000000,muskmelon|apple|banana,muskmelon|apple|banana,False,1.000000000000,1.000000000000,0.000000000000,0
164,305,kidneybeans,rainfall,relative,-0.100000000000,143.098417100000,128.788575390000,False,kidneybeans,kidneybeans,0.990000000000,1.000000000000,kidneybeans|pigeonpeas|apple,kidneybeans|apple|banana,False,0.980000000000,1.000000000000,0.010000000000,0
189,361,kidneybeans,rainfall,relative,-0.100000000000,104.625215300000,94.162693770000,False,kidneybeans,kidneybeans,1.000000000000,0.980000000000,kidneybeans|apple|banana,kidneybeans|chickpea|apple,False,1.000000000000,0.960000000000,0.020000000000,0
0,1609,orange,rainfall,relative,-0.050000000000,102.695870300000,97.561076785000,False,orange,orange,0.970000000000,0.900000000000,orange|pomegranate|apple,orange|mango|cotton,False,0.940000000000,0.870000000000,0.070000000000,0
1,1072,banana,rainfall,relative,-0.050000000000,91.064933530000,86.511686853500,False,banana,banana,0.930000000000,0.890000000000,banana|papaya|cotton,banana|papaya|cotton,False,0.890000000000,0.820000000000,0.040000000000,0
2,1912,cotton,rainfall,relative,-0.050000000000,69.915634670000,66.419852936500,False,cotton,cotton,1.000000000000,1.000000000000,cotton|apple|banana,cotton|apple|banana,False,1.000000000000,1.000000000000,0.000000000000,0
3,100,maize,rainfall,relative,-0.050000000000,87.759538570000,83.371561641500,False,maize,maize,0.990000000000,0.990000000000,maize|mothbeans|apple,maize|mothbeans|apple,False,0.980000000000,0.980000000000,0.000000000000,0
4,1645,orange,rainfall,relative,-0.050000000000,115.978798900000,110.179858955000,False,orange,orange,0.990000000000,0.960000000000,orange|pomegranate|apple,orange|pomegranate|apple,False,0.980000000000,0.920000000000,0.030000000000,0
5,221,chickpea,rainfall,relative,-0.050000000000,85.749048980000,81.461596531000,False,chickpea,chickpea,1.000000000000,1.000000000000,chickpea|apple|banana,chickpea|apple|banana,False,1.000000000000,1.000000000000,0.000000000000,0
6,28,rice,rainfall,relative,-0.050000000000,240.081064700000,228.077011465000,False,rice,rice,0.990000000000,0.990000000000,rice|jute|apple,rice|jute|apple,False,0.980000000000,0.980000000000,0.000000000000,0
7,701,blackgram,rainfall,relative,-0.050000000000,67.150963760000,63.793415572000,False,blackgram,blackgram,0.970000000000,0.970000000000,blackgram|lentil|apple,blackgram|lentil|apple,False,0.940000000000,0.940000000000,0.000000000000,0
8,1097,banana,rainfall,relative,-0.050000000000,94.379874960000,89.660881212000,False,banana,banana,1.000000000000,0.990000000000,banana|apple|blackgram,banana|cotton|apple,False,1.000000000000,0.980000000000,0.010000000000,0
9,1638,orange,rainfall,relative,-0.050000000000,112.983436100000,107.334264295000,False,orange,orange,1.000000000000,0.990000000000,orange|apple|banana,orange|pomegranate|apple,False,1.000000000000,0.980000000000,0.010000000000,0
10,1391,watermelon,rainfall,relative,-0.050000000000,42.006602510000,39.906272384500,False,watermelon,watermelon,1.000000000000,1.000000000000,watermelon|apple|banana,watermelon|apple|banana,False,1.000000000000,1.000000000000,0.000000000000,0
11,901,pomegranate,rainfall,relative,-0.050000000000,108.045892600000,102.643597970000,False,pomegranate,pomegranate,1.000000000000,0.990000000000,pomegranate|apple|banana,pomegranate|apple|banana,False,1.000000000000,0.980000000000,0.010000000000,0
12,1386,watermelon,rainfall,relative,-0.050000000000,54.387484950000,51.668110702500,False,watermelon,watermelon,1.000000000000,1.000000000000,watermelon|apple|banana,watermelon|apple|banana,False,1.000000000000,1.000000000000,0.000000000000,0
13,171,maize,rainfall,relative,-0.050000000000,95.713884730000,90.928190493500,False,maize,maize,1.000000000000,1.000000000000,maize|apple|banana,maize|apple|banana,False,1.000000000000,1.000000000000,0.000000000000,0
14,544,mothbeans,rainfall,relative,-0.050000000000,64.161676990000,60.953593140500,False,mothbeans,mothbeans,0.810000000000,0.790000000000,mothbeans|blackgram|pigeonpeas,mothbeans|blackgram|pigeonpeas,False,0.740000000000,0.710000000000,0.020000000000,0
15,1264,grapes,rainfall,relative,-0.050000000000,65.800060040000,62.510057038000,False,grapes,grapes,1.000000000000,0.980000000000,grapes|apple|banana,grapes|mungbean|papaya,False,1.000000000000,0.970000000000,0.020000000000,0
16,1220,grapes,rainfall,relative,-0.050000000000,72.242308040000,68.630192638000,False,grapes,grapes,1.000000000000,1.000000000000,grapes|apple|banana,grapes|apple|banana,False,1.000000000000,1.000000000000,0.000000000000,0
17,1154,mango,rainfall,relative,-0.050000000000,95.234442870000,90.472720726500,False,mango,mango,1.000000000000,1.000000000000,mango|apple|banana,mango|apple|banana,False,1.000000000000,1.000000000000,0.000000000000,0
18,1131,mango,rainfall,relative,-0.050000000000,92.997394150000,88.347524442500,False,mango,mango,0.980000000000,0.940000000000,mango|mothbeans|papaya,mango|mothbeans|blackgram,False,0.970000000000,0.910000000000,0.040000000000,0
19,1514,apple,rainfall,relative,-0.050000000000,104.229802800000,99.018312660000,False,apple,apple,1.000000000000,0.990000000000,apple|banana|blackgram,apple|grapes|banana,False,1.000000000000,0.980000000000,0.010000000000,0
20,795,blackgram,rainfall,relative,-0.050000000000,64.895174880000,61.650416136000,False,blackgram,blackgram,0.990000000000,0.980000000000,blackgram|lentil|apple,blackgram|lentil|apple,False,0.980000000000,0.960000000000,0.010000000000,0
21,1502,apple,rainfall,relative,-0.050000000000,116.039658700000,110.237675765000,False,apple,apple,1.000000000000,1.000000000000,apple|banana|blackgram,apple|banana|blackgram,False,1.000000000000,1.000000000000,0.000000000000,0
22,585,mothbeans,rainfall,relative,-0.050000000000,50.197826900000,47.687935555000,False,mothbeans,mothbeans,0.790000000000,0.800000000000,mothbeans|lentil|blackgram,mothbeans|lentil|blackgram,False,0.610000000000,0.630000000000,0.010000000000,0
23,387,kidneybeans,rainfall,relative,-0.050000000000,115.199245000000,109.439282750000,False,kidneybeans,kidneybeans,0.990000000000,0.990000000000,kidneybeans|pigeonpeas|apple,kidneybeans|pigeonpeas|apple,False,0.980000000000,0.980000000000,0.000000000000,0
24,1591,apple,rainfall,relative,-0.050000000000,116.743131900000,110.905975305000,False,apple,apple,0.980000000000,0.980000000000,apple|grapes|banana,apple|grapes|banana,False,0.960000000000,0.960000000000,0.000000000000,0
25,2003,jute,rainfall,relative,-0.050000000000,175.608669700000,166.828236215000,False,jute,jute,0.980000000000,0.980000000000,jute|rice|watermelon,jute|rice|watermelon,False,0.970000000000,0.970000000000,0.000000000000,0
26,505,mothbeans,rainfall,relative,-0.050000000000,71.626669600000,68.045336120000,False,mothbeans,mothbeans,0.890000000000,0.900000000000,mothbeans|blackgram|pigeonpeas,mothbeans|blackgram|pigeonpeas,False,0.840000000000,0.860000000000,0.010000000000,0
27,1342,watermelon,rainfall,relative,-0.050000000000,42.106815160000,40.001474402000,False,watermelon,watermelon,1.000000000000,1.000000000000,watermelon|apple|banana,watermelon|apple|banana,False,1.000000000000,1.000000000000,0.000000000000,0
28,0,rice,rainfall,relative,-0.050000000000,202.935536200000,192.788759390000,False,rice,rice,0.900000000000,0.720000000000,rice|jute|apple,rice|jute|apple,False,0.800000000000,0.440000000000,0.180000000000,0
29,2106,coffee,rainfall,relative,-0.050000000000,164.497187500000,156.272328125000,False,coffee,coffee,1.000000000000,1.000000000000,coffee|apple|banana,coffee|apple|banana,False,1.000000000000,1.000000000000,0.000000000000,0
30,1102,mango,rainfall,relative,-0.050000000000,95.851183260000,91.058624097000,False,mango,mango,0.920000000000,0.920000000000,mango|coconut|coffee,mango|coconut|coffee,False,0.900000000000,0.900000000000,0.000000000000,0
31,2086,jute,rainfall,relative,-0.050000000000,152.980169700000,145.331161215000,False,jute,jute,0.930000000000,0.840000000000,jute|rice|banana,jute|rice|banana,False,0.870000000000,0.780000000000,0.090000000000,0
32,1036,banana,rainfall,relative,-0.050000000000,112.979480400000,107.330506380000,False,banana,banana,1.000000000000,1.000000000000,banana|apple|blackgram,banana|apple|blackgram,False,1.000000000000,1.000000000000,0.000000000000,0
33,2167,coffee,rainfall,relative,-0.050000000000,175.372331400000,166.603714830000,False,coffee,coffee,1.000000000000,1.000000000000,coffee|apple|banana,coffee|apple|banana,False,1.000000000000,1.000000000000,0.000000000000,0
34,2050,jute,rainfall,relative,-0.050000000000,168.043228200000,159.641066790000,False,jute,jute,0.990000000000,0.990000000000,jute|rice|apple,jute|rice|apple,False,0.980000000000,0.980000000000,0.000000000000,0
35,737,blackgram,rainfall,relative,-0.050000000000,73.586639680000,69.907307696000,False,blackgram,blackgram,0.910000000000,0.910000000000,blackgram|maize|lentil,blackgram|maize|lentil,False,0.830000000000,0.850000000000,0.000000000000,0
36,1298,grapes,rainfall,relative,-0.050000000000,66.596448800000,63.266626360000,False,grapes,grapes,1.000000000000,0.990000000000,grapes|apple|banana,grapes|papaya|apple,False,1.000000000000,0.980000000000,0.010000000000,0
37,1200,grapes,rainfall,relative,-0.050000000000,67.125344920000,63.769077674000,False,grapes,grapes,1.000000000000,0.990000000000,grapes|apple|banana,grapes|papaya|apple,False,1.000000000000,0.980000000000,0.010000000000,0
38,731,blackgram,rainfall,relative,-0.050000000000,69.244640960000,65.782408912000,False,blackgram,blackgram,0.990000000000,1.000000000000,blackgram|mothbeans|apple,blackgram|apple|banana,False,0.980000000000,1.000000000000,0.010000000000,0
39,2042,jute,rainfall,relative,-0.050000000000,196.469984000000,186.646484800000,False,jute,jute,0.930000000000,0.950000000000,jute|rice|papaya,jute|papaya|rice,False,0.890000000000,0.930000000000,0.020000000000,0
40,1829,coconut,rainfall,relative,-0.050000000000,149.243349700000,141.781182215000,False,coconut,coconut,1.000000000000,1.000000000000,coconut|apple|banana,coconut|apple|banana,False,1.000000000000,1.000000000000,0.000000000000,0
41,1716,papaya,rainfall,relative,-0.050000000000,77.715668830000,73.829885388500,False,papaya,papaya,0.990000000000,0.980000000000,papaya|grapes|apple,papaya|blackgram|grapes,False,0.980000000000,0.970000000000,0.010000000000,0
42,1156,mango,rainfall,relative,-0.050000000000,96.598164970000,91.768256721500,False,mango,mango,1.000000000000,1.000000000000,mango|apple|banana,mango|apple|banana,False,1.000000000000,1.000000000000,0.000000000000,0
43,185,maize,rainfall,relative,-0.050000000000,62.491908120000,59.367312714000,False,maize,maize,0.970000000000,0.690000000000,maize|mothbeans|coffee,maize|mothbeans|watermelon,False,0.950000000000,0.520000000000,0.280000000000,0
44,861,lentil,rainfall,relative,-0.050000000000,42.895090570000,40.750336041500,False,lentil,lentil,0.980000000000,0.980000000000,lentil|blackgram|apple,lentil|blackgram|apple,False,0.960000000000,0.960000000000,0.000000000000,0
45,2022,jute,rainfall,relative,-0.050000000000,173.101709700000,164.446624215000,False,jute,jute,0.940000000000,0.940000000000,jute|rice|watermelon,jute|rice|watermelon,False,0.890000000000,0.890000000000,0.000000000000,0
46,1973,cotton,rainfall,relative,-0.050000000000,99.753361970000,94.765693871500,False,cotton,cotton,0.960000000000,0.970000000000,cotton|maize|banana,cotton|banana|jute,False,0.940000000000,0.960000000000,0.010000000000,0
47,850,lentil,rainfall,relative,-0.050000000000,44.236292850000,42.024478207500,False,lentil,lentil,0.900000000000,0.900000000000,lentil|mothbeans|blackgram,lentil|mothbeans|blackgram,False,0.840000000000,0.840000000000,0.000000000000,0
48,203,chickpea,rainfall,relative,-0.050000000000,88.510489830000,84.084965338500,False,chickpea,chickpea,1.000000000000,1.000000000000,chickpea|apple|banana,chickpea|apple|banana,False,1.000000000000,1.000000000000,0.000000000000,0
49,696,mungbean,rainfall,relative,-0.050000000000,43.257267520000,41.094404144000,False,mungbean,mungbean,1.000000000000,1.000000000000,mungbean|apple|banana,mungbean|apple|banana,False,1.000000000000,1.000000000000,0.000000000000,0
50,1737,papaya,rainfall,relative,-0.050000000000,207.073511900000,196.719836305000,False,papaya,papaya,0.930000000000,0.980000000000,papaya|rice|apple,papaya|jute|apple,False,0.860000000000,0.960000000000,0.050000000000,0
51,961,pomegranate,rainfall,relative,-0.050000000000,103.029593800000,97.878114110000,False,pomegranate,pomegranate,0.990000000000,0.820000000000,pomegranate|orange|apple,pomegranate|mango|orange,False,0.980000000000,0.750000000000,0.170000000000,0
52,405,pigeonpeas,rainfall,relative,-0.050000000000,149.299952000000,141.834954400000,False,pigeonpeas,pigeonpeas,0.920000000000,0.920000000000,pigeonpeas|mango|coconut,pigeonpeas|mango|coconut,False,0.850000000000,0.850000000000,0.000000000000,0
53,1392,watermelon,rainfall,relative,-0.050000000000,54.499600570000,51.774620541500,False,watermelon,watermelon,1.000000000000,1.000000000000,watermelon|apple|banana,watermelon|apple|banana,False,1.000000000000,1.000000000000,0.000000000000,0
54,1158,mango,rainfall,relative,-0.050000000000,97.551555370000,92.673977601500,False,mango,mango,0.980000000000,0.980000000000,mango|mothbeans|orange,mango|mothbeans|orange,False,0.970000000000,0.970000000000,0.000000000000,0
55,768,blackgram,rainfall,relative,-0.050000000000,73.404527160000,69.734300802000,False,blackgram,blackgram,0.680000000000,0.660000000000,blackgram|mothbeans|lentil,blackgram|mothbeans|lentil,False,0.440000000000,0.410000000000,0.020000000000,0
56,1763,papaya,rainfall,relative,-0.050000000000,75.952950000000,72.155302500000,False,papaya,papaya,0.990000000000,0.980000000000,papaya|banana|apple,papaya|banana|blackgram,False,0.980000000000,0.970000000000,0.010000000000,0
57,1798,papaya,rainfall,relative,-0.050000000000,188.518142200000,179.092235090000,False,papaya,papaya,1.000000000000,1.000000000000,papaya|apple|banana,papaya|apple|banana,False,1.000000000000,1.000000000000,0.000000000000,0
58,2173,coffee,rainfall,relative,-0.050000000000,163.626949600000,155.445602120000,False,coffee,coffee,0.980000000000,0.980000000000,coffee|coconut|apple,coffee|coconut|apple,False,0.960000000000,0.960000000000,0.000000000000,0
59,825,lentil,rainfall,relative,-0.050000000000,47.896452240000,45.501629628000,False,lentil,lentil,0.990000000000,0.990000000000,lentil|blackgram|apple,lentil|blackgram|apple,False,0.980000000000,0.980000000000,0.000000000000,0
60,813,lentil,rainfall,relative,-0.050000000000,49.023668030000,46.572484628500,False,lentil,lentil,0.820000000000,0.820000000000,lentil|mothbeans|blackgram,lentil|mothbeans|blackgram,False,0.710000000000,0.710000000000,0.000000000000,0
61,539,mothbeans,rainfall,relative,-0.050000000000,55.053805000000,52.301114750000,False,mothbeans,mothbeans,0.960000000000,0.960000000000,mothbeans|lentil|pigeonpeas,mothbeans|lentil|pigeonpeas,False,0.930000000000,0.930000000000,0.000000000000,0
62,2157,coffee,rainfall,relative,-0.050000000000,122.407341800000,116.286974710000,False,coffee,coffee,1.000000000000,0.940000000000,coffee|apple|banana,coffee|maize|watermelon,False,1.000000000000,0.920000000000,0.060000000000,0
63,1032,banana,rainfall,relative,-0.050000000000,119.218154000000,113.257246300000,False,banana,banana,0.970000000000,0.970000000000,banana|jute|apple,banana|jute|apple,False,0.940000000000,0.940000000000,0.000000000000,0
64,1707,papaya,rainfall,relative,-0.050000000000,191.776056200000,182.187253390000,False,papaya,papaya,0.930000000000,0.930000000000,papaya|pomegranate|pigeonpeas,papaya|pomegranate|pigeonpeas,False,0.900000000000,0.900000000000,0.000000000000,0
65,54,rice,rainfall,relative,-0.050000000000,286.508372500000,272.182953875000,False,rice,rice,0.980000000000,0.980000000000,rice|jute|apple,rice|jute|apple,False,0.960000000000,0.960000000000,0.000000000000,0
66,1630,orange,rainfall,relative,-0.050000000000,113.330210500000,107.663699975000,False,orange,orange,0.980000000000,0.980000000000,orange|mango|pomegranate,orange|mango|pomegranate,False,0.970000000000,0.970000000000,0.000000000000,0
67,1818,coconut,rainfall,relative,-0.050000000000,218.005571300000,207.105292735000,False,coconut,coconut,1.000000000000,1.000000000000,coconut|apple|banana,coconut|apple|banana,False,1.000000000000,1.000000000000,0.000000000000,0
69,920,pomegranate,rainfall,relative,-0.050000000000,111.663158200000,106.080000290000,False,pomegranate,pomegranate,0.970000000000,0.980000000000,pomegranate|orange|apple,pomegranate|orange|apple,False,0.940000000000,0.960000000000,0.010000000000,0
70,1033,banana,rainfall,relative,-0.050000000000,102.463377500000,97.340208625000,False,banana,banana,1.000000000000,1.000000000000,banana|apple|blackgram,banana|apple|blackgram,False,1.000000000000,1.000000000000,0.000000000000,0
71,1458,muskmelon,rainfall,relative,-0.050000000000,28.752260670000,27.314647636500,False,muskmelon,muskmelon,1.000000000000,1.000000000000,muskmelon|apple|banana,muskmelon|apple|banana,False,1.000000000000,1.000000000000,0.000000000000,0
72,1369,watermelon,rainfall,relative,-0.050000000000,49.523206890000,47.047046545500,False,watermelon,watermelon,1.000000000000,1.000000000000,watermelon|apple|banana,watermelon|apple|banana,False,1.000000000000,1.000000000000,0.000000000000,0
73,859,lentil,rainfall,relative,-0.050000000000,48.281374820000,45.867306079000,False,lentil,lentil,1.000000000000,1.000000000000,lentil|apple|banana,lentil|apple|banana,False,1.000000000000,1.000000000000,0.000000000000,0
75,1854,coconut,rainfall,relative,-0.050000000000,199.877840300000,189.883948285000,False,coconut,coconut,1.000000000000,1.000000000000,coconut|apple|banana,coconut|apple|banana,False,1.000000000000,1.000000000000,0.000000000000,0
76,575,mothbeans,rainfall,relative,-0.050000000000,36.012030250000,34.211428737500,False,mothbeans,mothbeans,0.900000000000,0.920000000000,mothbeans|lentil|mungbean,mothbeans|lentil|mungbean,False,0.820000000000,0.860000000000,0.020000000000,0
77,606,mungbean,rainfall,relative,-0.050000000000,56.482651930000,53.658519333500,False,mungbean,mungbean,0.980000000000,0.990000000000,mungbean|blackgram|apple,mungbean|papaya|apple,False,0.960000000000,0.980000000000,0.010000000000,0
78,614,mungbean,rainfall,relative,-0.050000000000,37.546027190000,35.668725830500,False,mungbean,mungbean,0.970000000000,0.950000000000,mungbean|mothbeans|orange,mungbean|mothbeans|orange,False,0.950000000000,0.910000000000,0.020000000000,0
80,2182,coffee,rainfall,relative,-0.050000000000,126.807398400000,120.467028480000,False,coffee,coffee,0.990000000000,0.960000000000,coffee|coconut|apple,coffee|blackgram|cotton,False,0.980000000000,0.950000000000,0.030000000000,0
82,1473,muskmelon,rainfall,relative,-0.050000000000,26.883725720000,25.539539434000,False,muskmelon,muskmelon,1.000000000000,1.000000000000,muskmelon|apple|banana,muskmelon|apple|banana,False,1.000000000000,1.000000000000,0.000000000000,0
83,303,kidneybeans,rainfall,relative,-0.050000000000,140.371781500000,133.353192425000,False,kidneybeans,kidneybeans,0.950000000000,0.960000000000,kidneybeans|chickpea|pigeonpeas,kidneybeans|chickpea|apple,False,0.910000000000,0.920000000000,0.010000000000,0
85,937,pomegranate,rainfall,relative,-0.050000000000,103.879934700000,98.685937965000,False,pomegranate,pomegranate,0.910000000000,0.760000000000,pomegranate|papaya|orange,pomegranate|orange|papaya,False,0.870000000000,0.660000000000,0.150000000000,0
86,1697,orange,rainfall,relative,-0.050000000000,113.999514600000,108.299538870000,False,orange,orange,0.980000000000,0.970000000000,orange|mango|pomegranate,orange|pomegranate|mango,False,0.970000000000,0.950000000000,0.010000000000,0
87,1987,cotton,rainfall,relative,-0.050000000000,69.311535660000,65.845958877000,False,cotton,cotton,1.000000000000,1.000000000000,cotton|apple|banana,cotton|apple|banana,False,1.000000000000,1.000000000000,0.000000000000,0
88,1851,coconut,rainfall,relative,-0.050000000000,162.843273600000,154.701109920000,False,coconut,coconut,0.990000000000,0.990000000000,coconut|coffee|apple,coconut|coffee|apple,False,0.980000000000,0.980000000000,0.000000000000,0
91,613,mungbean,rainfall,relative,-0.050000000000,45.910113910000,43.614608214500,False,mungbean,mungbean,1.000000000000,1.000000000000,mungbean|apple|banana,mungbean|apple|banana,False,1.000000000000,1.000000000000,0.000000000000,0
93,1960,cotton,rainfall,relative,-0.050000000000,83.465325470000,79.292059196500,False,cotton,cotton,1.000000000000,1.000000000000,cotton|apple|banana,cotton|apple|banana,False,1.000000000000,1.000000000000,0.000000000000,0
95,1225,grapes,rainfall,relative,-0.050000000000,68.668133630000,65.234726948500,False,grapes,grapes,1.000000000000,1.000000000000,grapes|apple|banana,grapes|apple|banana,False,1.000000000000,1.000000000000,0.000000000000,0
96,1988,cotton,rainfall,relative,-0.050000000000,77.034212490000,73.182501865500,False,cotton,cotton,1.000000000000,1.000000000000,cotton|apple|banana,cotton|apple|banana,False,1.000000000000,1.000000000000,0.000000000000,0
97,227,chickpea,rainfall,relative,-0.050000000000,94.709920370000,89.974424351500,False,chickpea,chickpea,0.940000000000,0.980000000000,chickpea|kidneybeans|coffee,chickpea|coffee|apple,False,0.910000000000,0.960000000000,0.040000000000,0
100,1499,muskmelon,rainfall,relative,-0.050000000000,24.745819800000,23.508528810000,False,muskmelon,muskmelon,1.000000000000,1.000000000000,muskmelon|apple|banana,muskmelon|apple|banana,False,1.000000000000,1.000000000000,0.000000000000,0
101,989,pomegranate,rainfall,relative,-0.050000000000,103.601211400000,98.421150830000,False,pomegranate,pomegranate,0.990000000000,0.850000000000,pomegranate|orange|apple,pomegranate|orange|mango,False,0.980000000000,0.790000000000,0.140000000000,0
103,497,pigeonpeas,rainfall,relative,-0.050000000000,186.922605200000,177.576474940000,False,pigeonpeas,pigeonpeas,0.980000000000,0.980000000000,pigeonpeas|blackgram|papaya,pigeonpeas|blackgram|papaya,False,0.970000000000,0.970000000000,0.000000000000,0
104,472,pigeonpeas,rainfall,relative,-0.050000000000,139.871004100000,132.877453895000,False,pigeonpeas,pigeonpeas,0.940000000000,0.940000000000,pigeonpeas|lentil|mothbeans,pigeonpeas|lentil|mothbeans,False,0.900000000000,0.900000000000,0.000000000000,0
106,323,kidneybeans,rainfall,relative,-0.050000000000,121.940136900000,115.843130055000,False,kidneybeans,kidneybeans,0.990000000000,0.990000000000,kidneybeans|chickpea|apple,kidneybeans|chickpea|apple,False,0.980000000000,0.980000000000,0.000000000000,0
108,44,rice,rainfall,relative,-0.050000000000,265.535593700000,252.258814015000,False,rice,rice,0.900000000000,0.900000000000,rice|jute|papaya,rice|jute|papaya,False,0.830000000000,0.830000000000,0.000000000000,0
109,84,rice,rainfall,relative,-0.050000000000,220.115670800000,209.109887260000,False,rice,rice,1.000000000000,0.990000000000,rice|apple|banana,rice|jute|apple,False,1.000000000000,0.980000000000,0.010000000000,0
110,1551,apple,rainfall,relative,-0.050000000000,107.986894900000,102.587550155000,False,apple,apple,1.000000000000,1.000000000000,apple|banana|blackgram,apple|banana|blackgram,False,1.000000000000,1.000000000000,0.000000000000,0
111,647,mungbean,rainfall,relative,-0.050000000000,55.037239790000,52.285377800500,False,mungbean,mungbean,1.000000000000,1.000000000000,mungbean|apple|banana,mungbean|apple|banana,False,1.000000000000,1.000000000000,0.000000000000,0
115,1456,muskmelon,rainfall,relative,-0.050000000000,28.947669490000,27.500286015500,False,muskmelon,muskmelon,1.000000000000,1.000000000000,muskmelon|apple|banana,muskmelon|apple|banana,False,1.000000000000,1.000000000000,0.000000000000,0
121,250,chickpea,rainfall,relative,-0.050000000000,80.250646370000,76.238114051500,False,chickpea,chickpea,1.000000000000,1.000000000000,chickpea|apple|banana,chickpea|apple|banana,False,1.000000000000,1.000000000000,0.000000000000,0
122,199,maize,rainfall,relative,-0.050000000000,98.737713380000,93.800827711000,False,maize,maize,0.940000000000,0.940000000000,maize|coffee|blackgram,maize|blackgram|coffee,False,0.920000000000,0.920000000000,0.000000000000,0
124,110,maize,rainfall,relative,-0.050000000000,94.297128210000,89.582271799500,False,maize,maize,0.970000000000,0.960000000000,maize|cotton|mungbean,maize|cotton|mungbean,False,0.960000000000,0.940000000000,0.010000000000,0
128,1859,coconut,rainfall,relative,-0.050000000000,222.803013000000,211.662862350000,False,coconut,coconut,1.000000000000,1.000000000000,coconut|apple|banana,coconut|apple|banana,False,1.000000000000,1.000000000000,0.000000000000,0
131,226,chickpea,rainfall,relative,-0.050000000000,74.874455740000,71.130732953000,False,chickpea,chickpea,0.920000000000,0.920000000000,chickpea|kidneybeans|apple,chickpea|kidneybeans|apple,False,0.840000000000,0.840000000000,0.000000000000,0
136,1552,apple,rainfall,relative,-0.050000000000,111.776339500000,106.187522525000,False,apple,apple,1.000000000000,1.000000000000,apple|banana|blackgram,apple|banana|blackgram,False,1.000000000000,1.000000000000,0.000000000000,0
148,461,pigeonpeas,rainfall,relative,-0.050000000000,148.250278600000,140.837764670000,False,pigeonpeas,pigeonpeas,0.990000000000,0.990000000000,pigeonpeas|lentil|apple,pigeonpeas|lentil|apple,False,0.980000000000,0.980000000000,0.000000000000,0
156,474,pigeonpeas,rainfall,relative,-0.050000000000,137.227966200000,130.366567890000,False,pigeonpeas,pigeonpeas,0.970000000000,0.970000000000,pigeonpeas|coffee|kidneybeans,pigeonpeas|kidneybeans|maize,False,0.960000000000,0.960000000000,0.000000000000,0
157,1419,muskmelon,rainfall,relative,-0.050000000000,29.110259400000,27.654746430000,False,muskmelon,muskmelon,1.000000000000,1.000000000000,muskmelon|apple|banana,muskmelon|apple|banana,False,1.000000000000,1.000000000000,0.000000000000,0
164,305,kidneybeans,rainfall,relative,-0.050000000000,143.098417100000,135.943496245000,False,kidneybeans,kidneybeans,0.990000000000,1.000000000000,kidneybeans|pigeonpeas|apple,kidneybeans|apple|banana,False,0.980000000000,1.000000000000,0.010000000000,0
189,361,kidneybeans,rainfall,relative,-0.050000000000,104.625215300000,99.393954535000,False,kidneybeans,kidneybeans,1.000000000000,1.000000000000,kidneybeans|apple|banana,kidneybeans|apple|banana,False,1.000000000000,1.000000000000,0.000000000000,0
0,1609,orange,rainfall,relative,0.000000000000,102.695870300000,102.695870300000,False,orange,orange,0.970000000000,0.970000000000,orange|pomegranate|apple,orange|pomegranate|apple,False,0.940000000000,0.940000000000,0.000000000000,0
1,1072,banana,rainfall,relative,0.000000000000,91.064933530000,91.064933530000,False,banana,banana,0.930000000000,0.930000000000,banana|papaya|cotton,banana|papaya|cotton,False,0.890000000000,0.890000000000,0.000000000000,0
2,1912,cotton,rainfall,relative,0.000000000000,69.915634670000,69.915634670000,False,cotton,cotton,1.000000000000,1.000000000000,cotton|apple|banana,cotton|apple|banana,False,1.000000000000,1.000000000000,0.000000000000,0
3,100,maize,rainfall,relative,0.000000000000,87.759538570000,87.759538570000,False,maize,maize,0.990000000000,0.990000000000,maize|mothbeans|apple,maize|mothbeans|apple,False,0.980000000000,0.980000000000,0.000000000000,0
4,1645,orange,rainfall,relative,0.000000000000,115.978798900000,115.978798900000,False,orange,orange,0.990000000000,0.990000000000,orange|pomegranate|apple,orange|pomegranate|apple,False,0.980000000000,0.980000000000,0.000000000000,0
5,221,chickpea,rainfall,relative,0.000000000000,85.749048980000,85.749048980000,False,chickpea,chickpea,1.000000000000,1.000000000000,chickpea|apple|banana,chickpea|apple|banana,False,1.000000000000,1.000000000000,0.000000000000,0
6,28,rice,rainfall,relative,0.000000000000,240.081064700000,240.081064700000,False,rice,rice,0.990000000000,0.990000000000,rice|jute|apple,rice|jute|apple,False,0.980000000000,0.980000000000,0.000000000000,0
7,701,blackgram,rainfall,relative,0.000000000000,67.150963760000,67.150963760000,False,blackgram,blackgram,0.970000000000,0.970000000000,blackgram|lentil|apple,blackgram|lentil|apple,False,0.940000000000,0.940000000000,0.000000000000,0
8,1097,banana,rainfall,relative,0.000000000000,94.379874960000,94.379874960000,False,banana,banana,1.000000000000,1.000000000000,banana|apple|blackgram,banana|apple|blackgram,False,1.000000000000,1.000000000000,0.000000000000,0
9,1638,orange,rainfall,relative,0.000000000000,112.983436100000,112.983436100000,False,orange,orange,1.000000000000,1.000000000000,orange|apple|banana,orange|apple|banana,False,1.000000000000,1.000000000000,0.000000000000,0
10,1391,watermelon,rainfall,relative,0.000000000000,42.006602510000,42.006602510000,False,watermelon,watermelon,1.000000000000,1.000000000000,watermelon|apple|banana,watermelon|apple|banana,False,1.000000000000,1.000000000000,0.000000000000,0
11,901,pomegranate,rainfall,relative,0.000000000000,108.045892600000,108.045892600000,False,pomegranate,pomegranate,1.000000000000,1.000000000000,pomegranate|apple|banana,pomegranate|apple|banana,False,1.000000000000,1.000000000000,0.000000000000,0
12,1386,watermelon,rainfall,relative,0.000000000000,54.387484950000,54.387484950000,False,watermelon,watermelon,1.000000000000,1.000000000000,watermelon|apple|banana,watermelon|apple|banana,False,1.000000000000,1.000000000000,0.000000000000,0
13,171,maize,rainfall,relative,0.000000000000,95.713884730000,95.713884730000,False,maize,maize,1.000000000000,1.000000000000,maize|apple|banana,maize|apple|banana,False,1.000000000000,1.000000000000,0.000000000000,0
14,544,mothbeans,rainfall,relative,0.000000000000,64.161676990000,64.161676990000,False,mothbeans,mothbeans,0.810000000000,0.810000000000,mothbeans|blackgram|pigeonpeas,mothbeans|blackgram|pigeonpeas,False,0.740000000000,0.740000000000,0.000000000000,0
15,1264,grapes,rainfall,relative,0.000000000000,65.800060040000,65.800060040000,False,grapes,grapes,1.000000000000,1.000000000000,grapes|apple|banana,grapes|apple|banana,False,1.000000000000,1.000000000000,0.000000000000,0
16,1220,grapes,rainfall,relative,0.000000000000,72.242308040000,72.242308040000,False,grapes,grapes,1.000000000000,1.000000000000,grapes|apple|banana,grapes|apple|banana,False,1.000000000000,1.000000000000,0.000000000000,0
17,1154,mango,rainfall,relative,0.000000000000,95.234442870000,95.234442870000,False,mango,mango,1.000000000000,1.000000000000,mango|apple|banana,mango|apple|banana,False,1.000000000000,1.000000000000,0.000000000000,0
18,1131,mango,rainfall,relative,0.000000000000,92.997394150000,92.997394150000,False,mango,mango,0.980000000000,0.980000000000,mango|mothbeans|papaya,mango|mothbeans|papaya,False,0.970000000000,0.970000000000,0.000000000000,0
19,1514,apple,rainfall,relative,0.000000000000,104.229802800000,104.229802800000,False,apple,apple,1.000000000000,1.000000000000,apple|banana|blackgram,apple|banana|blackgram,False,1.000000000000,1.000000000000,0.000000000000,0
20,795,blackgram,rainfall,relative,0.000000000000,64.895174880000,64.895174880000,False,blackgram,blackgram,0.990000000000,0.990000000000,blackgram|lentil|apple,blackgram|lentil|apple,False,0.980000000000,0.980000000000,0.000000000000,0
21,1502,apple,rainfall,relative,0.000000000000,116.039658700000,116.039658700000,False,apple,apple,1.000000000000,1.000000000000,apple|banana|blackgram,apple|banana|blackgram,False,1.000000000000,1.000000000000,0.000000000000,0
22,585,mothbeans,rainfall,relative,0.000000000000,50.197826900000,50.197826900000,False,mothbeans,mothbeans,0.790000000000,0.790000000000,mothbeans|lentil|blackgram,mothbeans|lentil|blackgram,False,0.610000000000,0.610000000000,0.000000000000,0
23,387,kidneybeans,rainfall,relative,0.000000000000,115.199245000000,115.199245000000,False,kidneybeans,kidneybeans,0.990000000000,0.990000000000,kidneybeans|pigeonpeas|apple,kidneybeans|pigeonpeas|apple,False,0.980000000000,0.980000000000,0.000000000000,0
24,1591,apple,rainfall,relative,0.000000000000,116.743131900000,116.743131900000,False,apple,apple,0.980000000000,0.980000000000,apple|grapes|banana,apple|grapes|banana,False,0.960000000000,0.960000000000,0.000000000000,0
25,2003,jute,rainfall,relative,0.000000000000,175.608669700000,175.608669700000,False,jute,jute,0.980000000000,0.980000000000,jute|rice|watermelon,jute|rice|watermelon,False,0.970000000000,0.970000000000,0.000000000000,0
26,505,mothbeans,rainfall,relative,0.000000000000,71.626669600000,71.626669600000,False,mothbeans,mothbeans,0.890000000000,0.890000000000,mothbeans|blackgram|pigeonpeas,mothbeans|blackgram|pigeonpeas,False,0.840000000000,0.840000000000,0.000000000000,0
27,1342,watermelon,rainfall,relative,0.000000000000,42.106815160000,42.106815160000,False,watermelon,watermelon,1.000000000000,1.000000000000,watermelon|apple|banana,watermelon|apple|banana,False,1.000000000000,1.000000000000,0.000000000000,0
28,0,rice,rainfall,relative,0.000000000000,202.935536200000,202.935536200000,False,rice,rice,0.900000000000,0.900000000000,rice|jute|apple,rice|jute|apple,False,0.800000000000,0.800000000000,0.000000000000,0
29,2106,coffee,rainfall,relative,0.000000000000,164.497187500000,164.497187500000,False,coffee,coffee,1.000000000000,1.000000000000,coffee|apple|banana,coffee|apple|banana,False,1.000000000000,1.000000000000,0.000000000000,0
30,1102,mango,rainfall,relative,0.000000000000,95.851183260000,95.851183260000,False,mango,mango,0.920000000000,0.920000000000,mango|coconut|coffee,mango|coconut|coffee,False,0.900000000000,0.900000000000,0.000000000000,0
31,2086,jute,rainfall,relative,0.000000000000,152.980169700000,152.980169700000,False,jute,jute,0.930000000000,0.930000000000,jute|rice|banana,jute|rice|banana,False,0.870000000000,0.870000000000,0.000000000000,0
32,1036,banana,rainfall,relative,0.000000000000,112.979480400000,112.979480400000,False,banana,banana,1.000000000000,1.000000000000,banana|apple|blackgram,banana|apple|blackgram,False,1.000000000000,1.000000000000,0.000000000000,0
33,2167,coffee,rainfall,relative,0.000000000000,175.372331400000,175.372331400000,False,coffee,coffee,1.000000000000,1.000000000000,coffee|apple|banana,coffee|apple|banana,False,1.000000000000,1.000000000000,0.000000000000,0
34,2050,jute,rainfall,relative,0.000000000000,168.043228200000,168.043228200000,False,jute,jute,0.990000000000,0.990000000000,jute|rice|apple,jute|rice|apple,False,0.980000000000,0.980000000000,0.000000000000,0
35,737,blackgram,rainfall,relative,0.000000000000,73.586639680000,73.586639680000,False,blackgram,blackgram,0.910000000000,0.910000000000,blackgram|maize|lentil,blackgram|maize|lentil,False,0.830000000000,0.830000000000,0.000000000000,0
36,1298,grapes,rainfall,relative,0.000000000000,66.596448800000,66.596448800000,False,grapes,grapes,1.000000000000,1.000000000000,grapes|apple|banana,grapes|apple|banana,False,1.000000000000,1.000000000000,0.000000000000,0
37,1200,grapes,rainfall,relative,0.000000000000,67.125344920000,67.125344920000,False,grapes,grapes,1.000000000000,1.000000000000,grapes|apple|banana,grapes|apple|banana,False,1.000000000000,1.000000000000,0.000000000000,0
38,731,blackgram,rainfall,relative,0.000000000000,69.244640960000,69.244640960000,False,blackgram,blackgram,0.990000000000,0.990000000000,blackgram|mothbeans|apple,blackgram|mothbeans|apple,False,0.980000000000,0.980000000000,0.000000000000,0
39,2042,jute,rainfall,relative,0.000000000000,196.469984000000,196.469984000000,False,jute,jute,0.930000000000,0.930000000000,jute|rice|papaya,jute|rice|papaya,False,0.890000000000,0.890000000000,0.000000000000,0
40,1829,coconut,rainfall,relative,0.000000000000,149.243349700000,149.243349700000,False,coconut,coconut,1.000000000000,1.000000000000,coconut|apple|banana,coconut|apple|banana,False,1.000000000000,1.000000000000,0.000000000000,0
41,1716,papaya,rainfall,relative,0.000000000000,77.715668830000,77.715668830000,False,papaya,papaya,0.990000000000,0.990000000000,papaya|grapes|apple,papaya|grapes|apple,False,0.980000000000,0.980000000000,0.000000000000,0
42,1156,mango,rainfall,relative,0.000000000000,96.598164970000,96.598164970000,False,mango,mango,1.000000000000,1.000000000000,mango|apple|banana,mango|apple|banana,False,1.000000000000,1.000000000000,0.000000000000,0
43,185,maize,rainfall,relative,0.000000000000,62.491908120000,62.491908120000,False,maize,maize,0.970000000000,0.970000000000,maize|mothbeans|coffee,maize|mothbeans|coffee,False,0.950000000000,0.950000000000,0.000000000000,0
44,861,lentil,rainfall,relative,0.000000000000,42.895090570000,42.895090570000,False,lentil,lentil,0.980000000000,0.980000000000,lentil|blackgram|apple,lentil|blackgram|apple,False,0.960000000000,0.960000000000,0.000000000000,0
45,2022,jute,rainfall,relative,0.000000000000,173.101709700000,173.101709700000,False,jute,jute,0.940000000000,0.940000000000,jute|rice|watermelon,jute|rice|watermelon,False,0.890000000000,0.890000000000,0.000000000000,0
46,1973,cotton,rainfall,relative,0.000000000000,99.753361970000,99.753361970000,False,cotton,cotton,0.960000000000,0.960000000000,cotton|maize|banana,cotton|maize|banana,False,0.940000000000,0.940000000000,0.000000000000,0
47,850,lentil,rainfall,relative,0.000000000000,44.236292850000,44.236292850000,False,lentil,lentil,0.900000000000,0.900000000000,lentil|mothbeans|blackgram,lentil|mothbeans|blackgram,False,0.840000000000,0.840000000000,0.000000000000,0
48,203,chickpea,rainfall,relative,0.000000000000,88.510489830000,88.510489830000,False,chickpea,chickpea,1.000000000000,1.000000000000,chickpea|apple|banana,chickpea|apple|banana,False,1.000000000000,1.000000000000,0.000000000000,0
49,696,mungbean,rainfall,relative,0.000000000000,43.257267520000,43.257267520000,False,mungbean,mungbean,1.000000000000,1.000000000000,mungbean|apple|banana,mungbean|apple|banana,False,1.000000000000,1.000000000000,0.000000000000,0
50,1737,papaya,rainfall,relative,0.000000000000,207.073511900000,207.073511900000,False,papaya,papaya,0.930000000000,0.930000000000,papaya|rice|apple,papaya|rice|apple,False,0.860000000000,0.860000000000,0.000000000000,0
51,961,pomegranate,rainfall,relative,0.000000000000,103.029593800000,103.029593800000,False,pomegranate,pomegranate,0.990000000000,0.990000000000,pomegranate|orange|apple,pomegranate|orange|apple,False,0.980000000000,0.980000000000,0.000000000000,0
52,405,pigeonpeas,rainfall,relative,0.000000000000,149.299952000000,149.299952000000,False,pigeonpeas,pigeonpeas,0.920000000000,0.920000000000,pigeonpeas|mango|coconut,pigeonpeas|mango|coconut,False,0.850000000000,0.850000000000,0.000000000000,0
53,1392,watermelon,rainfall,relative,0.000000000000,54.499600570000,54.499600570000,False,watermelon,watermelon,1.000000000000,1.000000000000,watermelon|apple|banana,watermelon|apple|banana,False,1.000000000000,1.000000000000,0.000000000000,0
54,1158,mango,rainfall,relative,0.000000000000,97.551555370000,97.551555370000,False,mango,mango,0.980000000000,0.980000000000,mango|mothbeans|orange,mango|mothbeans|orange,False,0.970000000000,0.970000000000,0.000000000000,0
55,768,blackgram,rainfall,relative,0.000000000000,73.404527160000,73.404527160000,False,blackgram,blackgram,0.680000000000,0.680000000000,blackgram|mothbeans|lentil,blackgram|mothbeans|lentil,False,0.440000000000,0.440000000000,0.000000000000,0
56,1763,papaya,rainfall,relative,0.000000000000,75.952950000000,75.952950000000,False,papaya,papaya,0.990000000000,0.990000000000,papaya|banana|apple,papaya|banana|apple,False,0.980000000000,0.980000000000,0.000000000000,0
57,1798,papaya,rainfall,relative,0.000000000000,188.518142200000,188.518142200000,False,papaya,papaya,1.000000000000,1.000000000000,papaya|apple|banana,papaya|apple|banana,False,1.000000000000,1.000000000000,0.000000000000,0
58,2173,coffee,rainfall,relative,0.000000000000,163.626949600000,163.626949600000,False,coffee,coffee,0.980000000000,0.980000000000,coffee|coconut|apple,coffee|coconut|apple,False,0.960000000000,0.960000000000,0.000000000000,0
59,825,lentil,rainfall,relative,0.000000000000,47.896452240000,47.896452240000,False,lentil,lentil,0.990000000000,0.990000000000,lentil|blackgram|apple,lentil|blackgram|apple,False,0.980000000000,0.980000000000,0.000000000000,0
60,813,lentil,rainfall,relative,0.000000000000,49.023668030000,49.023668030000,False,lentil,lentil,0.820000000000,0.820000000000,lentil|mothbeans|blackgram,lentil|mothbeans|blackgram,False,0.710000000000,0.710000000000,0.000000000000,0
61,539,mothbeans,rainfall,relative,0.000000000000,55.053805000000,55.053805000000,False,mothbeans,mothbeans,0.960000000000,0.960000000000,mothbeans|lentil|pigeonpeas,mothbeans|lentil|pigeonpeas,False,0.930000000000,0.930000000000,0.000000000000,0
62,2157,coffee,rainfall,relative,0.000000000000,122.407341800000,122.407341800000,False,coffee,coffee,1.000000000000,1.000000000000,coffee|apple|banana,coffee|apple|banana,False,1.000000000000,1.000000000000,0.000000000000,0
63,1032,banana,rainfall,relative,0.000000000000,119.218154000000,119.218154000000,False,banana,banana,0.970000000000,0.970000000000,banana|jute|apple,banana|jute|apple,False,0.940000000000,0.940000000000,0.000000000000,0
64,1707,papaya,rainfall,relative,0.000000000000,191.776056200000,191.776056200000,False,papaya,papaya,0.930000000000,0.930000000000,papaya|pomegranate|pigeonpeas,papaya|pomegranate|pigeonpeas,False,0.900000000000,0.900000000000,0.000000000000,0
65,54,rice,rainfall,relative,0.000000000000,286.508372500000,286.508372500000,False,rice,rice,0.980000000000,0.980000000000,rice|jute|apple,rice|jute|apple,False,0.960000000000,0.960000000000,0.000000000000,0
66,1630,orange,rainfall,relative,0.000000000000,113.330210500000,113.330210500000,False,orange,orange,0.980000000000,0.980000000000,orange|mango|pomegranate,orange|mango|pomegranate,False,0.970000000000,0.970000000000,0.000000000000,0
67,1818,coconut,rainfall,relative,0.000000000000,218.005571300000,218.005571300000,False,coconut,coconut,1.000000000000,1.000000000000,coconut|apple|banana,coconut|apple|banana,False,1.000000000000,1.000000000000,0.000000000000,0
69,920,pomegranate,rainfall,relative,0.000000000000,111.663158200000,111.663158200000,False,pomegranate,pomegranate,0.970000000000,0.970000000000,pomegranate|orange|apple,pomegranate|orange|apple,False,0.940000000000,0.940000000000,0.000000000000,0
70,1033,banana,rainfall,relative,0.000000000000,102.463377500000,102.463377500000,False,banana,banana,1.000000000000,1.000000000000,banana|apple|blackgram,banana|apple|blackgram,False,1.000000000000,1.000000000000,0.000000000000,0
71,1458,muskmelon,rainfall,relative,0.000000000000,28.752260670000,28.752260670000,False,muskmelon,muskmelon,1.000000000000,1.000000000000,muskmelon|apple|banana,muskmelon|apple|banana,False,1.000000000000,1.000000000000,0.000000000000,0
72,1369,watermelon,rainfall,relative,0.000000000000,49.523206890000,49.523206890000,False,watermelon,watermelon,1.000000000000,1.000000000000,watermelon|apple|banana,watermelon|apple|banana,False,1.000000000000,1.000000000000,0.000000000000,0
73,859,lentil,rainfall,relative,0.000000000000,48.281374820000,48.281374820000,False,lentil,lentil,1.000000000000,1.000000000000,lentil|apple|banana,lentil|apple|banana,False,1.000000000000,1.000000000000,0.000000000000,0
75,1854,coconut,rainfall,relative,0.000000000000,199.877840300000,199.877840300000,False,coconut,coconut,1.000000000000,1.000000000000,coconut|apple|banana,coconut|apple|banana,False,1.000000000000,1.000000000000,0.000000000000,0
76,575,mothbeans,rainfall,relative,0.000000000000,36.012030250000,36.012030250000,False,mothbeans,mothbeans,0.900000000000,0.900000000000,mothbeans|lentil|mungbean,mothbeans|lentil|mungbean,False,0.820000000000,0.820000000000,0.000000000000,0
77,606,mungbean,rainfall,relative,0.000000000000,56.482651930000,56.482651930000,False,mungbean,mungbean,0.980000000000,0.980000000000,mungbean|blackgram|apple,mungbean|blackgram|apple,False,0.960000000000,0.960000000000,0.000000000000,0
78,614,mungbean,rainfall,relative,0.000000000000,37.546027190000,37.546027190000,False,mungbean,mungbean,0.970000000000,0.970000000000,mungbean|mothbeans|orange,mungbean|mothbeans|orange,False,0.950000000000,0.950000000000,0.000000000000,0
80,2182,coffee,rainfall,relative,0.000000000000,126.807398400000,126.807398400000,False,coffee,coffee,0.990000000000,0.990000000000,coffee|coconut|apple,coffee|coconut|apple,False,0.980000000000,0.980000000000,0.000000000000,0
82,1473,muskmelon,rainfall,relative,0.000000000000,26.883725720000,26.883725720000,False,muskmelon,muskmelon,1.000000000000,1.000000000000,muskmelon|apple|banana,muskmelon|apple|banana,False,1.000000000000,1.000000000000,0.000000000000,0
83,303,kidneybeans,rainfall,relative,0.000000000000,140.371781500000,140.371781500000,False,kidneybeans,kidneybeans,0.950000000000,0.950000000000,kidneybeans|chickpea|pigeonpeas,kidneybeans|chickpea|pigeonpeas,False,0.910000000000,0.910000000000,0.000000000000,0
85,937,pomegranate,rainfall,relative,0.000000000000,103.879934700000,103.879934700000,False,pomegranate,pomegranate,0.910000000000,0.910000000000,pomegranate|papaya|orange,pomegranate|papaya|orange,False,0.870000000000,0.870000000000,0.000000000000,0
86,1697,orange,rainfall,relative,0.000000000000,113.999514600000,113.999514600000,False,orange,orange,0.980000000000,0.980000000000,orange|mango|pomegranate,orange|mango|pomegranate,False,0.970000000000,0.970000000000,0.000000000000,0
87,1987,cotton,rainfall,relative,0.000000000000,69.311535660000,69.311535660000,False,cotton,cotton,1.000000000000,1.000000000000,cotton|apple|banana,cotton|apple|banana,False,1.000000000000,1.000000000000,0.000000000000,0
88,1851,coconut,rainfall,relative,0.000000000000,162.843273600000,162.843273600000,False,coconut,coconut,0.990000000000,0.990000000000,coconut|coffee|apple,coconut|coffee|apple,False,0.980000000000,0.980000000000,0.000000000000,0
91,613,mungbean,rainfall,relative,0.000000000000,45.910113910000,45.910113910000,False,mungbean,mungbean,1.000000000000,1.000000000000,mungbean|apple|banana,mungbean|apple|banana,False,1.000000000000,1.000000000000,0.000000000000,0
93,1960,cotton,rainfall,relative,0.000000000000,83.465325470000,83.465325470000,False,cotton,cotton,1.000000000000,1.000000000000,cotton|apple|banana,cotton|apple|banana,False,1.000000000000,1.000000000000,0.000000000000,0
95,1225,grapes,rainfall,relative,0.000000000000,68.668133630000,68.668133630000,False,grapes,grapes,1.000000000000,1.000000000000,grapes|apple|banana,grapes|apple|banana,False,1.000000000000,1.000000000000,0.000000000000,0
96,1988,cotton,rainfall,relative,0.000000000000,77.034212490000,77.034212490000,False,cotton,cotton,1.000000000000,1.000000000000,cotton|apple|banana,cotton|apple|banana,False,1.000000000000,1.000000000000,0.000000000000,0
97,227,chickpea,rainfall,relative,0.000000000000,94.709920370000,94.709920370000,False,chickpea,chickpea,0.940000000000,0.940000000000,chickpea|kidneybeans|coffee,chickpea|kidneybeans|coffee,False,0.910000000000,0.910000000000,0.000000000000,0
100,1499,muskmelon,rainfall,relative,0.000000000000,24.745819800000,24.745819800000,False,muskmelon,muskmelon,1.000000000000,1.000000000000,muskmelon|apple|banana,muskmelon|apple|banana,False,1.000000000000,1.000000000000,0.000000000000,0
101,989,pomegranate,rainfall,relative,0.000000000000,103.601211400000,103.601211400000,False,pomegranate,pomegranate,0.990000000000,0.990000000000,pomegranate|orange|apple,pomegranate|orange|apple,False,0.980000000000,0.980000000000,0.000000000000,0
103,497,pigeonpeas,rainfall,relative,0.000000000000,186.922605200000,186.922605200000,False,pigeonpeas,pigeonpeas,0.980000000000,0.980000000000,pigeonpeas|blackgram|papaya,pigeonpeas|blackgram|papaya,False,0.970000000000,0.970000000000,0.000000000000,0
104,472,pigeonpeas,rainfall,relative,0.000000000000,139.871004100000,139.871004100000,False,pigeonpeas,pigeonpeas,0.940000000000,0.940000000000,pigeonpeas|lentil|mothbeans,pigeonpeas|lentil|mothbeans,False,0.900000000000,0.900000000000,0.000000000000,0
106,323,kidneybeans,rainfall,relative,0.000000000000,121.940136900000,121.940136900000,False,kidneybeans,kidneybeans,0.990000000000,0.990000000000,kidneybeans|chickpea|apple,kidneybeans|chickpea|apple,False,0.980000000000,0.980000000000,0.000000000000,0
108,44,rice,rainfall,relative,0.000000000000,265.535593700000,265.535593700000,False,rice,rice,0.900000000000,0.900000000000,rice|jute|papaya,rice|jute|papaya,False,0.830000000000,0.830000000000,0.000000000000,0
109,84,rice,rainfall,relative,0.000000000000,220.115670800000,220.115670800000,False,rice,rice,1.000000000000,1.000000000000,rice|apple|banana,rice|apple|banana,False,1.000000000000,1.000000000000,0.000000000000,0
110,1551,apple,rainfall,relative,0.000000000000,107.986894900000,107.986894900000,False,apple,apple,1.000000000000,1.000000000000,apple|banana|blackgram,apple|banana|blackgram,False,1.000000000000,1.000000000000,0.000000000000,0
111,647,mungbean,rainfall,relative,0.000000000000,55.037239790000,55.037239790000,False,mungbean,mungbean,1.000000000000,1.000000000000,mungbean|apple|banana,mungbean|apple|banana,False,1.000000000000,1.000000000000,0.000000000000,0
115,1456,muskmelon,rainfall,relative,0.000000000000,28.947669490000,28.947669490000,False,muskmelon,muskmelon,1.000000000000,1.000000000000,muskmelon|apple|banana,muskmelon|apple|banana,False,1.000000000000,1.000000000000,0.000000000000,0
121,250,chickpea,rainfall,relative,0.000000000000,80.250646370000,80.250646370000,False,chickpea,chickpea,1.000000000000,1.000000000000,chickpea|apple|banana,chickpea|apple|banana,False,1.000000000000,1.000000000000,0.000000000000,0
122,199,maize,rainfall,relative,0.000000000000,98.737713380000,98.737713380000,False,maize,maize,0.940000000000,0.940000000000,maize|coffee|blackgram,maize|coffee|blackgram,False,0.920000000000,0.920000000000,0.000000000000,0
124,110,maize,rainfall,relative,0.000000000000,94.297128210000,94.297128210000,False,maize,maize,0.970000000000,0.970000000000,maize|cotton|mungbean,maize|cotton|mungbean,False,0.960000000000,0.960000000000,0.000000000000,0
128,1859,coconut,rainfall,relative,0.000000000000,222.803013000000,222.803013000000,False,coconut,coconut,1.000000000000,1.000000000000,coconut|apple|banana,coconut|apple|banana,False,1.000000000000,1.000000000000,0.000000000000,0
131,226,chickpea,rainfall,relative,0.000000000000,74.874455740000,74.874455740000,False,chickpea,chickpea,0.920000000000,0.920000000000,chickpea|kidneybeans|apple,chickpea|kidneybeans|apple,False,0.840000000000,0.840000000000,0.000000000000,0
136,1552,apple,rainfall,relative,0.000000000000,111.776339500000,111.776339500000,False,apple,apple,1.000000000000,1.000000000000,apple|banana|blackgram,apple|banana|blackgram,False,1.000000000000,1.000000000000,0.000000000000,0
148,461,pigeonpeas,rainfall,relative,0.000000000000,148.250278600000,148.250278600000,False,pigeonpeas,pigeonpeas,0.990000000000,0.990000000000,pigeonpeas|lentil|apple,pigeonpeas|lentil|apple,False,0.980000000000,0.980000000000,0.000000000000,0
156,474,pigeonpeas,rainfall,relative,0.000000000000,137.227966200000,137.227966200000,False,pigeonpeas,pigeonpeas,0.970000000000,0.970000000000,pigeonpeas|coffee|kidneybeans,pigeonpeas|coffee|kidneybeans,False,0.960000000000,0.960000000000,0.000000000000,0
157,1419,muskmelon,rainfall,relative,0.000000000000,29.110259400000,29.110259400000,False,muskmelon,muskmelon,1.000000000000,1.000000000000,muskmelon|apple|banana,muskmelon|apple|banana,False,1.000000000000,1.000000000000,0.000000000000,0
164,305,kidneybeans,rainfall,relative,0.000000000000,143.098417100000,143.098417100000,False,kidneybeans,kidneybeans,0.990000000000,0.990000000000,kidneybeans|pigeonpeas|apple,kidneybeans|pigeonpeas|apple,False,0.980000000000,0.980000000000,0.000000000000,0
189,361,kidneybeans,rainfall,relative,0.000000000000,104.625215300000,104.625215300000,False,kidneybeans,kidneybeans,1.000000000000,1.000000000000,kidneybeans|apple|banana,kidneybeans|apple|banana,False,1.000000000000,1.000000000000,0.000000000000,0
0,1609,orange,rainfall,relative,0.050000000000,102.695870300000,107.830663815000,False,orange,orange,0.970000000000,0.980000000000,orange|pomegranate|apple,orange|pomegranate|apple,False,0.940000000000,0.960000000000,0.010000000000,0
1,1072,banana,rainfall,relative,0.050000000000,91.064933530000,95.618180206500,False,banana,banana,0.930000000000,0.930000000000,banana|papaya|cotton,banana|papaya|cotton,False,0.890000000000,0.890000000000,0.000000000000,0
2,1912,cotton,rainfall,relative,0.050000000000,69.915634670000,73.411416403500,False,cotton,cotton,1.000000000000,1.000000000000,cotton|apple|banana,cotton|apple|banana,False,1.000000000000,1.000000000000,0.000000000000,0
3,100,maize,rainfall,relative,0.050000000000,87.759538570000,92.147515498500,False,maize,maize,0.990000000000,0.990000000000,maize|mothbeans|apple,maize|mothbeans|apple,False,0.980000000000,0.980000000000,0.000000000000,0
4,1645,orange,rainfall,relative,0.050000000000,115.978798900000,121.777738845000,False,orange,orange,0.990000000000,0.930000000000,orange|pomegranate|apple,orange|coconut|coffee,False,0.980000000000,0.890000000000,0.060000000000,0
5,221,chickpea,rainfall,relative,0.050000000000,85.749048980000,90.036501429000,False,chickpea,chickpea,1.000000000000,1.000000000000,chickpea|apple|banana,chickpea|apple|banana,False,1.000000000000,1.000000000000,0.000000000000,0
6,28,rice,rainfall,relative,0.050000000000,240.081064700000,252.085117935000,False,rice,rice,0.990000000000,0.990000000000,rice|jute|apple,rice|jute|apple,False,0.980000000000,0.980000000000,0.000000000000,0
7,701,blackgram,rainfall,relative,0.050000000000,67.150963760000,70.508511948000,False,blackgram,blackgram,0.970000000000,0.970000000000,blackgram|lentil|apple,blackgram|lentil|apple,False,0.940000000000,0.940000000000,0.000000000000,0
8,1097,banana,rainfall,relative,0.050000000000,94.379874960000,99.098868708000,False,banana,banana,1.000000000000,1.000000000000,banana|apple|blackgram,banana|apple|blackgram,False,1.000000000000,1.000000000000,0.000000000000,0
9,1638,orange,rainfall,relative,0.050000000000,112.983436100000,118.632607905000,False,orange,orange,1.000000000000,1.000000000000,orange|apple|banana,orange|apple|banana,False,1.000000000000,1.000000000000,0.000000000000,0
10,1391,watermelon,rainfall,relative,0.050000000000,42.006602510000,44.106932635500,False,watermelon,watermelon,1.000000000000,1.000000000000,watermelon|apple|banana,watermelon|apple|banana,False,1.000000000000,1.000000000000,0.000000000000,0
11,901,pomegranate,rainfall,relative,0.050000000000,108.045892600000,113.448187230000,False,pomegranate,pomegranate,1.000000000000,0.880000000000,pomegranate|apple|banana,pomegranate|orange|coffee,False,1.000000000000,0.770000000000,0.120000000000,0
12,1386,watermelon,rainfall,relative,0.050000000000,54.387484950000,57.106859197500,False,watermelon,watermelon,1.000000000000,1.000000000000,watermelon|apple|banana,watermelon|apple|banana,False,1.000000000000,1.000000000000,0.000000000000,0
13,171,maize,rainfall,relative,0.050000000000,95.713884730000,100.499578966500,False,maize,maize,1.000000000000,1.000000000000,maize|apple|banana,maize|apple|banana,False,1.000000000000,1.000000000000,0.000000000000,0
14,544,mothbeans,rainfall,relative,0.050000000000,64.161676990000,67.369760839500,False,mothbeans,mothbeans,0.810000000000,0.810000000000,mothbeans|blackgram|pigeonpeas,mothbeans|blackgram|maize,False,0.740000000000,0.740000000000,0.000000000000,0
15,1264,grapes,rainfall,relative,0.050000000000,65.800060040000,69.090063042000,False,grapes,grapes,1.000000000000,1.000000000000,grapes|apple|banana,grapes|apple|banana,False,1.000000000000,1.000000000000,0.000000000000,0
16,1220,grapes,rainfall,relative,0.050000000000,72.242308040000,75.854423442000,False,grapes,grapes,1.000000000000,0.960000000000,grapes|apple|banana,grapes|apple|chickpea,False,1.000000000000,0.940000000000,0.040000000000,0
17,1154,mango,rainfall,relative,0.050000000000,95.234442870000,99.996165013500,False,mango,mango,1.000000000000,1.000000000000,mango|apple|banana,mango|apple|banana,False,1.000000000000,1.000000000000,0.000000000000,0
18,1131,mango,rainfall,relative,0.050000000000,92.997394150000,97.647263857500,False,mango,mango,0.980000000000,0.980000000000,mango|mothbeans|papaya,mango|mothbeans|papaya,False,0.970000000000,0.970000000000,0.000000000000,0
19,1514,apple,rainfall,relative,0.050000000000,104.229802800000,109.441292940000,False,apple,apple,1.000000000000,1.000000000000,apple|banana|blackgram,apple|banana|blackgram,False,1.000000000000,1.000000000000,0.000000000000,0
20,795,blackgram,rainfall,relative,0.050000000000,64.895174880000,68.139933624000,False,blackgram,blackgram,0.990000000000,0.990000000000,blackgram|lentil|apple,blackgram|lentil|apple,False,0.980000000000,0.980000000000,0.000000000000,0
21,1502,apple,rainfall,relative,0.050000000000,116.039658700000,121.841641635000,False,apple,apple,1.000000000000,1.000000000000,apple|banana|blackgram,apple|banana|blackgram,False,1.000000000000,1.000000000000,0.000000000000,0
22,585,mothbeans,rainfall,relative,0.050000000000,50.197826900000,52.707718245000,False,mothbeans,mothbeans,0.790000000000,0.780000000000,mothbeans|lentil|blackgram,mothbeans|lentil|blackgram,False,0.610000000000,0.590000000000,0.010000000000,0
23,387,kidneybeans,rainfall,relative,0.050000000000,115.199245000000,120.959207250000,False,kidneybeans,kidneybeans,0.990000000000,0.990000000000,kidneybeans|pigeonpeas|apple,kidneybeans|pigeonpeas|apple,False,0.980000000000,0.980000000000,0.000000000000,0
24,1591,apple,rainfall,relative,0.050000000000,116.743131900000,122.580288495000,False,apple,apple,0.980000000000,0.970000000000,apple|grapes|banana,apple|grapes|pigeonpeas,False,0.960000000000,0.950000000000,0.010000000000,0
25,2003,jute,rainfall,relative,0.050000000000,175.608669700000,184.389103185000,False,jute,jute,0.980000000000,0.820000000000,jute|rice|watermelon,jute|rice|watermelon,False,0.970000000000,0.650000000000,0.160000000000,0
26,505,mothbeans,rainfall,relative,0.050000000000,71.626669600000,75.208003080000,False,mothbeans,mothbeans,0.890000000000,0.750000000000,mothbeans|blackgram|pigeonpeas,mothbeans|pigeonpeas|mango,False,0.840000000000,0.630000000000,0.140000000000,0
27,1342,watermelon,rainfall,relative,0.050000000000,42.106815160000,44.212155918000,False,watermelon,watermelon,1.000000000000,1.000000000000,watermelon|apple|banana,watermelon|apple|banana,False,1.000000000000,1.000000000000,0.000000000000,0
28,0,rice,rainfall,relative,0.050000000000,202.935536200000,213.082313010000,False,rice,rice,0.900000000000,0.940000000000,rice|jute|apple,rice|jute|apple,False,0.800000000000,0.880000000000,0.040000000000,0
29,2106,coffee,rainfall,relative,0.050000000000,164.497187500000,172.722046875000,False,coffee,coffee,1.000000000000,1.000000000000,coffee|apple|banana,coffee|apple|banana,False,1.000000000000,1.000000000000,0.000000000000,0
30,1102,mango,rainfall,relative,0.050000000000,95.851183260000,100.643742423000,False,mango,mango,0.920000000000,0.900000000000,mango|coconut|coffee,mango|coconut|coffee,False,0.900000000000,0.870000000000,0.020000000000,0
31,2086,jute,rainfall,relative,0.050000000000,152.980169700000,160.629178185000,False,jute,jute,0.930000000000,0.930000000000,jute|rice|banana,jute|rice|banana,False,0.870000000000,0.870000000000,0.000000000000,0
32,1036,banana,rainfall,relative,0.050000000000,112.979480400000,118.628454420000,False,banana,banana,1.000000000000,1.000000000000,banana|apple|blackgram,banana|apple|blackgram,False,1.000000000000,1.000000000000,0.000000000000,0
33,2167,coffee,rainfall,relative,0.050000000000,175.372331400000,184.140947970000,False,coffee,coffee,1.000000000000,1.000000000000,coffee|apple|banana,coffee|apple|banana,False,1.000000000000,1.000000000000,0.000000000000,0
34,2050,jute,rainfall,relative,0.050000000000,168.043228200000,176.445389610000,False,jute,jute,0.990000000000,0.990000000000,jute|rice|apple,jute|rice|apple,False,0.980000000000,0.980000000000,0.000000000000,0
35,737,blackgram,rainfall,relative,0.050000000000,73.586639680000,77.265971664000,False,blackgram,blackgram,0.910000000000,0.720000000000,blackgram|maize|lentil,blackgram|maize|pigeonpeas,False,0.830000000000,0.570000000000,0.190000000000,0
36,1298,grapes,rainfall,relative,0.050000000000,66.596448800000,69.926271240000,False,grapes,grapes,1.000000000000,1.000000000000,grapes|apple|banana,grapes|apple|banana,False,1.000000000000,1.000000000000,0.000000000000,0
37,1200,grapes,rainfall,relative,0.050000000000,67.125344920000,70.481612166000,False,grapes,grapes,1.000000000000,1.000000000000,grapes|apple|banana,grapes|apple|banana,False,1.000000000000,1.000000000000,0.000000000000,0
38,731,blackgram,rainfall,relative,0.050000000000,69.244640960000,72.706873008000,False,blackgram,blackgram,0.990000000000,0.980000000000,blackgram|mothbeans|apple,blackgram|mothbeans|apple,False,0.980000000000,0.960000000000,0.010000000000,0
39,2042,jute,rainfall,relative,0.050000000000,196.469984000000,206.293483200000,False,jute,jute,0.930000000000,0.500000000000,jute|rice|papaya,jute|rice|papaya,False,0.890000000000,0.040000000000,0.430000000000,0
40,1829,coconut,rainfall,relative,0.050000000000,149.243349700000,156.705517185000,False,coconut,coconut,1.000000000000,1.000000000000,coconut|apple|banana,coconut|apple|banana,False,1.000000000000,1.000000000000,0.000000000000,0
41,1716,papaya,rainfall,relative,0.050000000000,77.715668830000,81.601452271500,False,papaya,papaya,0.990000000000,0.990000000000,papaya|grapes|apple,papaya|grapes|apple,False,0.980000000000,0.980000000000,0.000000000000,0
42,1156,mango,rainfall,relative,0.050000000000,96.598164970000,101.428073218500,False,mango,mango,1.000000000000,0.870000000000,mango|apple|banana,mango|pomegranate|pigeonpeas,False,1.000000000000,0.810000000000,0.130000000000,0
43,185,maize,rainfall,relative,0.050000000000,62.491908120000,65.616503526000,False,maize,maize,0.970000000000,0.970000000000,maize|mothbeans|coffee,maize|mothbeans|coffee,False,0.950000000000,0.950000000000,0.000000000000,0
44,861,lentil,rainfall,relative,0.050000000000,42.895090570000,45.039845098500,False,lentil,lentil,0.980000000000,0.980000000000,lentil|blackgram|apple,lentil|blackgram|apple,False,0.960000000000,0.960000000000,0.000000000000,0
45,2022,jute,rainfall,relative,0.050000000000,173.101709700000,181.756795185000,False,jute,jute,0.940000000000,0.930000000000,jute|rice|watermelon,jute|rice|watermelon,False,0.890000000000,0.870000000000,0.010000000000,0
46,1973,cotton,rainfall,relative,0.050000000000,99.753361970000,104.741030068500,False,cotton,cotton,0.960000000000,0.880000000000,cotton|maize|banana,cotton|maize|banana,False,0.940000000000,0.830000000000,0.080000000000,0
47,850,lentil,rainfall,relative,0.050000000000,44.236292850000,46.448107492500,False,lentil,lentil,0.900000000000,0.920000000000,lentil|mothbeans|blackgram,lentil|mothbeans|blackgram,False,0.840000000000,0.880000000000,0.020000000000,0
48,203,chickpea,rainfall,relative,0.050000000000,88.510489830000,92.936014321500,False,chickpea,chickpea,1.000000000000,1.000000000000,chickpea|apple|banana,chickpea|apple|banana,False,1.000000000000,1.000000000000,0.000000000000,0
49,696,mungbean,rainfall,relative,0.050000000000,43.257267520000,45.420130896000,False,mungbean,mungbean,1.000000000000,1.000000000000,mungbean|apple|banana,mungbean|apple|banana,False,1.000000000000,1.000000000000,0.000000000000,0
50,1737,papaya,rainfall,relative,0.050000000000,207.073511900000,217.427187495000,False,papaya,papaya,0.930000000000,0.930000000000,papaya|rice|apple,papaya|rice|apple,False,0.860000000000,0.860000000000,0.000000000000,0
51,961,pomegranate,rainfall,relative,0.050000000000,103.029593800000,108.181073490000,False,pomegranate,pomegranate,0.990000000000,1.000000000000,pomegranate|orange|apple,pomegranate|apple|banana,False,0.980000000000,1.000000000000,0.010000000000,0
52,405,pigeonpeas,rainfall,relative,0.050000000000,149.299952000000,156.764949600000,False,pigeonpeas,pigeonpeas,0.920000000000,0.920000000000,pigeonpeas|mango|coconut,pigeonpeas|mango|coconut,False,0.850000000000,0.850000000000,0.000000000000,0
53,1392,watermelon,rainfall,relative,0.050000000000,54.499600570000,57.224580598500,False,watermelon,watermelon,1.000000000000,1.000000000000,watermelon|apple|banana,watermelon|apple|banana,False,1.000000000000,1.000000000000,0.000000000000,0
54,1158,mango,rainfall,relative,0.050000000000,97.551555370000,102.429133138500,False,mango,mango,0.980000000000,0.810000000000,mango|mothbeans|orange,mango|pigeonpeas|pomegranate,False,0.970000000000,0.750000000000,0.170000000000,0
55,768,blackgram,rainfall,relative,0.050000000000,73.404527160000,77.074753518000,False,blackgram,blackgram,0.680000000000,0.540000000000,blackgram|mothbeans|lentil,blackgram|pigeonpeas|mothbeans,False,0.440000000000,0.340000000000,0.140000000000,0
56,1763,papaya,rainfall,relative,0.050000000000,75.952950000000,79.750597500000,False,papaya,papaya,0.990000000000,0.990000000000,papaya|banana|apple,papaya|banana|apple,False,0.980000000000,0.980000000000,0.000000000000,0
57,1798,papaya,rainfall,relative,0.050000000000,188.518142200000,197.944049310000,False,papaya,papaya,1.000000000000,1.000000000000,papaya|apple|banana,papaya|apple|banana,False,1.000000000000,1.000000000000,0.000000000000,0
58,2173,coffee,rainfall,relative,0.050000000000,163.626949600000,171.808297080000,False,coffee,coffee,0.980000000000,0.980000000000,coffee|coconut|apple,coffee|coconut|apple,False,0.960000000000,0.960000000000,0.000000000000,0
59,825,lentil,rainfall,relative,0.050000000000,47.896452240000,50.291274852000,False,lentil,lentil,0.990000000000,0.990000000000,lentil|blackgram|apple,lentil|blackgram|apple,False,0.980000000000,0.980000000000,0.000000000000,0
60,813,lentil,rainfall,relative,0.050000000000,49.023668030000,51.474851431500,False,lentil,lentil,0.820000000000,0.820000000000,lentil|mothbeans|blackgram,lentil|mothbeans|blackgram,False,0.710000000000,0.710000000000,0.000000000000,0
61,539,mothbeans,rainfall,relative,0.050000000000,55.053805000000,57.806495250000,False,mothbeans,mothbeans,0.960000000000,0.940000000000,mothbeans|lentil|pigeonpeas,mothbeans|lentil|pigeonpeas,False,0.930000000000,0.910000000000,0.020000000000,0
62,2157,coffee,rainfall,relative,0.050000000000,122.407341800000,128.527708890000,False,coffee,coffee,1.000000000000,1.000000000000,coffee|apple|banana,coffee|apple|banana,False,1.000000000000,1.000000000000,0.000000000000,0
63,1032,banana,rainfall,relative,0.050000000000,119.218154000000,125.179061700000,False,banana,banana,0.970000000000,0.790000000000,banana|jute|apple,banana|jute|papaya,False,0.940000000000,0.630000000000,0.180000000000,0
64,1707,papaya,rainfall,relative,0.050000000000,191.776056200000,201.364859010000,False,papaya,papaya,0.930000000000,0.930000000000,papaya|pomegranate|pigeonpeas,papaya|pomegranate|pigeonpeas,False,0.900000000000,0.900000000000,0.000000000000,0
65,54,rice,rainfall,relative,0.050000000000,286.508372500000,298.560117500000,True,rice,rice,0.980000000000,0.980000000000,rice|jute|apple,rice|jute|apple,False,0.960000000000,0.960000000000,0.000000000000,0
66,1630,orange,rainfall,relative,0.050000000000,113.330210500000,118.996721025000,False,orange,orange,0.980000000000,0.960000000000,orange|mango|pomegranate,orange|papaya|mango,False,0.970000000000,0.940000000000,0.020000000000,0
67,1818,coconut,rainfall,relative,0.050000000000,218.005571300000,228.905849865000,False,coconut,coconut,1.000000000000,0.990000000000,coconut|apple|banana,coconut|papaya|apple,False,1.000000000000,0.980000000000,0.010000000000,0
69,920,pomegranate,rainfall,relative,0.050000000000,111.663158200000,117.246316110000,False,pomegranate,pomegranate,0.970000000000,0.830000000000,pomegranate|orange|apple,pomegranate|orange|coffee,False,0.940000000000,0.690000000000,0.140000000000,0
70,1033,banana,rainfall,relative,0.050000000000,102.463377500000,107.586546375000,False,banana,banana,1.000000000000,1.000000000000,banana|apple|blackgram,banana|apple|blackgram,False,1.000000000000,1.000000000000,0.000000000000,0
71,1458,muskmelon,rainfall,relative,0.050000000000,28.752260670000,30.189873703500,False,muskmelon,muskmelon,1.000000000000,0.850000000000,muskmelon|apple|banana,muskmelon|watermelon|papaya,False,1.000000000000,0.750000000000,0.150000000000,0
72,1369,watermelon,rainfall,relative,0.050000000000,49.523206890000,51.999367234500,False,watermelon,watermelon,1.000000000000,1.000000000000,watermelon|apple|banana,watermelon|apple|banana,False,1.000000000000,1.000000000000,0.000000000000,0
73,859,lentil,rainfall,relative,0.050000000000,48.281374820000,50.695443561000,False,lentil,lentil,1.000000000000,1.000000000000,lentil|apple|banana,lentil|apple|banana,False,1.000000000000,1.000000000000,0.000000000000,0
75,1854,coconut,rainfall,relative,0.050000000000,199.877840300000,209.871732315000,False,coconut,coconut,1.000000000000,1.000000000000,coconut|apple|banana,coconut|apple|banana,False,1.000000000000,1.000000000000,0.000000000000,0
76,575,mothbeans,rainfall,relative,0.050000000000,36.012030250000,37.812631762500,False,mothbeans,mothbeans,0.900000000000,0.870000000000,mothbeans|lentil|mungbean,mothbeans|lentil|mungbean,False,0.820000000000,0.760000000000,0.030000000000,0
77,606,mungbean,rainfall,relative,0.050000000000,56.482651930000,59.306784526500,False,mungbean,mungbean,0.980000000000,0.980000000000,mungbean|blackgram|apple,mungbean|blackgram|apple,False,0.960000000000,0.960000000000,0.000000000000,0
78,614,mungbean,rainfall,relative,0.050000000000,37.546027190000,39.423328549500,False,mungbean,mungbean,0.970000000000,0.980000000000,mungbean|mothbeans|orange,mungbean|mothbeans|orange,False,0.950000000000,0.970000000000,0.010000000000,0
80,2182,coffee,rainfall,relative,0.050000000000,126.807398400000,133.147768320000,False,coffee,coffee,0.990000000000,0.990000000000,coffee|coconut|apple,coffee|coconut|apple,False,0.980000000000,0.980000000000,0.000000000000,0
82,1473,muskmelon,rainfall,relative,0.050000000000,26.883725720000,28.227912006000,False,muskmelon,muskmelon,1.000000000000,1.000000000000,muskmelon|apple|banana,muskmelon|apple|banana,False,1.000000000000,1.000000000000,0.000000000000,0
83,303,kidneybeans,rainfall,relative,0.050000000000,140.371781500000,147.390370575000,False,kidneybeans,kidneybeans,0.950000000000,0.940000000000,kidneybeans|chickpea|pigeonpeas,kidneybeans|chickpea|pigeonpeas,False,0.910000000000,0.900000000000,0.010000000000,0
85,937,pomegranate,rainfall,relative,0.050000000000,103.879934700000,109.073931435000,False,pomegranate,pomegranate,0.910000000000,0.910000000000,pomegranate|papaya|orange,pomegranate|papaya|orange,False,0.870000000000,0.870000000000,0.000000000000,0
86,1697,orange,rainfall,relative,0.050000000000,113.999514600000,119.699490330000,False,orange,orange,0.980000000000,0.960000000000,orange|mango|pomegranate,orange|coconut|papaya,False,0.970000000000,0.940000000000,0.020000000000,0
87,1987,cotton,rainfall,relative,0.050000000000,69.311535660000,72.777112443000,False,cotton,cotton,1.000000000000,1.000000000000,cotton|apple|banana,cotton|apple|banana,False,1.000000000000,1.000000000000,0.000000000000,0
88,1851,coconut,rainfall,relative,0.050000000000,162.843273600000,170.985437280000,False,coconut,coconut,0.990000000000,0.990000000000,coconut|coffee|apple,coconut|coffee|apple,False,0.980000000000,0.980000000000,0.000000000000,0
91,613,mungbean,rainfall,relative,0.050000000000,45.910113910000,48.205619605500,False,mungbean,mungbean,1.000000000000,1.000000000000,mungbean|apple|banana,mungbean|apple|banana,False,1.000000000000,1.000000000000,0.000000000000,0
93,1960,cotton,rainfall,relative,0.050000000000,83.465325470000,87.638591743500,False,cotton,cotton,1.000000000000,1.000000000000,cotton|apple|banana,cotton|apple|banana,False,1.000000000000,1.000000000000,0.000000000000,0
95,1225,grapes,rainfall,relative,0.050000000000,68.668133630000,72.101540311500,False,grapes,grapes,1.000000000000,1.000000000000,grapes|apple|banana,grapes|apple|banana,False,1.000000000000,1.000000000000,0.000000000000,0
96,1988,cotton,rainfall,relative,0.050000000000,77.034212490000,80.885923114500,False,cotton,cotton,1.000000000000,1.000000000000,cotton|apple|banana,cotton|apple|banana,False,1.000000000000,1.000000000000,0.000000000000,0
97,227,chickpea,rainfall,relative,0.050000000000,94.709920370000,99.445416388500,False,chickpea,chickpea,0.940000000000,0.870000000000,chickpea|kidneybeans|coffee,chickpea|kidneybeans|coffee,False,0.910000000000,0.780000000000,0.070000000000,0
100,1499,muskmelon,rainfall,relative,0.050000000000,24.745819800000,25.983110790000,False,muskmelon,muskmelon,1.000000000000,1.000000000000,muskmelon|apple|banana,muskmelon|apple|banana,False,1.000000000000,1.000000000000,0.000000000000,0
101,989,pomegranate,rainfall,relative,0.050000000000,103.601211400000,108.781271970000,False,pomegranate,pomegranate,0.990000000000,1.000000000000,pomegranate|orange|apple,pomegranate|apple|banana,False,0.980000000000,1.000000000000,0.010000000000,0
103,497,pigeonpeas,rainfall,relative,0.050000000000,186.922605200000,196.268735460000,False,pigeonpeas,pigeonpeas,0.980000000000,0.970000000000,pigeonpeas|blackgram|papaya,pigeonpeas|papaya|blackgram,False,0.970000000000,0.950000000000,0.010000000000,0
104,472,pigeonpeas,rainfall,relative,0.050000000000,139.871004100000,146.864554305000,False,pigeonpeas,pigeonpeas,0.940000000000,0.950000000000,pigeonpeas|lentil|mothbeans,pigeonpeas|lentil|mothbeans,False,0.900000000000,0.920000000000,0.010000000000,0
106,323,kidneybeans,rainfall,relative,0.050000000000,121.940136900000,128.037143745000,False,kidneybeans,kidneybeans,0.990000000000,0.990000000000,kidneybeans|chickpea|apple,kidneybeans|chickpea|apple,False,0.980000000000,0.980000000000,0.000000000000,0
108,44,rice,rainfall,relative,0.050000000000,265.535593700000,278.812373385000,False,rice,rice,0.900000000000,0.900000000000,rice|jute|papaya,rice|jute|papaya,False,0.830000000000,0.830000000000,0.000000000000,0
109,84,rice,rainfall,relative,0.050000000000,220.115670800000,231.121454340000,False,rice,rice,1.000000000000,1.000000000000,rice|apple|banana,rice|apple|banana,False,1.000000000000,1.000000000000,0.000000000000,0
110,1551,apple,rainfall,relative,0.050000000000,107.986894900000,113.386239645000,False,apple,apple,1.000000000000,1.000000000000,apple|banana|blackgram,apple|banana|blackgram,False,1.000000000000,1.000000000000,0.000000000000,0
111,647,mungbean,rainfall,relative,0.050000000000,55.037239790000,57.789101779500,False,mungbean,mungbean,1.000000000000,1.000000000000,mungbean|apple|banana,mungbean|apple|banana,False,1.000000000000,1.000000000000,0.000000000000,0
115,1456,muskmelon,rainfall,relative,0.050000000000,28.947669490000,30.395052964500,False,muskmelon,muskmelon,1.000000000000,0.850000000000,muskmelon|apple|banana,muskmelon|watermelon|papaya,False,1.000000000000,0.750000000000,0.150000000000,0
121,250,chickpea,rainfall,relative,0.050000000000,80.250646370000,84.263178688500,False,chickpea,chickpea,1.000000000000,1.000000000000,chickpea|apple|banana,chickpea|apple|banana,False,1.000000000000,1.000000000000,0.000000000000,0
122,199,maize,rainfall,relative,0.050000000000,98.737713380000,103.674599049000,False,maize,maize,0.940000000000,0.940000000000,maize|coffee|blackgram,maize|coffee|blackgram,False,0.920000000000,0.910000000000,0.000000000000,0
124,110,maize,rainfall,relative,0.050000000000,94.297128210000,99.011984620500,False,maize,maize,0.970000000000,0.960000000000,maize|cotton|mungbean,maize|banana|cotton,False,0.960000000000,0.950000000000,0.010000000000,0
128,1859,coconut,rainfall,relative,0.050000000000,222.803013000000,233.943163650000,False,coconut,coconut,1.000000000000,0.990000000000,coconut|apple|banana,coconut|papaya|apple,False,1.000000000000,0.980000000000,0.010000000000,0
131,226,chickpea,rainfall,relative,0.050000000000,74.874455740000,78.618178527000,False,chickpea,chickpea,0.920000000000,0.920000000000,chickpea|kidneybeans|apple,chickpea|kidneybeans|apple,False,0.840000000000,0.840000000000,0.000000000000,0
136,1552,apple,rainfall,relative,0.050000000000,111.776339500000,117.365156475000,False,apple,apple,1.000000000000,1.000000000000,apple|banana|blackgram,apple|banana|blackgram,False,1.000000000000,1.000000000000,0.000000000000,0
148,461,pigeonpeas,rainfall,relative,0.050000000000,148.250278600000,155.662792530000,False,pigeonpeas,pigeonpeas,0.990000000000,0.990000000000,pigeonpeas|lentil|apple,pigeonpeas|lentil|apple,False,0.980000000000,0.980000000000,0.000000000000,0
156,474,pigeonpeas,rainfall,relative,0.050000000000,137.227966200000,144.089364510000,False,pigeonpeas,pigeonpeas,0.970000000000,0.960000000000,pigeonpeas|coffee|kidneybeans,pigeonpeas|kidneybeans|coffee,False,0.960000000000,0.940000000000,0.010000000000,0
157,1419,muskmelon,rainfall,relative,0.050000000000,29.110259400000,30.565772370000,False,muskmelon,muskmelon,1.000000000000,0.820000000000,muskmelon|apple|banana,muskmelon|watermelon|papaya,False,1.000000000000,0.700000000000,0.180000000000,0
164,305,kidneybeans,rainfall,relative,0.050000000000,143.098417100000,150.253337955000,False,kidneybeans,kidneybeans,0.990000000000,0.970000000000,kidneybeans|pigeonpeas|apple,kidneybeans|pigeonpeas|apple,False,0.980000000000,0.940000000000,0.020000000000,0
189,361,kidneybeans,rainfall,relative,0.050000000000,104.625215300000,109.856476065000,False,kidneybeans,kidneybeans,1.000000000000,1.000000000000,kidneybeans|apple|banana,kidneybeans|apple|banana,False,1.000000000000,1.000000000000,0.000000000000,0
0,1609,orange,rainfall,relative,0.100000000000,102.695870300000,112.965457330000,False,orange,orange,0.970000000000,0.990000000000,orange|pomegranate|apple,orange|pomegranate|apple,False,0.940000000000,0.980000000000,0.020000000000,0
1,1072,banana,rainfall,relative,0.100000000000,91.064933530000,100.171426883000,False,banana,banana,0.930000000000,0.950000000000,banana|papaya|cotton,banana|papaya|jute,False,0.890000000000,0.910000000000,0.020000000000,0
2,1912,cotton,rainfall,relative,0.100000000000,69.915634670000,76.907198137000,False,cotton,cotton,1.000000000000,1.000000000000,cotton|apple|banana,cotton|apple|banana,False,1.000000000000,1.000000000000,0.000000000000,0
3,100,maize,rainfall,relative,0.100000000000,87.759538570000,96.535492427000,False,maize,maize,0.990000000000,0.990000000000,maize|mothbeans|apple,maize|mothbeans|apple,False,0.980000000000,0.980000000000,0.000000000000,0
4,1645,orange,rainfall,relative,0.100000000000,115.978798900000,127.576678790000,False,orange,orange,0.990000000000,0.640000000000,orange|pomegranate|apple,orange|coconut|coffee,False,0.980000000000,0.340000000000,0.350000000000,0
5,221,chickpea,rainfall,relative,0.100000000000,85.749048980000,94.323953878000,False,chickpea,chickpea,1.000000000000,0.980000000000,chickpea|apple|banana,chickpea|kidneybeans|rice,False,1.000000000000,0.970000000000,0.020000000000,0
6,28,rice,rainfall,relative,0.100000000000,240.081064700000,264.089171170000,False,rice,rice,0.990000000000,0.990000000000,rice|jute|apple,rice|jute|apple,False,0.980000000000,0.980000000000,0.000000000000,0
7,701,blackgram,rainfall,relative,0.100000000000,67.150963760000,73.866060136000,False,blackgram,blackgram,0.970000000000,0.960000000000,blackgram|lentil|apple,blackgram|lentil|mothbeans,False,0.940000000000,0.930000000000,0.010000000000,0
8,1097,banana,rainfall,relative,0.100000000000,94.379874960000,103.817862456000,False,banana,banana,1.000000000000,1.000000000000,banana|apple|blackgram,banana|apple|blackgram,False,1.000000000000,1.000000000000,0.000000000000,0
9,1638,orange,rainfall,relative,0.100000000000,112.983436100000,124.281779710000,False,orange,orange,1.000000000000,0.910000000000,orange|apple|banana,orange|coconut|coffee,False,1.000000000000,0.840000000000,0.090000000000,0
10,1391,watermelon,rainfall,relative,0.100000000000,42.006602510000,46.207262761000,False,watermelon,watermelon,1.000000000000,1.000000000000,watermelon|apple|banana,watermelon|apple|banana,False,1.000000000000,1.000000000000,0.000000000000,0
11,901,pomegranate,rainfall,relative,0.100000000000,108.045892600000,118.850481860000,False,pomegranate,pomegranate,1.000000000000,0.850000000000,pomegranate|apple|banana,pomegranate|orange|coconut,False,1.000000000000,0.740000000000,0.150000000000,0
12,1386,watermelon,rainfall,relative,0.100000000000,54.387484950000,59.826233445000,False,watermelon,watermelon,1.000000000000,0.970000000000,watermelon|apple|banana,watermelon|banana|coffee,False,1.000000000000,0.950000000000,0.030000000000,0
13,171,maize,rainfall,relative,0.100000000000,95.713884730000,105.285273203000,False,maize,maize,1.000000000000,1.000000000000,maize|apple|banana,maize|apple|banana,False,1.000000000000,1.000000000000,0.000000000000,0
14,544,mothbeans,rainfall,relative,0.100000000000,64.161676990000,70.577844689000,False,mothbeans,mothbeans,0.810000000000,0.800000000000,mothbeans|blackgram|pigeonpeas,mothbeans|blackgram|maize,False,0.740000000000,0.720000000000,0.010000000000,0
15,1264,grapes,rainfall,relative,0.100000000000,65.800060040000,72.380066044000,False,grapes,grapes,1.000000000000,1.000000000000,grapes|apple|banana,grapes|apple|banana,False,1.000000000000,1.000000000000,0.000000000000,0
16,1220,grapes,rainfall,relative,0.100000000000,72.242308040000,79.466538844000,False,grapes,grapes,1.000000000000,0.960000000000,grapes|apple|banana,grapes|apple|chickpea,False,1.000000000000,0.940000000000,0.040000000000,0
17,1154,mango,rainfall,relative,0.100000000000,95.234442870000,104.757887157000,False,mango,mango,1.000000000000,0.800000000000,mango|apple|banana,mango|pigeonpeas|pomegranate,False,1.000000000000,0.740000000000,0.200000000000,0
18,1131,mango,rainfall,relative,0.100000000000,92.997394150000,102.297133565000,False,mango,mango,0.980000000000,0.790000000000,mango|mothbeans|papaya,mango|pomegranate|pigeonpeas,False,0.970000000000,0.720000000000,0.190000000000,0
19,1514,apple,rainfall,relative,0.100000000000,104.229802800000,114.652783080000,False,apple,apple,1.000000000000,1.000000000000,apple|banana|blackgram,apple|banana|blackgram,False,1.000000000000,1.000000000000,0.000000000000,0
20,795,blackgram,rainfall,relative,0.100000000000,64.895174880000,71.384692368000,False,blackgram,blackgram,0.990000000000,0.990000000000,blackgram|lentil|apple,blackgram|lentil|apple,False,0.980000000000,0.980000000000,0.000000000000,0
21,1502,apple,rainfall,relative,0.100000000000,116.039658700000,127.643624570000,False,apple,apple,1.000000000000,0.960000000000,apple|banana|blackgram,apple|papaya|coconut,False,1.000000000000,0.930000000000,0.040000000000,0
22,585,mothbeans,rainfall,relative,0.100000000000,50.197826900000,55.217609590000,False,mothbeans,mothbeans,0.790000000000,0.780000000000,mothbeans|lentil|blackgram,mothbeans|lentil|blackgram,False,0.610000000000,0.600000000000,0.010000000000,0
23,387,kidneybeans,rainfall,relative,0.100000000000,115.199245000000,126.719169500000,False,kidneybeans,kidneybeans,0.990000000000,0.990000000000,kidneybeans|pigeonpeas|apple,kidneybeans|pigeonpeas|apple,False,0.980000000000,0.980000000000,0.000000000000,0
24,1591,apple,rainfall,relative,0.100000000000,116.743131900000,128.417445090000,False,apple,apple,0.980000000000,0.920000000000,apple|grapes|banana,apple|papaya|grapes,False,0.960000000000,0.890000000000,0.060000000000,0
25,2003,jute,rainfall,relative,0.100000000000,175.608669700000,193.169536670000,False,jute,jute,0.980000000000,0.900000000000,jute|rice|watermelon,jute|rice|watermelon,False,0.970000000000,0.810000000000,0.080000000000,0
26,505,mothbeans,rainfall,relative,0.100000000000,71.626669600000,78.789336560000,False,mothbeans,mothbeans,0.890000000000,0.700000000000,mothbeans|blackgram|pigeonpeas,mothbeans|pigeonpeas|mango,False,0.840000000000,0.560000000000,0.190000000000,0
27,1342,watermelon,rainfall,relative,0.100000000000,42.106815160000,46.317496676000,False,watermelon,watermelon,1.000000000000,1.000000000000,watermelon|apple|banana,watermelon|apple|banana,False,1.000000000000,1.000000000000,0.000000000000,0
28,0,rice,rainfall,relative,0.100000000000,202.935536200000,223.229089820000,False,rice,rice,0.900000000000,0.950000000000,rice|jute|apple,rice|jute|apple,False,0.800000000000,0.900000000000,0.050000000000,0
29,2106,coffee,rainfall,relative,0.100000000000,164.497187500000,180.946906250000,False,coffee,coffee,1.000000000000,1.000000000000,coffee|apple|banana,coffee|apple|banana,False,1.000000000000,1.000000000000,0.000000000000,0
30,1102,mango,rainfall,relative,0.100000000000,95.851183260000,105.436301586000,False,mango,mango,0.920000000000,0.720000000000,mango|coconut|coffee,mango|pomegranate|pigeonpeas,False,0.900000000000,0.630000000000,0.200000000000,0
31,2086,jute,rainfall,relative,0.100000000000,152.980169700000,168.278186670000,False,jute,jute,0.930000000000,0.930000000000,jute|rice|banana,jute|rice|banana,False,0.870000000000,0.870000000000,0.000000000000,0
32,1036,banana,rainfall,relative,0.100000000000,112.979480400000,124.277428440000,False,banana,banana,1.000000000000,0.830000000000,banana|apple|blackgram,banana|jute|papaya,False,1.000000000000,0.760000000000,0.170000000000,0
33,2167,coffee,rainfall,relative,0.100000000000,175.372331400000,192.909564540000,False,coffee,coffee,1.000000000000,1.000000000000,coffee|apple|banana,coffee|apple|banana,False,1.000000000000,1.000000000000,0.000000000000,0
34,2050,jute,rainfall,relative,0.100000000000,168.043228200000,184.847551020000,False,jute,jute,0.990000000000,0.960000000000,jute|rice|apple,jute|rice|apple,False,0.980000000000,0.920000000000,0.030000000000,0
35,737,blackgram,rainfall,relative,0.100000000000,73.586639680000,80.945303648000,False,blackgram,blackgram,0.910000000000,0.710000000000,blackgram|maize|lentil,blackgram|maize|pigeonpeas,False,0.830000000000,0.560000000000,0.200000000000,0
36,1298,grapes,rainfall,relative,0.100000000000,66.596448800000,73.256093680000,False,grapes,grapes,1.000000000000,1.000000000000,grapes|apple|banana,grapes|apple|banana,False,1.000000000000,1.000000000000,0.000000000000,0
37,1200,grapes,rainfall,relative,0.100000000000,67.125344920000,73.837879412000,False,grapes,grapes,1.000000000000,1.000000000000,grapes|apple|banana,grapes|apple|banana,False,1.000000000000,1.000000000000,0.000000000000,0
38,731,blackgram,rainfall,relative,0.100000000000,69.244640960000,76.169105056000,False,blackgram,blackgram,0.990000000000,0.790000000000,blackgram|mothbeans|apple,blackgram|pigeonpeas|mothbeans,False,0.980000000000,0.610000000000,0.200000000000,0
39,2042,jute,rainfall,relative,0.100000000000,196.469984000000,216.116982400000,False,jute,jute,0.930000000000,0.480000000000,jute|rice|papaya,jute|rice|papaya,False,0.890000000000,0.000000000000,0.450000000000,0
40,1829,coconut,rainfall,relative,0.100000000000,149.243349700000,164.167684670000,False,coconut,coconut,1.000000000000,1.000000000000,coconut|apple|banana,coconut|apple|banana,False,1.000000000000,1.000000000000,0.000000000000,0
41,1716,papaya,rainfall,relative,0.100000000000,77.715668830000,85.487235713000,False,papaya,papaya,0.990000000000,0.990000000000,papaya|grapes|apple,papaya|grapes|apple,False,0.980000000000,0.980000000000,0.000000000000,0
42,1156,mango,rainfall,relative,0.100000000000,96.598164970000,106.257981467000,False,mango,mango,1.000000000000,0.780000000000,mango|apple|banana,mango|pigeonpeas|pomegranate,False,1.000000000000,0.700000000000,0.220000000000,0
43,185,maize,rainfall,relative,0.100000000000,62.491908120000,68.741098932000,False,maize,maize,0.970000000000,0.990000000000,maize|mothbeans|coffee,maize|coffee|apple,False,0.950000000000,0.980000000000,0.020000000000,0
44,861,lentil,rainfall,relative,0.100000000000,42.895090570000,47.184599627000,False,lentil,lentil,0.980000000000,0.980000000000,lentil|blackgram|apple,lentil|blackgram|apple,False,0.960000000000,0.960000000000,0.000000000000,0
45,2022,jute,rainfall,relative,0.100000000000,173.101709700000,190.411880670000,False,jute,jute,0.940000000000,0.910000000000,jute|rice|watermelon,jute|rice|watermelon,False,0.890000000000,0.830000000000,0.030000000000,0
46,1973,cotton,rainfall,relative,0.100000000000,99.753361970000,109.728698167000,False,cotton,cotton,0.960000000000,0.850000000000,cotton|maize|banana,cotton|maize|banana,False,0.940000000000,0.790000000000,0.110000000000,0
47,850,lentil,rainfall,relative,0.100000000000,44.236292850000,48.659922135000,False,lentil,lentil,0.900000000000,0.920000000000,lentil|mothbeans|blackgram,lentil|mothbeans|blackgram,False,0.840000000000,0.880000000000,0.020000000000,0
48,203,chickpea,rainfall,relative,0.100000000000,88.510489830000,97.361538813000,False,chickpea,chickpea,1.000000000000,0.890000000000,chickpea|apple|banana,chickpea|kidneybeans|rice,False,1.000000000000,0.790000000000,0.110000000000,0
49,696,mungbean,rainfall,relative,0.100000000000,43.257267520000,47.582994272000,False,mungbean,mungbean,1.000000000000,1.000000000000,mungbean|apple|banana,mungbean|apple|banana,False,1.000000000000,1.000000000000,0.000000000000,0
50,1737,papaya,rainfall,relative,0.100000000000,207.073511900000,227.780863090000,False,papaya,papaya,0.930000000000,0.930000000000,papaya|rice|apple,papaya|rice|apple,False,0.860000000000,0.860000000000,0.000000000000,0
51,961,pomegranate,rainfall,relative,0.100000000000,103.029593800000,113.332553180000,False,pomegranate,pomegranate,0.990000000000,0.880000000000,pomegranate|orange|apple,pomegranate|orange|coffee,False,0.980000000000,0.770000000000,0.110000000000,0
52,405,pigeonpeas,rainfall,relative,0.100000000000,149.299952000000,164.229947200000,False,pigeonpeas,pigeonpeas,0.920000000000,0.920000000000,pigeonpeas|mango|coconut,pigeonpeas|mango|coconut,False,0.850000000000,0.850000000000,0.000000000000,0
53,1392,watermelon,rainfall,relative,0.100000000000,54.499600570000,59.949560627000,False,watermelon,watermelon,1.000000000000,0.970000000000,watermelon|apple|banana,watermelon|banana|coffee,False,1.000000000000,0.950000000000,0.030000000000,0
54,1158,mango,rainfall,relative,0.100000000000,97.551555370000,107.306710907000,False,mango,mango,0.980000000000,0.790000000000,mango|mothbeans|orange,mango|pigeonpeas|pomegranate,False,0.970000000000,0.730000000000,0.190000000000,0
55,768,blackgram,rainfall,relative,0.100000000000,73.404527160000,80.744979876000,False,blackgram,blackgram,0.680000000000,0.530000000000,blackgram|mothbeans|lentil,blackgram|pigeonpeas|mothbeans,False,0.440000000000,0.320000000000,0.150000000000,0
56,1763,papaya,rainfall,relative,0.100000000000,75.952950000000,83.548245000000,False,papaya,papaya,0.990000000000,0.990000000000,papaya|banana|apple,papaya|banana|apple,False,0.980000000000,0.980000000000,0.000000000000,0
57,1798,papaya,rainfall,relative,0.100000000000,188.518142200000,207.369956420000,False,papaya,papaya,1.000000000000,1.000000000000,papaya|apple|banana,papaya|apple|banana,False,1.000000000000,1.000000000000,0.000000000000,0
58,2173,coffee,rainfall,relative,0.100000000000,163.626949600000,179.989644560000,False,coffee,coffee,0.980000000000,0.980000000000,coffee|coconut|apple,coffee|coconut|apple,False,0.960000000000,0.960000000000,0.000000000000,0
59,825,lentil,rainfall,relative,0.100000000000,47.896452240000,52.686097464000,False,lentil,lentil,0.990000000000,0.980000000000,lentil|blackgram|apple,lentil|blackgram|mothbeans,False,0.980000000000,0.970000000000,0.010000000000,0
60,813,lentil,rainfall,relative,0.100000000000,49.023668030000,53.926034833000,False,lentil,lentil,0.820000000000,0.810000000000,lentil|mothbeans|blackgram,lentil|mothbeans|blackgram,False,0.710000000000,0.700000000000,0.010000000000,0
61,539,mothbeans,rainfall,relative,0.100000000000,55.053805000000,60.559185500000,False,mothbeans,mothbeans,0.960000000000,0.920000000000,mothbeans|lentil|pigeonpeas,mothbeans|pigeonpeas|blackgram,False,0.930000000000,0.880000000000,0.040000000000,0
62,2157,coffee,rainfall,relative,0.100000000000,122.407341800000,134.648075980000,False,coffee,coffee,1.000000000000,1.000000000000,coffee|apple|banana,coffee|apple|banana,False,1.000000000000,1.000000000000,0.000000000000,0
63,1032,banana,rainfall,relative,0.100000000000,119.218154000000,131.139969400000,False,banana,banana,0.970000000000,0.760000000000,banana|jute|apple,banana|jute|papaya,False,0.940000000000,0.570000000000,0.210000000000,0
64,1707,papaya,rainfall,relative,0.100000000000,191.776056200000,210.953661820000,False,papaya,papaya,0.930000000000,0.930000000000,papaya|pomegranate|pigeonpeas,papaya|pomegranate|pigeonpeas,False,0.900000000000,0.900000000000,0.000000000000,0
65,54,rice,rainfall,relative,0.100000000000,286.508372500000,298.560117500000,True,rice,rice,0.980000000000,0.980000000000,rice|jute|apple,rice|jute|apple,False,0.960000000000,0.960000000000,0.000000000000,0
66,1630,orange,rainfall,relative,0.100000000000,113.330210500000,124.663231550000,False,orange,orange,0.980000000000,0.840000000000,orange|mango|pomegranate,orange|coconut|papaya,False,0.970000000000,0.760000000000,0.140000000000,0
67,1818,coconut,rainfall,relative,0.100000000000,218.005571300000,239.806128430000,False,coconut,coconut,1.000000000000,0.990000000000,coconut|apple|banana,coconut|papaya|apple,False,1.000000000000,0.980000000000,0.010000000000,0
69,920,pomegranate,rainfall,relative,0.100000000000,111.663158200000,122.829474020000,False,pomegranate,pomegranate,0.970000000000,0.700000000000,pomegranate|orange|apple,pomegranate|orange|coconut,False,0.940000000000,0.580000000000,0.270000000000,0
70,1033,banana,rainfall,relative,0.100000000000,102.463377500000,112.709715250000,False,banana,banana,1.000000000000,1.000000000000,banana|apple|blackgram,banana|apple|blackgram,False,1.000000000000,1.000000000000,0.000000000000,0
71,1458,muskmelon,rainfall,relative,0.100000000000,28.752260670000,31.627486737000,False,muskmelon,muskmelon,1.000000000000,0.750000000000,muskmelon|apple|banana,muskmelon|watermelon|papaya,False,1.000000000000,0.570000000000,0.250000000000,0
72,1369,watermelon,rainfall,relative,0.100000000000,49.523206890000,54.475527579000,False,watermelon,watermelon,1.000000000000,1.000000000000,watermelon|apple|banana,watermelon|apple|banana,False,1.000000000000,1.000000000000,0.000000000000,0
73,859,lentil,rainfall,relative,0.100000000000,48.281374820000,53.109512302000,False,lentil,lentil,1.000000000000,0.980000000000,lentil|apple|banana,lentil|blackgram|mothbeans,False,1.000000000000,0.970000000000,0.020000000000,0
75,1854,coconut,rainfall,relative,0.100000000000,199.877840300000,219.865624330000,False,coconut,coconut,1.000000000000,1.000000000000,coconut|apple|banana,coconut|apple|banana,False,1.000000000000,1.000000000000,0.000000000000,0
76,575,mothbeans,rainfall,relative,0.100000000000,36.012030250000,39.613233275000,False,mothbeans,mothbeans,0.900000000000,0.870000000000,mothbeans|lentil|mungbean,mothbeans|lentil|mungbean,False,0.820000000000,0.760000000000,0.030000000000,0
77,606,mungbean,rainfall,relative,0.100000000000,56.482651930000,62.130917123000,False,mungbean,mungbean,0.980000000000,0.490000000000,mungbean|blackgram|apple,mungbean|blackgram|papaya,False,0.960000000000,0.270000000000,0.490000000000,0
78,614,mungbean,rainfall,relative,0.100000000000,37.546027190000,41.300629909000,False,mungbean,mungbean,0.970000000000,0.980000000000,mungbean|mothbeans|orange,mungbean|mothbeans|orange,False,0.950000000000,0.970000000000,0.010000000000,0
80,2182,coffee,rainfall,relative,0.100000000000,126.807398400000,139.488138240000,False,coffee,coffee,0.990000000000,0.990000000000,coffee|coconut|apple,coffee|coconut|apple,False,0.980000000000,0.980000000000,0.000000000000,0
82,1473,muskmelon,rainfall,relative,0.100000000000,26.883725720000,29.572098292000,False,muskmelon,muskmelon,1.000000000000,1.000000000000,muskmelon|apple|banana,muskmelon|apple|banana,False,1.000000000000,1.000000000000,0.000000000000,0
83,303,kidneybeans,rainfall,relative,0.100000000000,140.371781500000,154.408959650000,False,kidneybeans,kidneybeans,0.950000000000,0.920000000000,kidneybeans|chickpea|pigeonpeas,kidneybeans|chickpea|pigeonpeas,False,0.910000000000,0.880000000000,0.030000000000,0
85,937,pomegranate,rainfall,relative,0.100000000000,103.879934700000,114.267928170000,False,pomegranate,pomegranate,0.910000000000,0.700000000000,pomegranate|papaya|orange,pomegranate|orange|papaya,False,0.870000000000,0.500000000000,0.210000000000,0
86,1697,orange,rainfall,relative,0.100000000000,113.999514600000,125.399466060000,False,orange,orange,0.980000000000,0.710000000000,orange|mango|pomegranate,orange|coconut|papaya,False,0.970000000000,0.460000000000,0.270000000000,0
87,1987,cotton,rainfall,relative,0.100000000000,69.311535660000,76.242689226000,False,cotton,cotton,1.000000000000,1.000000000000,cotton|apple|banana,cotton|apple|banana,False,1.000000000000,1.000000000000,0.000000000000,0
88,1851,coconut,rainfall,relative,0.100000000000,162.843273600000,179.127600960000,False,coconut,coconut,0.990000000000,0.990000000000,coconut|coffee|apple,coconut|coffee|apple,False,0.980000000000,0.980000000000,0.000000000000,0
91,613,mungbean,rainfall,relative,0.100000000000,45.910113910000,50.501125301000,False,mungbean,mungbean,1.000000000000,1.000000000000,mungbean|apple|banana,mungbean|apple|banana,False,1.000000000000,1.000000000000,0.000000000000,0
93,1960,cotton,rainfall,relative,0.100000000000,83.465325470000,91.811858017000,False,cotton,cotton,1.000000000000,0.990000000000,cotton|apple|banana,cotton|banana|apple,False,1.000000000000,0.980000000000,0.010000000000,0
95,1225,grapes,rainfall,relative,0.100000000000,68.668133630000,75.534946993000,False,grapes,grapes,1.000000000000,0.960000000000,grapes|apple|banana,grapes|apple|chickpea,False,1.000000000000,0.940000000000,0.040000000000,0
96,1988,cotton,rainfall,relative,0.100000000000,77.034212490000,84.737633739000,False,cotton,cotton,1.000000000000,1.000000000000,cotton|apple|banana,cotton|apple|banana,False,1.000000000000,1.000000000000,0.000000000000,0
97,227,chickpea,rainfall,relative,0.100000000000,94.709920370000,104.180912407000,False,chickpea,chickpea,0.940000000000,0.830000000000,chickpea|kidneybeans|coffee,chickpea|kidneybeans|coffee,False,0.910000000000,0.720000000000,0.110000000000,0
100,1499,muskmelon,rainfall,relative,0.100000000000,24.745819800000,27.220401780000,False,muskmelon,muskmelon,1.000000000000,1.000000000000,muskmelon|apple|banana,muskmelon|apple|banana,False,1.000000000000,1.000000000000,0.000000000000,0
101,989,pomegranate,rainfall,relative,0.100000000000,103.601211400000,113.961332540000,False,pomegranate,pomegranate,0.990000000000,0.780000000000,pomegranate|orange|apple,pomegranate|orange|coffee,False,0.980000000000,0.610000000000,0.210000000000,0
103,497,pigeonpeas,rainfall,relative,0.100000000000,186.922605200000,205.614865720000,False,pigeonpeas,pigeonpeas,0.980000000000,0.960000000000,pigeonpeas|blackgram|papaya,pigeonpeas|papaya|blackgram,False,0.970000000000,0.930000000000,0.020000000000,0
104,472,pigeonpeas,rainfall,relative,0.100000000000,139.871004100000,153.858104510000,False,pigeonpeas,pigeonpeas,0.940000000000,0.950000000000,pigeonpeas|lentil|mothbeans,pigeonpeas|lentil|mothbeans,False,0.900000000000,0.920000000000,0.010000000000,0
106,323,kidneybeans,rainfall,relative,0.100000000000,121.940136900000,134.134150590000,False,kidneybeans,kidneybeans,0.990000000000,0.990000000000,kidneybeans|chickpea|apple,kidneybeans|chickpea|apple,False,0.980000000000,0.980000000000,0.000000000000,0
108,44,rice,rainfall,relative,0.100000000000,265.535593700000,292.089153070000,False,rice,rice,0.900000000000,0.900000000000,rice|jute|papaya,rice|jute|papaya,False,0.830000000000,0.830000000000,0.000000000000,0
109,84,rice,rainfall,relative,0.100000000000,220.115670800000,242.127237880000,False,rice,rice,1.000000000000,1.000000000000,rice|apple|banana,rice|apple|banana,False,1.000000000000,1.000000000000,0.000000000000,0
110,1551,apple,rainfall,relative,0.100000000000,107.986894900000,118.785584390000,False,apple,apple,1.000000000000,1.000000000000,apple|banana|blackgram,apple|banana|blackgram,False,1.000000000000,1.000000000000,0.000000000000,0
111,647,mungbean,rainfall,relative,0.100000000000,55.037239790000,60.540963769000,False,mungbean,mungbean,1.000000000000,0.610000000000,mungbean|apple|banana,mungbean|blackgram|mothbeans,False,1.000000000000,0.520000000000,0.390000000000,0
115,1456,muskmelon,rainfall,relative,0.100000000000,28.947669490000,31.842436439000,False,muskmelon,muskmelon,1.000000000000,0.750000000000,muskmelon|apple|banana,muskmelon|watermelon|papaya,False,1.000000000000,0.570000000000,0.250000000000,0
121,250,chickpea,rainfall,relative,0.100000000000,80.250646370000,88.275711007000,False,chickpea,chickpea,1.000000000000,1.000000000000,chickpea|apple|banana,chickpea|apple|banana,False,1.000000000000,1.000000000000,0.000000000000,0
122,199,maize,rainfall,relative,0.100000000000,98.737713380000,108.611484718000,False,maize,maize,0.940000000000,0.940000000000,maize|coffee|blackgram,maize|coffee|blackgram,False,0.920000000000,0.910000000000,0.000000000000,0
124,110,maize,rainfall,relative,0.100000000000,94.297128210000,103.726841031000,False,maize,maize,0.970000000000,0.940000000000,maize|cotton|mungbean,maize|rice|banana,False,0.960000000000,0.920000000000,0.030000000000,0
128,1859,coconut,rainfall,relative,0.100000000000,222.803013000000,245.083314300000,False,coconut,coconut,1.000000000000,0.990000000000,coconut|apple|banana,coconut|papaya|apple,False,1.000000000000,0.980000000000,0.010000000000,0
131,226,chickpea,rainfall,relative,0.100000000000,74.874455740000,82.361901314000,False,chickpea,chickpea,0.920000000000,0.920000000000,chickpea|kidneybeans|apple,chickpea|kidneybeans|apple,False,0.840000000000,0.840000000000,0.000000000000,0
136,1552,apple,rainfall,relative,0.100000000000,111.776339500000,122.953973450000,False,apple,apple,1.000000000000,1.000000000000,apple|banana|blackgram,apple|banana|blackgram,False,1.000000000000,1.000000000000,0.000000000000,0
148,461,pigeonpeas,rainfall,relative,0.100000000000,148.250278600000,163.075306460000,False,pigeonpeas,pigeonpeas,0.990000000000,0.990000000000,pigeonpeas|lentil|apple,pigeonpeas|lentil|apple,False,0.980000000000,0.980000000000,0.000000000000,0
156,474,pigeonpeas,rainfall,relative,0.100000000000,137.227966200000,150.950762820000,False,pigeonpeas,pigeonpeas,0.970000000000,0.970000000000,pigeonpeas|coffee|kidneybeans,pigeonpeas|coffee|kidneybeans,False,0.960000000000,0.960000000000,0.000000000000,0
157,1419,muskmelon,rainfall,relative,0.100000000000,29.110259400000,32.021285340000,False,muskmelon,muskmelon,1.000000000000,0.750000000000,muskmelon|apple|banana,muskmelon|watermelon|papaya,False,1.000000000000,0.580000000000,0.250000000000,0
164,305,kidneybeans,rainfall,relative,0.100000000000,143.098417100000,157.408258810000,False,kidneybeans,kidneybeans,0.990000000000,0.960000000000,kidneybeans|pigeonpeas|apple,kidneybeans|pigeonpeas|apple,False,0.980000000000,0.920000000000,0.030000000000,0
189,361,kidneybeans,rainfall,relative,0.100000000000,104.625215300000,115.087736830000,False,kidneybeans,kidneybeans,1.000000000000,1.000000000000,kidneybeans|apple|banana,kidneybeans|apple|banana,False,1.000000000000,1.000000000000,0.000000000000,0
